ID,0,1
Time,2026-Apr-16 14:13:58,2026-Apr-16 14:13:59
API Call ID,644,650
Estimated Speedup [%],89.32,88.77
Runtime Improvement [us],683.15,700.32
Issues Detected [issue],18,18
Function Name,f3s_naive_baseline_kernel,f3s_naive_baseline_kernel
Mangled Name,_Z25f3s_naive_baseline_kernelPKfS0_S0_PfPKiS3_ii,_Z25f3s_naive_baseline_kernelPKfS0_S0_PfPKiS3_ii
Demangled Name,f3s_naive_baseline_kernel..,f3s_naive_baseline_kernel..
Original Demangled Name,"f3s_naive_baseline_kernel(const float *, const float *, const float *, float *, const int *, const int *, int, int)","f3s_naive_baseline_kernel(const float *, const float *, const float *, float *, const int *, const int *, int, int)"
Process,[1052] test_baselines.exe,[1052] test_baselines.exe
Thread ID [thread],31688,31688
Device Name,NVIDIA GeForce RTX 4050 Laptop GPU,NVIDIA GeForce RTX 4050 Laptop GPU
CUprogram,0x19bbeaf44a0,0x19bbeaf44a0
CUfunction,0x19bbe903650,0x19bbe903650
Grid Offset,"    0,    0,    0","    0,    0,    0"
Grid Size,"   13,    1,    1","   13,    1,    1"
Block Size [block],"  256,    1,    1","  256,    1,    1"
Grid Dimensions,3,3
Result Type,Kernel: SIMT,Kernel: SIMT
gpc__cycles_elapsed.max [cycle],"16,29,036","16,80,287"
gpu__time_duration.sum [us],764.86,788.90
sm__throughput.avg.pct_of_peak_sustained_elapsed [%],4.05,3.93
gpu__compute_memory_throughput.avg.pct_of_peak_sustained_elapsed [%],9.25,9.10
FBSP.TriageSCG.dramc__read_throughput.avg.pct_of_peak_sustained_elapsed [%],{1346},{1355}
FBSP.TriageSCG.dramc__throughput.avg.pct_of_peak_sustained_elapsed [%],{1346},{1355}
FBSP.TriageSCG.dramc__write_throughput.avg.pct_of_peak_sustained_elapsed [%],{1346},{1355}
FE_B.TriageAC.gr__ctas_launched_queue_sync.avg [block],13 {1291},13 {1434}
FE_B.TriageAC.gr__ctas_launched_queue_sync.sum.per_cycle_elapsed [block/cycle],0.01 {1346},0.01 {1355}
LTS.TriageSCG.lts__average_t_sector_hit_rate_realtime.pct [%],{1352},{1889}
LTS.TriageSCG.lts__throughput.avg.pct_of_peak_sustained_elapsed [%],{1352},{1889}
SM_A.TriageAC.l1tex__data_pipe_lsu_wavefronts.avg.pct_of_peak_sustained_elapsed [%],4.90 {1352},4.00 {1889}
SM_A.TriageAC.l1tex__lsu_writeback_active.avg.pct_of_peak_sustained_elapsed [%],1.43 {1352},1.52 {1889}
SM_A.TriageAC.sm__cycles_active.avg.per_cycle_elapsed,317.89 {1352},363.57 {1889}
SM_A.TriageAC.sm__inst_executed_realtime.avg.per_cycle_active [inst/cycle],157.65 {1352},209.59 {1889}
SM_A.TriageAC.sm__inst_executed_realtime.avg.per_cycle_elapsed [inst/cycle],92.39 {1352},127.63 {1889}
SM_A.TriageSCG.l1tex__throughput.avg.pct_of_peak_sustained_elapsed [%],{1352},{1889}
SM_A.TriageSCG.sm__inst_executed_pipe_alu_realtime.avg.pct_of_peak_sustained_elapsed [%],1.13 {1346},1.09 {1355}
SM_B.TriageAC.l1tex__t_sector_hit_rate.pct [%],{1352},{1889}
SM_C.TriageSCG.smsp__inst_executed_pipe_fmaheavy.avg.pct_of_peak_sustained_elapsed [%],0.44 {1346},0.43 {1355}
SM_C.TriageSCG.smsp__inst_executed_pipe_fmalite.avg.pct_of_peak_sustained_elapsed [%],0.14 {1346},0.14 {1355}
TriageAC.tpc__warps_active_realtime.avg.per_cycle_elapsed [warp],"1,479.02 {1346}","1,423.47 {1355}"
TriageAC.tpc__warps_active_realtime.sum.per_cycle_elapsed [warp],"29,580.47 {1346}","28,469.38 {1355}"
breakdown:gpu__compute_memory_throughput.avg.pct_of_peak_sustained_elapsed,"dram__cycles_active.avg.pct_of_peak_sustained_elapsed,fbpa__dram_sectors.avg.pct_of_peak_sustained_elapsed,gpu__compute_memory_access_throughput_internal_activity.avg.pct_of_peak_sustained_elapsed,gpu__compute_memory_request_throughput_internal_activity.avg.pct_of_peak_sustained_elapsed,l1tex__data_bank_reads.avg.pct_of_peak_sustained_elapsed,l1tex__data_bank_writes.avg.pct_of_peak_sustained_elapsed,l1tex__data_pipe_lsu_wavefronts.avg.pct_of_peak_sustained_elapsed,l1tex__data_pipe_tex_wavefronts.avg.pct_of_peak_sustained_elapsed,l1tex__f_wavefronts.avg.pct_of_peak_sustained_elapsed,l1tex__lsu_writeback_active.avg.pct_of_peak_sustained_elapsed,l1tex__lsuin_requests.avg.pct_of_peak_sustained_elapsed,l1tex__m_l1tex2xbar_req_cycles_active.avg.pct_of_peak_sustained_elapsed,l1tex__m_xbar2l1tex_read_sectors.avg.pct_of_peak_sustained_elapsed,l1tex__tex_writeback_active.avg.pct_of_peak_sustained_elapsed,l1tex__texin_sm2tex_req_cycles_active.avg.pct_of_peak_sustained_elapsed,lts__d_atomic_input_cycles_active.avg.pct_of_peak_sustained_elapsed,lts__d_sectors.avg.pct_of_peak_sustained_elapsed,lts__d_sectors_fill_device.avg.pct_of_peak_sustained_elapsed,lts__d_sectors_fill_sysmem.avg.pct_of_peak_sustained_elapsed,lts__lts2xbar_cycles_active.avg.pct_of_peak_sustained_elapsed,lts__t_sectors.avg.pct_of_peak_sustained_elapsed,lts__t_tag_requests.avg.pct_of_peak_sustained_elapsed,lts__xbar2lts_cycles_active.avg.pct_of_peak_sustained_elapsed","dram__cycles_active.avg.pct_of_peak_sustained_elapsed,fbpa__dram_sectors.avg.pct_of_peak_sustained_elapsed,gpu__compute_memory_access_throughput_internal_activity.avg.pct_of_peak_sustained_elapsed,gpu__compute_memory_request_throughput_internal_activity.avg.pct_of_peak_sustained_elapsed,l1tex__data_bank_reads.avg.pct_of_peak_sustained_elapsed,l1tex__data_bank_writes.avg.pct_of_peak_sustained_elapsed,l1tex__data_pipe_lsu_wavefronts.avg.pct_of_peak_sustained_elapsed,l1tex__data_pipe_tex_wavefronts.avg.pct_of_peak_sustained_elapsed,l1tex__f_wavefronts.avg.pct_of_peak_sustained_elapsed,l1tex__lsu_writeback_active.avg.pct_of_peak_sustained_elapsed,l1tex__lsuin_requests.avg.pct_of_peak_sustained_elapsed,l1tex__m_l1tex2xbar_req_cycles_active.avg.pct_of_peak_sustained_elapsed,l1tex__m_xbar2l1tex_read_sectors.avg.pct_of_peak_sustained_elapsed,l1tex__tex_writeback_active.avg.pct_of_peak_sustained_elapsed,l1tex__texin_sm2tex_req_cycles_active.avg.pct_of_peak_sustained_elapsed,lts__d_atomic_input_cycles_active.avg.pct_of_peak_sustained_elapsed,lts__d_sectors.avg.pct_of_peak_sustained_elapsed,lts__d_sectors_fill_device.avg.pct_of_peak_sustained_elapsed,lts__d_sectors_fill_sysmem.avg.pct_of_peak_sustained_elapsed,lts__lts2xbar_cycles_active.avg.pct_of_peak_sustained_elapsed,lts__t_sectors.avg.pct_of_peak_sustained_elapsed,lts__t_tag_requests.avg.pct_of_peak_sustained_elapsed,lts__xbar2lts_cycles_active.avg.pct_of_peak_sustained_elapsed"
breakdown:gpu__compute_memory_throughput.max.pct_of_peak_sustained_elapsed,"dram__cycles_active.max.pct_of_peak_sustained_elapsed,fbpa__dram_sectors.max.pct_of_peak_sustained_elapsed,gpu__compute_memory_access_throughput_internal_activity.max.pct_of_peak_sustained_elapsed,gpu__compute_memory_request_throughput_internal_activity.max.pct_of_peak_sustained_elapsed,l1tex__data_bank_reads.max.pct_of_peak_sustained_elapsed,l1tex__data_bank_writes.max.pct_of_peak_sustained_elapsed,l1tex__data_pipe_lsu_wavefronts.max.pct_of_peak_sustained_elapsed,l1tex__data_pipe_tex_wavefronts.max.pct_of_peak_sustained_elapsed,l1tex__f_wavefronts.max.pct_of_peak_sustained_elapsed,l1tex__lsu_writeback_active.max.pct_of_peak_sustained_elapsed,l1tex__lsuin_requests.max.pct_of_peak_sustained_elapsed,l1tex__m_l1tex2xbar_req_cycles_active.max.pct_of_peak_sustained_elapsed,l1tex__m_xbar2l1tex_read_sectors.max.pct_of_peak_sustained_elapsed,l1tex__tex_writeback_active.max.pct_of_peak_sustained_elapsed,l1tex__texin_sm2tex_req_cycles_active.max.pct_of_peak_sustained_elapsed,lts__d_atomic_input_cycles_active.max.pct_of_peak_sustained_elapsed,lts__d_sectors.max.pct_of_peak_sustained_elapsed,lts__d_sectors_fill_device.max.pct_of_peak_sustained_elapsed,lts__d_sectors_fill_sysmem.max.pct_of_peak_sustained_elapsed,lts__lts2xbar_cycles_active.max.pct_of_peak_sustained_elapsed,lts__t_sectors.max.pct_of_peak_sustained_elapsed,lts__t_tag_requests.max.pct_of_peak_sustained_elapsed,lts__xbar2lts_cycles_active.max.pct_of_peak_sustained_elapsed","dram__cycles_active.max.pct_of_peak_sustained_elapsed,fbpa__dram_sectors.max.pct_of_peak_sustained_elapsed,gpu__compute_memory_access_throughput_internal_activity.max.pct_of_peak_sustained_elapsed,gpu__compute_memory_request_throughput_internal_activity.max.pct_of_peak_sustained_elapsed,l1tex__data_bank_reads.max.pct_of_peak_sustained_elapsed,l1tex__data_bank_writes.max.pct_of_peak_sustained_elapsed,l1tex__data_pipe_lsu_wavefronts.max.pct_of_peak_sustained_elapsed,l1tex__data_pipe_tex_wavefronts.max.pct_of_peak_sustained_elapsed,l1tex__f_wavefronts.max.pct_of_peak_sustained_elapsed,l1tex__lsu_writeback_active.max.pct_of_peak_sustained_elapsed,l1tex__lsuin_requests.max.pct_of_peak_sustained_elapsed,l1tex__m_l1tex2xbar_req_cycles_active.max.pct_of_peak_sustained_elapsed,l1tex__m_xbar2l1tex_read_sectors.max.pct_of_peak_sustained_elapsed,l1tex__tex_writeback_active.max.pct_of_peak_sustained_elapsed,l1tex__texin_sm2tex_req_cycles_active.max.pct_of_peak_sustained_elapsed,lts__d_atomic_input_cycles_active.max.pct_of_peak_sustained_elapsed,lts__d_sectors.max.pct_of_peak_sustained_elapsed,lts__d_sectors_fill_device.max.pct_of_peak_sustained_elapsed,lts__d_sectors_fill_sysmem.max.pct_of_peak_sustained_elapsed,lts__lts2xbar_cycles_active.max.pct_of_peak_sustained_elapsed,lts__t_sectors.max.pct_of_peak_sustained_elapsed,lts__t_tag_requests.max.pct_of_peak_sustained_elapsed,lts__xbar2lts_cycles_active.max.pct_of_peak_sustained_elapsed"
breakdown:gpu__compute_memory_throughput.min.pct_of_peak_sustained_elapsed,"dram__cycles_active.min.pct_of_peak_sustained_elapsed,fbpa__dram_sectors.min.pct_of_peak_sustained_elapsed,gpu__compute_memory_access_throughput_internal_activity.min.pct_of_peak_sustained_elapsed,gpu__compute_memory_request_throughput_internal_activity.min.pct_of_peak_sustained_elapsed,l1tex__data_bank_reads.min.pct_of_peak_sustained_elapsed,l1tex__data_bank_writes.min.pct_of_peak_sustained_elapsed,l1tex__data_pipe_lsu_wavefronts.min.pct_of_peak_sustained_elapsed,l1tex__data_pipe_tex_wavefronts.min.pct_of_peak_sustained_elapsed,l1tex__f_wavefronts.min.pct_of_peak_sustained_elapsed,l1tex__lsu_writeback_active.min.pct_of_peak_sustained_elapsed,l1tex__lsuin_requests.min.pct_of_peak_sustained_elapsed,l1tex__m_l1tex2xbar_req_cycles_active.min.pct_of_peak_sustained_elapsed,l1tex__m_xbar2l1tex_read_sectors.min.pct_of_peak_sustained_elapsed,l1tex__tex_writeback_active.min.pct_of_peak_sustained_elapsed,l1tex__texin_sm2tex_req_cycles_active.min.pct_of_peak_sustained_elapsed,lts__d_atomic_input_cycles_active.min.pct_of_peak_sustained_elapsed,lts__d_sectors.min.pct_of_peak_sustained_elapsed,lts__d_sectors_fill_device.min.pct_of_peak_sustained_elapsed,lts__d_sectors_fill_sysmem.min.pct_of_peak_sustained_elapsed,lts__lts2xbar_cycles_active.min.pct_of_peak_sustained_elapsed,lts__t_sectors.min.pct_of_peak_sustained_elapsed,lts__t_tag_requests.min.pct_of_peak_sustained_elapsed,lts__xbar2lts_cycles_active.min.pct_of_peak_sustained_elapsed","dram__cycles_active.min.pct_of_peak_sustained_elapsed,fbpa__dram_sectors.min.pct_of_peak_sustained_elapsed,gpu__compute_memory_access_throughput_internal_activity.min.pct_of_peak_sustained_elapsed,gpu__compute_memory_request_throughput_internal_activity.min.pct_of_peak_sustained_elapsed,l1tex__data_bank_reads.min.pct_of_peak_sustained_elapsed,l1tex__data_bank_writes.min.pct_of_peak_sustained_elapsed,l1tex__data_pipe_lsu_wavefronts.min.pct_of_peak_sustained_elapsed,l1tex__data_pipe_tex_wavefronts.min.pct_of_peak_sustained_elapsed,l1tex__f_wavefronts.min.pct_of_peak_sustained_elapsed,l1tex__lsu_writeback_active.min.pct_of_peak_sustained_elapsed,l1tex__lsuin_requests.min.pct_of_peak_sustained_elapsed,l1tex__m_l1tex2xbar_req_cycles_active.min.pct_of_peak_sustained_elapsed,l1tex__m_xbar2l1tex_read_sectors.min.pct_of_peak_sustained_elapsed,l1tex__tex_writeback_active.min.pct_of_peak_sustained_elapsed,l1tex__texin_sm2tex_req_cycles_active.min.pct_of_peak_sustained_elapsed,lts__d_atomic_input_cycles_active.min.pct_of_peak_sustained_elapsed,lts__d_sectors.min.pct_of_peak_sustained_elapsed,lts__d_sectors_fill_device.min.pct_of_peak_sustained_elapsed,lts__d_sectors_fill_sysmem.min.pct_of_peak_sustained_elapsed,lts__lts2xbar_cycles_active.min.pct_of_peak_sustained_elapsed,lts__t_sectors.min.pct_of_peak_sustained_elapsed,lts__t_tag_requests.min.pct_of_peak_sustained_elapsed,lts__xbar2lts_cycles_active.min.pct_of_peak_sustained_elapsed"
breakdown:gpu__compute_memory_throughput.sum.pct_of_peak_sustained_elapsed,"dram__cycles_active.sum.pct_of_peak_sustained_elapsed,fbpa__dram_sectors.sum.pct_of_peak_sustained_elapsed,gpu__compute_memory_access_throughput_internal_activity.sum.pct_of_peak_sustained_elapsed,gpu__compute_memory_request_throughput_internal_activity.sum.pct_of_peak_sustained_elapsed,l1tex__data_bank_reads.sum.pct_of_peak_sustained_elapsed,l1tex__data_bank_writes.sum.pct_of_peak_sustained_elapsed,l1tex__data_pipe_lsu_wavefronts.sum.pct_of_peak_sustained_elapsed,l1tex__data_pipe_tex_wavefronts.sum.pct_of_peak_sustained_elapsed,l1tex__f_wavefronts.sum.pct_of_peak_sustained_elapsed,l1tex__lsu_writeback_active.sum.pct_of_peak_sustained_elapsed,l1tex__lsuin_requests.sum.pct_of_peak_sustained_elapsed,l1tex__m_l1tex2xbar_req_cycles_active.sum.pct_of_peak_sustained_elapsed,l1tex__m_xbar2l1tex_read_sectors.sum.pct_of_peak_sustained_elapsed,l1tex__tex_writeback_active.sum.pct_of_peak_sustained_elapsed,l1tex__texin_sm2tex_req_cycles_active.sum.pct_of_peak_sustained_elapsed,lts__d_atomic_input_cycles_active.sum.pct_of_peak_sustained_elapsed,lts__d_sectors.sum.pct_of_peak_sustained_elapsed,lts__d_sectors_fill_device.sum.pct_of_peak_sustained_elapsed,lts__d_sectors_fill_sysmem.sum.pct_of_peak_sustained_elapsed,lts__lts2xbar_cycles_active.sum.pct_of_peak_sustained_elapsed,lts__t_sectors.sum.pct_of_peak_sustained_elapsed,lts__t_tag_requests.sum.pct_of_peak_sustained_elapsed,lts__xbar2lts_cycles_active.sum.pct_of_peak_sustained_elapsed","dram__cycles_active.sum.pct_of_peak_sustained_elapsed,fbpa__dram_sectors.sum.pct_of_peak_sustained_elapsed,gpu__compute_memory_access_throughput_internal_activity.sum.pct_of_peak_sustained_elapsed,gpu__compute_memory_request_throughput_internal_activity.sum.pct_of_peak_sustained_elapsed,l1tex__data_bank_reads.sum.pct_of_peak_sustained_elapsed,l1tex__data_bank_writes.sum.pct_of_peak_sustained_elapsed,l1tex__data_pipe_lsu_wavefronts.sum.pct_of_peak_sustained_elapsed,l1tex__data_pipe_tex_wavefronts.sum.pct_of_peak_sustained_elapsed,l1tex__f_wavefronts.sum.pct_of_peak_sustained_elapsed,l1tex__lsu_writeback_active.sum.pct_of_peak_sustained_elapsed,l1tex__lsuin_requests.sum.pct_of_peak_sustained_elapsed,l1tex__m_l1tex2xbar_req_cycles_active.sum.pct_of_peak_sustained_elapsed,l1tex__m_xbar2l1tex_read_sectors.sum.pct_of_peak_sustained_elapsed,l1tex__tex_writeback_active.sum.pct_of_peak_sustained_elapsed,l1tex__texin_sm2tex_req_cycles_active.sum.pct_of_peak_sustained_elapsed,lts__d_atomic_input_cycles_active.sum.pct_of_peak_sustained_elapsed,lts__d_sectors.sum.pct_of_peak_sustained_elapsed,lts__d_sectors_fill_device.sum.pct_of_peak_sustained_elapsed,lts__d_sectors_fill_sysmem.sum.pct_of_peak_sustained_elapsed,lts__lts2xbar_cycles_active.sum.pct_of_peak_sustained_elapsed,lts__t_sectors.sum.pct_of_peak_sustained_elapsed,lts__t_tag_requests.sum.pct_of_peak_sustained_elapsed,lts__xbar2lts_cycles_active.sum.pct_of_peak_sustained_elapsed"
breakdown:sm__throughput.avg.pct_of_peak_sustained_elapsed,"idc__request_cycles_active.avg.pct_of_peak_sustained_elapsed,sm__inst_executed.avg.pct_of_peak_sustained_elapsed,sm__inst_executed_pipe_adu.avg.pct_of_peak_sustained_elapsed,sm__inst_executed_pipe_cbu_pred_on_any.avg.pct_of_peak_sustained_elapsed,sm__inst_executed_pipe_ipa.avg.pct_of_peak_sustained_elapsed,sm__inst_executed_pipe_lsu.avg.pct_of_peak_sustained_elapsed,sm__inst_executed_pipe_tex.avg.pct_of_peak_sustained_elapsed,sm__inst_executed_pipe_uniform.avg.pct_of_peak_sustained_elapsed,sm__inst_executed_pipe_xu.avg.pct_of_peak_sustained_elapsed,sm__instruction_throughput_internal_activity.avg.pct_of_peak_sustained_elapsed,sm__issue_active.avg.pct_of_peak_sustained_elapsed,sm__memory_throughput_internal_activity.avg.pct_of_peak_sustained_elapsed,sm__mio2rf_writeback_active.avg.pct_of_peak_sustained_elapsed,sm__mio_inst_issued.avg.pct_of_peak_sustained_elapsed,sm__mio_pq_read_cycles_active.avg.pct_of_peak_sustained_elapsed,sm__mio_pq_write_cycles_active.avg.pct_of_peak_sustained_elapsed,sm__pipe_alu_cycles_active.avg.pct_of_peak_sustained_elapsed,sm__pipe_fma_cycles_active.avg.pct_of_peak_sustained_elapsed,sm__pipe_fmaheavy_cycles_active.avg.pct_of_peak_sustained_elapsed,sm__pipe_fp64_cycles_active.avg.pct_of_peak_sustained_elapsed,sm__pipe_tensor_cycles_active.avg.pct_of_peak_sustained_elapsed,sm__pipe_tensor_cycles_active_v2.avg.pct_of_peak_sustained_elapsed","idc__request_cycles_active.avg.pct_of_peak_sustained_elapsed,sm__inst_executed.avg.pct_of_peak_sustained_elapsed,sm__inst_executed_pipe_adu.avg.pct_of_peak_sustained_elapsed,sm__inst_executed_pipe_cbu_pred_on_any.avg.pct_of_peak_sustained_elapsed,sm__inst_executed_pipe_ipa.avg.pct_of_peak_sustained_elapsed,sm__inst_executed_pipe_lsu.avg.pct_of_peak_sustained_elapsed,sm__inst_executed_pipe_tex.avg.pct_of_peak_sustained_elapsed,sm__inst_executed_pipe_uniform.avg.pct_of_peak_sustained_elapsed,sm__inst_executed_pipe_xu.avg.pct_of_peak_sustained_elapsed,sm__instruction_throughput_internal_activity.avg.pct_of_peak_sustained_elapsed,sm__issue_active.avg.pct_of_peak_sustained_elapsed,sm__memory_throughput_internal_activity.avg.pct_of_peak_sustained_elapsed,sm__mio2rf_writeback_active.avg.pct_of_peak_sustained_elapsed,sm__mio_inst_issued.avg.pct_of_peak_sustained_elapsed,sm__mio_pq_read_cycles_active.avg.pct_of_peak_sustained_elapsed,sm__mio_pq_write_cycles_active.avg.pct_of_peak_sustained_elapsed,sm__pipe_alu_cycles_active.avg.pct_of_peak_sustained_elapsed,sm__pipe_fma_cycles_active.avg.pct_of_peak_sustained_elapsed,sm__pipe_fmaheavy_cycles_active.avg.pct_of_peak_sustained_elapsed,sm__pipe_fp64_cycles_active.avg.pct_of_peak_sustained_elapsed,sm__pipe_tensor_cycles_active.avg.pct_of_peak_sustained_elapsed,sm__pipe_tensor_cycles_active_v2.avg.pct_of_peak_sustained_elapsed"
breakdown:sm__throughput.max.pct_of_peak_sustained_elapsed,"idc__request_cycles_active.max.pct_of_peak_sustained_elapsed,sm__inst_executed.max.pct_of_peak_sustained_elapsed,sm__inst_executed_pipe_adu.max.pct_of_peak_sustained_elapsed,sm__inst_executed_pipe_cbu_pred_on_any.max.pct_of_peak_sustained_elapsed,sm__inst_executed_pipe_ipa.max.pct_of_peak_sustained_elapsed,sm__inst_executed_pipe_lsu.max.pct_of_peak_sustained_elapsed,sm__inst_executed_pipe_tex.max.pct_of_peak_sustained_elapsed,sm__inst_executed_pipe_uniform.max.pct_of_peak_sustained_elapsed,sm__inst_executed_pipe_xu.max.pct_of_peak_sustained_elapsed,sm__instruction_throughput_internal_activity.max.pct_of_peak_sustained_elapsed,sm__issue_active.max.pct_of_peak_sustained_elapsed,sm__memory_throughput_internal_activity.max.pct_of_peak_sustained_elapsed,sm__mio2rf_writeback_active.max.pct_of_peak_sustained_elapsed,sm__mio_inst_issued.max.pct_of_peak_sustained_elapsed,sm__mio_pq_read_cycles_active.max.pct_of_peak_sustained_elapsed,sm__mio_pq_write_cycles_active.max.pct_of_peak_sustained_elapsed,sm__pipe_alu_cycles_active.max.pct_of_peak_sustained_elapsed,sm__pipe_fma_cycles_active.max.pct_of_peak_sustained_elapsed,sm__pipe_fmaheavy_cycles_active.max.pct_of_peak_sustained_elapsed,sm__pipe_fp64_cycles_active.max.pct_of_peak_sustained_elapsed,sm__pipe_tensor_cycles_active.max.pct_of_peak_sustained_elapsed,sm__pipe_tensor_cycles_active_v2.max.pct_of_peak_sustained_elapsed","idc__request_cycles_active.max.pct_of_peak_sustained_elapsed,sm__inst_executed.max.pct_of_peak_sustained_elapsed,sm__inst_executed_pipe_adu.max.pct_of_peak_sustained_elapsed,sm__inst_executed_pipe_cbu_pred_on_any.max.pct_of_peak_sustained_elapsed,sm__inst_executed_pipe_ipa.max.pct_of_peak_sustained_elapsed,sm__inst_executed_pipe_lsu.max.pct_of_peak_sustained_elapsed,sm__inst_executed_pipe_tex.max.pct_of_peak_sustained_elapsed,sm__inst_executed_pipe_uniform.max.pct_of_peak_sustained_elapsed,sm__inst_executed_pipe_xu.max.pct_of_peak_sustained_elapsed,sm__instruction_throughput_internal_activity.max.pct_of_peak_sustained_elapsed,sm__issue_active.max.pct_of_peak_sustained_elapsed,sm__memory_throughput_internal_activity.max.pct_of_peak_sustained_elapsed,sm__mio2rf_writeback_active.max.pct_of_peak_sustained_elapsed,sm__mio_inst_issued.max.pct_of_peak_sustained_elapsed,sm__mio_pq_read_cycles_active.max.pct_of_peak_sustained_elapsed,sm__mio_pq_write_cycles_active.max.pct_of_peak_sustained_elapsed,sm__pipe_alu_cycles_active.max.pct_of_peak_sustained_elapsed,sm__pipe_fma_cycles_active.max.pct_of_peak_sustained_elapsed,sm__pipe_fmaheavy_cycles_active.max.pct_of_peak_sustained_elapsed,sm__pipe_fp64_cycles_active.max.pct_of_peak_sustained_elapsed,sm__pipe_tensor_cycles_active.max.pct_of_peak_sustained_elapsed,sm__pipe_tensor_cycles_active_v2.max.pct_of_peak_sustained_elapsed"
breakdown:sm__throughput.min.pct_of_peak_sustained_elapsed,"idc__request_cycles_active.min.pct_of_peak_sustained_elapsed,sm__inst_executed.min.pct_of_peak_sustained_elapsed,sm__inst_executed_pipe_adu.min.pct_of_peak_sustained_elapsed,sm__inst_executed_pipe_cbu_pred_on_any.min.pct_of_peak_sustained_elapsed,sm__inst_executed_pipe_ipa.min.pct_of_peak_sustained_elapsed,sm__inst_executed_pipe_lsu.min.pct_of_peak_sustained_elapsed,sm__inst_executed_pipe_tex.min.pct_of_peak_sustained_elapsed,sm__inst_executed_pipe_uniform.min.pct_of_peak_sustained_elapsed,sm__inst_executed_pipe_xu.min.pct_of_peak_sustained_elapsed,sm__instruction_throughput_internal_activity.min.pct_of_peak_sustained_elapsed,sm__issue_active.min.pct_of_peak_sustained_elapsed,sm__memory_throughput_internal_activity.min.pct_of_peak_sustained_elapsed,sm__mio2rf_writeback_active.min.pct_of_peak_sustained_elapsed,sm__mio_inst_issued.min.pct_of_peak_sustained_elapsed,sm__mio_pq_read_cycles_active.min.pct_of_peak_sustained_elapsed,sm__mio_pq_write_cycles_active.min.pct_of_peak_sustained_elapsed,sm__pipe_alu_cycles_active.min.pct_of_peak_sustained_elapsed,sm__pipe_fma_cycles_active.min.pct_of_peak_sustained_elapsed,sm__pipe_fmaheavy_cycles_active.min.pct_of_peak_sustained_elapsed,sm__pipe_fp64_cycles_active.min.pct_of_peak_sustained_elapsed,sm__pipe_tensor_cycles_active.min.pct_of_peak_sustained_elapsed,sm__pipe_tensor_cycles_active_v2.min.pct_of_peak_sustained_elapsed","idc__request_cycles_active.min.pct_of_peak_sustained_elapsed,sm__inst_executed.min.pct_of_peak_sustained_elapsed,sm__inst_executed_pipe_adu.min.pct_of_peak_sustained_elapsed,sm__inst_executed_pipe_cbu_pred_on_any.min.pct_of_peak_sustained_elapsed,sm__inst_executed_pipe_ipa.min.pct_of_peak_sustained_elapsed,sm__inst_executed_pipe_lsu.min.pct_of_peak_sustained_elapsed,sm__inst_executed_pipe_tex.min.pct_of_peak_sustained_elapsed,sm__inst_executed_pipe_uniform.min.pct_of_peak_sustained_elapsed,sm__inst_executed_pipe_xu.min.pct_of_peak_sustained_elapsed,sm__instruction_throughput_internal_activity.min.pct_of_peak_sustained_elapsed,sm__issue_active.min.pct_of_peak_sustained_elapsed,sm__memory_throughput_internal_activity.min.pct_of_peak_sustained_elapsed,sm__mio2rf_writeback_active.min.pct_of_peak_sustained_elapsed,sm__mio_inst_issued.min.pct_of_peak_sustained_elapsed,sm__mio_pq_read_cycles_active.min.pct_of_peak_sustained_elapsed,sm__mio_pq_write_cycles_active.min.pct_of_peak_sustained_elapsed,sm__pipe_alu_cycles_active.min.pct_of_peak_sustained_elapsed,sm__pipe_fma_cycles_active.min.pct_of_peak_sustained_elapsed,sm__pipe_fmaheavy_cycles_active.min.pct_of_peak_sustained_elapsed,sm__pipe_fp64_cycles_active.min.pct_of_peak_sustained_elapsed,sm__pipe_tensor_cycles_active.min.pct_of_peak_sustained_elapsed,sm__pipe_tensor_cycles_active_v2.min.pct_of_peak_sustained_elapsed"
breakdown:sm__throughput.sum.pct_of_peak_sustained_elapsed,"idc__request_cycles_active.sum.pct_of_peak_sustained_elapsed,sm__inst_executed.sum.pct_of_peak_sustained_elapsed,sm__inst_executed_pipe_adu.sum.pct_of_peak_sustained_elapsed,sm__inst_executed_pipe_cbu_pred_on_any.sum.pct_of_peak_sustained_elapsed,sm__inst_executed_pipe_ipa.sum.pct_of_peak_sustained_elapsed,sm__inst_executed_pipe_lsu.sum.pct_of_peak_sustained_elapsed,sm__inst_executed_pipe_tex.sum.pct_of_peak_sustained_elapsed,sm__inst_executed_pipe_uniform.sum.pct_of_peak_sustained_elapsed,sm__inst_executed_pipe_xu.sum.pct_of_peak_sustained_elapsed,sm__instruction_throughput_internal_activity.sum.pct_of_peak_sustained_elapsed,sm__issue_active.sum.pct_of_peak_sustained_elapsed,sm__memory_throughput_internal_activity.sum.pct_of_peak_sustained_elapsed,sm__mio2rf_writeback_active.sum.pct_of_peak_sustained_elapsed,sm__mio_inst_issued.sum.pct_of_peak_sustained_elapsed,sm__mio_pq_read_cycles_active.sum.pct_of_peak_sustained_elapsed,sm__mio_pq_write_cycles_active.sum.pct_of_peak_sustained_elapsed,sm__pipe_alu_cycles_active.sum.pct_of_peak_sustained_elapsed,sm__pipe_fma_cycles_active.sum.pct_of_peak_sustained_elapsed,sm__pipe_fmaheavy_cycles_active.sum.pct_of_peak_sustained_elapsed,sm__pipe_fp64_cycles_active.sum.pct_of_peak_sustained_elapsed,sm__pipe_tensor_cycles_active.sum.pct_of_peak_sustained_elapsed,sm__pipe_tensor_cycles_active_v2.sum.pct_of_peak_sustained_elapsed","idc__request_cycles_active.sum.pct_of_peak_sustained_elapsed,sm__inst_executed.sum.pct_of_peak_sustained_elapsed,sm__inst_executed_pipe_adu.sum.pct_of_peak_sustained_elapsed,sm__inst_executed_pipe_cbu_pred_on_any.sum.pct_of_peak_sustained_elapsed,sm__inst_executed_pipe_ipa.sum.pct_of_peak_sustained_elapsed,sm__inst_executed_pipe_lsu.sum.pct_of_peak_sustained_elapsed,sm__inst_executed_pipe_tex.sum.pct_of_peak_sustained_elapsed,sm__inst_executed_pipe_uniform.sum.pct_of_peak_sustained_elapsed,sm__inst_executed_pipe_xu.sum.pct_of_peak_sustained_elapsed,sm__instruction_throughput_internal_activity.sum.pct_of_peak_sustained_elapsed,sm__issue_active.sum.pct_of_peak_sustained_elapsed,sm__memory_throughput_internal_activity.sum.pct_of_peak_sustained_elapsed,sm__mio2rf_writeback_active.sum.pct_of_peak_sustained_elapsed,sm__mio_inst_issued.sum.pct_of_peak_sustained_elapsed,sm__mio_pq_read_cycles_active.sum.pct_of_peak_sustained_elapsed,sm__mio_pq_write_cycles_active.sum.pct_of_peak_sustained_elapsed,sm__pipe_alu_cycles_active.sum.pct_of_peak_sustained_elapsed,sm__pipe_fma_cycles_active.sum.pct_of_peak_sustained_elapsed,sm__pipe_fmaheavy_cycles_active.sum.pct_of_peak_sustained_elapsed,sm__pipe_fp64_cycles_active.sum.pct_of_peak_sustained_elapsed,sm__pipe_tensor_cycles_active.sum.pct_of_peak_sustained_elapsed,sm__pipe_tensor_cycles_active_v2.sum.pct_of_peak_sustained_elapsed"
c2clink__enabled_mask,0,0
c2clink__present,0,0
derived__avg_thread_executed [thread],"6,636 {807}","6,636 {807}"
derived__avg_thread_executed_true [thread],"6,056 {807}","6,056 {807}"
derived__avg_thread_unexecuted_true [thread],"19,768 {807}","19,768 {807}"
derived__derivative_avg_thread_executed_true [thread],"1,592 {806}","1,592 {806}"
derived__l1tex__lsu_writeback_bytes_mem_lg.sum.peak_sustained,"2,560","2,560"
derived__l1tex__lsu_writeback_bytes_mem_lg.sum.per_second,"1,34,49,03,35,536.78","1,26,76,76,95,615.14"
derived__local_spilling_requests,0,0
derived__local_spilling_requests_pct [%],0,0
derived__lts__lts2xbar_bytes.sum.peak_sustained [bytes],768,768
derived__lts__lts2xbar_bytes.sum.per_second [Gbytes],16.79,16.43
derived__lts__t_sectors_lookup_miss_data_promoted_pct [%],0,0
derived__memory_l1_conflicts_shared_nway,0 {81},0 {81}
derived__memory_l1_wavefronts_shared_excessive,0 {81},0 {81}
derived__memory_l2_theoretical_sectors_global_excessive [Mbyte],1.60 {226},1.60 {226}
derived__pct_occupancy_per_block_size [%],"5,151 {65}","5,151 {65}"
derived__pct_occupancy_per_register_count [%/register],"10,252 {257}","10,252 {257}"
derived__pct_occupancy_per_shared_mem_size [%/Kbyte],2.39 {200},2.39 {200}
derived__shared_spilling_requests,0,0
derived__shared_spilling_requests_pct [%],0,0
derived__sm__sass_thread_inst_executed_op_dfma_pred_on_x2 [inst],80,80
derived__sm__sass_thread_inst_executed_op_ffma_pred_on_x2 [inst],"5,120","5,120"
derived__sm__sass_thread_inst_executed_op_hfma_pred_on_x4 [inst],"5,120","5,120"
derived__smsp__inst_executed_op_branch_pct [%],0.22,0.30
derived__smsp__sass_thread_inst_executed_op_dfma_pred_on_x2 [inst],0,0
derived__smsp__sass_thread_inst_executed_op_ffma_pred_on_x2 [inst],1.43,1.39
derived__smsp__sass_thread_inst_executed_op_hadd_pred_on_x2 [inst],0,0
derived__smsp__sass_thread_inst_executed_op_hfma_pred_on_x4 [inst],0,0
derived__smsp__sass_thread_inst_executed_op_hmul_pred_on_x2 [inst],0,0
derived_tempMetric0,"9,24,040","11,66,959"
derived_tempMetric1,"41,29,487","39,53,577"
derived_tempMetric2,0,0
derived_tempMetric3,0,0
derived_tempMetric4,0,0
derived_tempMetric5,0,0
device__attribute_architecture,400,400
device__attribute_async_engine_count,1,1
device__attribute_can_flush_remote_writes,0,0
device__attribute_can_map_host_memory,1,1
device__attribute_can_tex2d_gather,1,1
device__attribute_can_use_64_bit_stream_mem_ops,1,1
device__attribute_can_use_64_bit_stream_mem_ops_v1,0,0
device__attribute_can_use_host_pointer_for_registered_mem,0,0
device__attribute_can_use_stream_mem_ops_v1,0,0
device__attribute_can_use_stream_wait_value_nor,1,1
device__attribute_can_use_stream_wait_value_nor_v1,0,0
device__attribute_chip,407,407
device__attribute_clock_rate,"21,30,000","21,30,000"
device__attribute_cluster_launch,0,0
device__attribute_compute_capability_major,8,8
device__attribute_compute_capability_minor,9,9
device__attribute_compute_mode,0,0
device__attribute_compute_preemption_supported,1,1
device__attribute_concurrent_kernels,1,1
device__attribute_concurrent_managed_access,0,0
device__attribute_confidential_computing_mode,No-CC,No-CC
device__attribute_cooperative_launch,1,1
device__attribute_cooperative_multi_device_launch,0,0
device__attribute_deferred_mapping_cuda_array_supported,1,1
device__attribute_device_index,0,0
device__attribute_direct_managed_mem_access_from_host,0,0
device__attribute_display_name,NVIDIA GeForce RTX 4050 Laptop GPU,NVIDIA GeForce RTX 4050 Laptop GPU
device__attribute_dma_buf_supported,0,0
device__attribute_ecc_enabled,0,0
device__attribute_fb_bus_width,96,96
device__attribute_fbp_count,2,2
device__attribute_generic_compression_supported,1,1
device__attribute_global_l1_cache_supported,1,1
device__attribute_global_memory_bus_width,96,96
device__attribute_gpu_direct_rdma_flush_writes_options,0,0
device__attribute_gpu_direct_rdma_supported,0,0
device__attribute_gpu_direct_rdma_with_cuda_vmm_supported,0,0
device__attribute_gpu_direct_rdma_writes_ordering,0,0
device__attribute_gpu_overlap,1,1
device__attribute_gpu_pci_device_id,"68,16,44,254","68,16,44,254"
device__attribute_gpu_pci_ext_device_id,"10,401","10,401"
device__attribute_gpu_pci_ext_downstream_link_rate,"32,000","32,000"
device__attribute_gpu_pci_ext_downstream_link_width,8,8
device__attribute_gpu_pci_ext_gen,3,3
device__attribute_gpu_pci_ext_gpu_gen,3,3
device__attribute_gpu_pci_ext_gpu_link_rate,"16,000","16,000"
device__attribute_gpu_pci_ext_gpu_link_width,8,8
device__attribute_gpu_pci_revision_id,161,161
device__attribute_gpu_pci_sub_system_id,"2,34,36,37,052","2,34,36,37,052"
device__attribute_handle_type_fabric_supported,0,0
device__attribute_handle_type_posix_file_descriptor_supported,0,0
device__attribute_handle_type_win32_handle_supported,1,1
device__attribute_handle_type_win32_kmt_handle_supported,1,1
device__attribute_host_native_atomic_supported,0,0
device__attribute_host_numa_id,0,0
device__attribute_host_register_supported,1,1
device__attribute_implementation,407,407
device__attribute_integrated,0,0
device__attribute_ipc_event_supported,1,1
device__attribute_kernel_exec_timeout,1,1
device__attribute_l2_cache_size,"2,51,65,824","2,51,65,824"
device__attribute_l2s_count,16,16
device__attribute_limits_max_cta_per_sm,24,24
device__attribute_limits_num_tpcs,10,10
device__attribute_local_l1_cache_supported,1,1
device__attribute_managed_memory,1,1
device__attribute_max_access_policy_window_size,"13,42,13,632","13,42,13,632"
device__attribute_max_block_dim_x,"1,024","1,024"
device__attribute_max_block_dim_y,"1,024","1,024"
device__attribute_max_block_dim_z,64,64
device__attribute_max_blocks_per_multiprocessor,24,24
device__attribute_max_gpu_frequency_khz,"21,30,000","21,30,000"
device__attribute_max_grid_dim_x,"2,14,74,83,647","2,14,74,83,647"
device__attribute_max_grid_dim_y,"65,535","65,535"
device__attribute_max_grid_dim_z,"65,535","65,535"
device__attribute_max_ipc_per_multiprocessor,4,4
device__attribute_max_ipc_per_scheduler,1,1
device__attribute_max_mem_frequency_khz,"80,01,000","80,01,000"
device__attribute_max_persisting_l2_cache_size,"1,73,01,504","1,73,01,504"
device__attribute_max_pitch,"2,14,74,83,647","2,14,74,83,647"
device__attribute_max_registers_per_block,"65,536","65,536"
device__attribute_max_registers_per_multiprocessor,"65,536","65,536"
device__attribute_max_registers_per_thread,255,255
device__attribute_max_shared_memory_per_block,"49,152","49,152"
device__attribute_max_shared_memory_per_block_optin,"1,01,376","1,01,376"
device__attribute_max_shared_memory_per_multiprocessor,"1,02,400","1,02,400"
device__attribute_max_threads_per_block,"1,024","1,024"
device__attribute_max_threads_per_multiprocessor,"1,536","1,536"
device__attribute_max_warps_per_multiprocessor,48,48
device__attribute_max_warps_per_scheduler,12,12
device__attribute_maximum_surface1d_layered_layers,"2,048","2,048"
device__attribute_maximum_surface1d_layered_width,"32,768","32,768"
device__attribute_maximum_surface1d_width,"32,768","32,768"
device__attribute_maximum_surface2d_height,"65,536","65,536"
device__attribute_maximum_surface2d_layered_height,"32,768","32,768"
device__attribute_maximum_surface2d_layered_layers,"2,048","2,048"
device__attribute_maximum_surface2d_layered_width,"32,768","32,768"
device__attribute_maximum_surface2d_width,"1,31,072","1,31,072"
device__attribute_maximum_surface3d_depth,"16,384","16,384"
device__attribute_maximum_surface3d_height,"16,384","16,384"
device__attribute_maximum_surface3d_width,"16,384","16,384"
device__attribute_maximum_surfacecubemap_layered_layers,"2,046","2,046"
device__attribute_maximum_surfacecubemap_layered_width,"32,768","32,768"
device__attribute_maximum_surfacecubemap_width,"32,768","32,768"
device__attribute_maximum_texture1d_layered_layers,"2,048","2,048"
device__attribute_maximum_texture1d_layered_width,"32,768","32,768"
device__attribute_maximum_texture1d_linear_width,"26,84,35,456","26,84,35,456"
device__attribute_maximum_texture1d_mipmapped_width,"32,768","32,768"
device__attribute_maximum_texture1d_width,"1,31,072","1,31,072"
device__attribute_maximum_texture2d_gather_height,"32,768","32,768"
device__attribute_maximum_texture2d_gather_width,"32,768","32,768"
device__attribute_maximum_texture2d_height,"65,536","65,536"
device__attribute_maximum_texture2d_layered_height,"32,768","32,768"
device__attribute_maximum_texture2d_layered_layers,"2,048","2,048"
device__attribute_maximum_texture2d_layered_width,"32,768","32,768"
device__attribute_maximum_texture2d_linear_height,"65,000","65,000"
device__attribute_maximum_texture2d_linear_pitch,"20,97,120","20,97,120"
device__attribute_maximum_texture2d_linear_width,"1,31,072","1,31,072"
device__attribute_maximum_texture2d_mipmapped_height,"32,768","32,768"
device__attribute_maximum_texture2d_mipmapped_width,"32,768","32,768"
device__attribute_maximum_texture2d_width,"1,31,072","1,31,072"
device__attribute_maximum_texture3d_depth,"16,384","16,384"
device__attribute_maximum_texture3d_depth_alternate,"32,768","32,768"
device__attribute_maximum_texture3d_height,"16,384","16,384"
device__attribute_maximum_texture3d_height_alternate,"8,192","8,192"
device__attribute_maximum_texture3d_width,"16,384","16,384"
device__attribute_maximum_texture3d_width_alternate,"8,192","8,192"
device__attribute_maximum_texturecubemap_layered_layers,"2,046","2,046"
device__attribute_maximum_texturecubemap_layered_width,"32,768","32,768"
device__attribute_maximum_texturecubemap_width,"32,768","32,768"
device__attribute_mem_sync_domain_count,1,1
device__attribute_memory_clock_rate,"80,01,000","80,01,000"
device__attribute_memory_pools_supported,1,1
device__attribute_mempool_supported_handle_types,0,0
device__attribute_mps_enabled,0,0
device__attribute_multi_gpu_board,0,0
device__attribute_multi_gpu_board_group_id,0,0
device__attribute_multicast_supported,0,0
device__attribute_multiprocessor_count,20,20
device__attribute_num_l2s_per_fbp,8,8
device__attribute_num_schedulers_per_multiprocessor,4,4
device__attribute_num_tex_per_multiprocessor,1,1
device__attribute_numa_config,0,0
device__attribute_pageable_memory_access,0,0
device__attribute_pageable_memory_access_uses_host_page_tables,0,0
device__attribute_pci_bus_id,1,1
device__attribute_pci_device_id,0,0
device__attribute_pci_domain_id,0,0
device__attribute_ram_location,1,1
device__attribute_ram_type,17,17
device__attribute_reserved_shared_memory_per_block,"1,024","1,024"
device__attribute_sass_level,8,8
device__attribute_single_to_double_precision_perf_ratio,64,64
device__attribute_sparse_cuda_array_supported,1,1
device__attribute_stream_priorities_supported,1,1
device__attribute_surface_alignment,512,512
device__attribute_tcc_driver,0,0
device__attribute_tensor_map_access_supported,0,0
device__attribute_texture_alignment,512,512
device__attribute_texture_pitch_alignment,32,32
device__attribute_total_constant_memory,"65,536","65,536"
device__attribute_total_memory,"6,43,87,80,928","6,43,87,80,928"
device__attribute_unified_addressing,1,1
device__attribute_unified_function_pointers,0,0
device__attribute_virtual_address_management_supported,1,1
device__attribute_warp_size,32,32
dram__bytes.avg.peak_sustained [byte/cycle],8,8
dram__bytes.avg.per_second [Mbyte/s],492.62,482.05
dram__bytes.max.peak_sustained [byte/cycle],8,8
dram__bytes.max.per_second [Mbyte/s],496.69,488.38
dram__bytes.min.peak_sustained [byte/cycle],8,8
dram__bytes.min.per_second [Mbyte/s],488.49,478.64
dram__bytes.sum.peak_sustained [byte/cycle],24,24
dram__bytes.sum.per_second [Gbyte/s],1.48,1.45
dram__bytes_read.sum [Mbyte],1.13,1.14
dram__bytes_read.sum.pct_of_peak_sustained_elapsed [%],0.77,0.75
dram__bytes_read.sum.per_second [Gbyte/s],1.48,1.45
dram__bytes_write.sum [byte],0,128
dram__bytes_write.sum.pct_of_peak_sustained_elapsed [%],0,0.00
dram__bytes_write.sum.per_second [Kbyte/s],0,162.25
dram__cycles_active.avg [cycle],"47,098.67","47,536"
dram__cycles_active.avg.pct_of_peak_sustained_elapsed [%],0.77,0.75
dram__cycles_active.max [cycle],"47,488","48,160"
dram__cycles_active.max.pct_of_peak_sustained_elapsed [%],0.78,0.76
dram__cycles_active.min [cycle],"46,704","47,200"
dram__cycles_active.min.pct_of_peak_sustained_elapsed [%],0.76,0.75
dram__cycles_active.sum [cycle],"1,41,296","1,42,608"
dram__cycles_active.sum.pct_of_peak_sustained_elapsed [%],0.77,0.75
dram__cycles_elapsed.avg [cycle],"61,13,280","63,05,621.33"
dram__cycles_elapsed.avg.per_second [Ghz],7.99,7.99
dram__cycles_elapsed.max [cycle],"61,13,280","63,05,792"
dram__cycles_elapsed.max.per_second [Ghz],7.99,7.99
dram__cycles_elapsed.min [cycle],"61,13,280","63,05,280"
dram__cycles_elapsed.min.per_second [Ghz],7.99,7.99
dram__cycles_elapsed.sum [cycle],"1,83,39,840","1,89,16,864"
dram__cycles_elapsed.sum.per_second [Ghz],23.98,23.98
dram__sectors_read.sum [sector],"35,324","35,648"
dram__sectors_write.sum [sector],0,4
fbpa__dram_sectors.avg.pct_of_peak_sustained_elapsed [%],0.30,0.29
fbpa__dram_sectors.max.pct_of_peak_sustained_elapsed [%],0.40,0.39
fbpa__dram_sectors.min.pct_of_peak_sustained_elapsed [%],0.20,0.20
fbpa__dram_sectors.sum.pct_of_peak_sustained_elapsed [%],0.30,0.29
gcc__average_cache_request_hit_rate.pct [%],79.03,78.92
gcc__cache_requests_type_constant.sum [request],345,345
gcc__cache_requests_type_constant.sum.pct_of_peak_sustained_elapsed [%],0.01,0.01
gcc__cache_requests_type_instruction.sum [request],"4,663","4,717"
gcc__cache_requests_type_instruction.sum.pct_of_peak_sustained_elapsed [%],0.19,0.19
gcc__xbar2gcc_sectors.sum [sector],"6,680","6,672"
gcc__xbar2gcc_sectors.sum.pct_of_peak_sustained_elapsed [%],0.14,0.13
gpc__cycles_elapsed.avg [cycle],"16,29,004.67","16,80,283.67"
gpc__cycles_elapsed.avg.per_second [Ghz],2.13,2.13
gpc__cycles_elapsed.max.per_second [Ghz],2.13,2.13
gpc__cycles_elapsed.min [cycle],"16,28,958","16,80,280"
gpc__cycles_elapsed.min.per_second [Ghz],2.13,2.13
gpc__cycles_elapsed.sum [cycle],"48,87,014","50,40,851"
gpc__cycles_elapsed.sum.per_second [Ghz],6.39,6.39
gpu__compute_memory_access_throughput.avg.pct_of_peak_sustained_elapsed [%],8.47,8.24
gpu__compute_memory_access_throughput.max.pct_of_peak_sustained_elapsed [%],14.75,14.10
gpu__compute_memory_access_throughput.min.pct_of_peak_sustained_elapsed [%],4.86,4.63
gpu__compute_memory_access_throughput.sum.pct_of_peak_sustained_elapsed [%],8.47,8.24
gpu__compute_memory_access_throughput_internal_activity.avg.pct_of_peak_sustained_elapsed [%],6.08,5.92
gpu__compute_memory_access_throughput_internal_activity.max.pct_of_peak_sustained_elapsed [%],8.68,8.34
gpu__compute_memory_access_throughput_internal_activity.min.pct_of_peak_sustained_elapsed [%],4.86,4.63
gpu__compute_memory_access_throughput_internal_activity.sum.pct_of_peak_sustained_elapsed [%],6.08,5.92
gpu__compute_memory_request_throughput.avg.pct_of_peak_sustained_elapsed [%],9.25,9.10
gpu__compute_memory_request_throughput.max.pct_of_peak_sustained_elapsed [%],11.64,11.95
gpu__compute_memory_request_throughput.min.pct_of_peak_sustained_elapsed [%],7.82,7.85
gpu__compute_memory_request_throughput.sum.pct_of_peak_sustained_elapsed [%],9.25,9.10
gpu__compute_memory_request_throughput_internal_activity.avg.pct_of_peak_sustained_elapsed [%],0,0
gpu__compute_memory_request_throughput_internal_activity.max.pct_of_peak_sustained_elapsed [%],0,0
gpu__compute_memory_request_throughput_internal_activity.min.pct_of_peak_sustained_elapsed [%],0,0
gpu__compute_memory_request_throughput_internal_activity.sum.pct_of_peak_sustained_elapsed [%],0,0
gpu__compute_memory_throughput.max.pct_of_peak_sustained_elapsed [%],14.75,14.10
gpu__compute_memory_throughput.min.pct_of_peak_sustained_elapsed [%],7.82,7.85
gpu__compute_memory_throughput.sum.pct_of_peak_sustained_elapsed [%],9.25,9.10
gpu__dram_throughput.avg.pct_of_peak_sustained_elapsed [%],0.77,0.75
gpu__dram_throughput.max.pct_of_peak_sustained_elapsed [%],0.78,0.76
gpu__dram_throughput.min.pct_of_peak_sustained_elapsed [%],0.76,0.75
gpu__dram_throughput.sum.pct_of_peak_sustained_elapsed [%],0.77,0.75
gpu__time_duration.avg [us],764.86,788.90
gpu__time_duration.max [us],764.86,788.90
gpu__time_duration.min [us],764.86,788.90
group:memory__chart,"dram__bytes_read.sum,dram__bytes_read.sum.pct_of_peak_sustained_elapsed,dram__bytes_read.sum.per_second,dram__bytes_write.sum,dram__bytes_write.sum.pct_of_peak_sustained_elapsed,dram__bytes_write.sum.per_second,gcc__average_cache_request_hit_rate.pct,gcc__cache_requests_type_constant.sum,gcc__cache_requests_type_constant.sum.pct_of_peak_sustained_elapsed,gcc__cache_requests_type_instruction.sum,gcc__cache_requests_type_instruction.sum.pct_of_peak_sustained_elapsed,gcc__xbar2gcc_sectors.sum,gcc__xbar2gcc_sectors.sum.pct_of_peak_sustained_elapsed,idc__request_hit_rate.pct,idc__requests.sum,idc__requests.sum.pct_of_peak_sustained_elapsed,l1tex__data_pipe_lsu_wavefronts_mem_shared.sum.pct_of_peak_sustained_elapsed,l1tex__m_l1tex2xbar_write_bytes.sum,l1tex__m_l1tex2xbar_write_bytes.sum.pct_of_peak_sustained_elapsed,l1tex__m_l1tex2xbar_write_bytes.sum.per_second,l1tex__m_xbar2l1tex_read_bytes.sum,l1tex__m_xbar2l1tex_read_bytes.sum.pct_of_peak_sustained_elapsed,l1tex__m_xbar2l1tex_read_bytes.sum.per_second,l1tex__t_requests_pipe_lsu_mem_global_op_atom.sum,l1tex__t_requests_pipe_lsu_mem_global_op_atom.sum.pct_of_peak_sustained_elapsed,l1tex__t_requests_pipe_lsu_mem_global_op_ld.sum,l1tex__t_requests_pipe_lsu_mem_global_op_ld.sum.pct_of_peak_sustained_elapsed,l1tex__t_requests_pipe_lsu_mem_global_op_red.sum,l1tex__t_requests_pipe_lsu_mem_global_op_red.sum.pct_of_peak_sustained_elapsed,l1tex__t_requests_pipe_lsu_mem_global_op_st.sum,l1tex__t_requests_pipe_lsu_mem_global_op_st.sum.pct_of_peak_sustained_elapsed,l1tex__t_requests_pipe_lsu_mem_local_op_ld.sum,l1tex__t_requests_pipe_lsu_mem_local_op_ld.sum.pct_of_peak_sustained_elapsed,l1tex__t_requests_pipe_lsu_mem_local_op_st.sum,l1tex__t_requests_pipe_lsu_mem_local_op_st.sum.pct_of_peak_sustained_elapsed,l1tex__t_requests_pipe_tex_mem_surface_op_atom.sum,l1tex__t_requests_pipe_tex_mem_surface_op_atom.sum.pct_of_peak_sustained_elapsed,l1tex__t_requests_pipe_tex_mem_surface_op_ld.sum,l1tex__t_requests_pipe_tex_mem_surface_op_ld.sum.pct_of_peak_sustained_elapsed,l1tex__t_requests_pipe_tex_mem_surface_op_red.sum,l1tex__t_requests_pipe_tex_mem_surface_op_red.sum.pct_of_peak_sustained_elapsed,l1tex__t_requests_pipe_tex_mem_surface_op_st.sum,l1tex__t_requests_pipe_tex_mem_surface_op_st.sum.pct_of_peak_sustained_elapsed,l1tex__t_requests_pipe_tex_mem_texture.sum,l1tex__t_requests_pipe_tex_mem_texture.sum.pct_of_peak_sustained_elapsed,l1tex__t_sector_hit_rate.pct,lts__average_gcomp_input_sector_success_rate.pct,lts__average_gcomp_output_sector_compression_achieved_rate.ratio,lts__gcomp_input_sectors.sum,lts__gcomp_input_sectors.sum.pct_of_peak_sustained_elapsed,lts__gcomp_input_sectors.sum.per_second,lts__gcomp_output_sectors.sum,lts__gcomp_output_sectors.sum.pct_of_peak_sustained_elapsed,lts__gcomp_output_sectors.sum.per_second,lts__t_sector_hit_rate.pct,lts__t_sectors_srcunit_tex_aperture_peer_op_atom.sum,lts__t_sectors_srcunit_tex_aperture_peer_op_atom.sum.pct_of_peak_sustained_elapsed,lts__t_sectors_srcunit_tex_aperture_peer_op_atom.sum.per_second,lts__t_sectors_srcunit_tex_aperture_peer_op_read_lookup_miss.sum,lts__t_sectors_srcunit_tex_aperture_peer_op_read_lookup_miss.sum.pct_of_peak_sustained_elapsed,lts__t_sectors_srcunit_tex_aperture_peer_op_read_lookup_miss.sum.per_second,lts__t_sectors_srcunit_tex_aperture_peer_op_red.sum,lts__t_sectors_srcunit_tex_aperture_peer_op_red.sum.pct_of_peak_sustained_elapsed,lts__t_sectors_srcunit_tex_aperture_peer_op_red.sum.per_second,lts__t_sectors_srcunit_tex_aperture_peer_op_write.sum,lts__t_sectors_srcunit_tex_aperture_peer_op_write.sum.pct_of_peak_sustained_elapsed,lts__t_sectors_srcunit_tex_aperture_peer_op_write.sum.per_second,lts__t_sectors_srcunit_tex_aperture_sysmem_op_atom.sum,lts__t_sectors_srcunit_tex_aperture_sysmem_op_atom.sum.pct_of_peak_sustained_elapsed,lts__t_sectors_srcunit_tex_aperture_sysmem_op_atom.sum.per_second,lts__t_sectors_srcunit_tex_aperture_sysmem_op_read_lookup_miss.sum,lts__t_sectors_srcunit_tex_aperture_sysmem_op_read_lookup_miss.sum.pct_of_peak_sustained_elapsed,lts__t_sectors_srcunit_tex_aperture_sysmem_op_read_lookup_miss.sum.per_second,lts__t_sectors_srcunit_tex_aperture_sysmem_op_red.sum,lts__t_sectors_srcunit_tex_aperture_sysmem_op_red.sum.pct_of_peak_sustained_elapsed,lts__t_sectors_srcunit_tex_aperture_sysmem_op_red.sum.per_second,lts__t_sectors_srcunit_tex_aperture_sysmem_op_write.sum,lts__t_sectors_srcunit_tex_aperture_sysmem_op_write.sum.pct_of_peak_sustained_elapsed,lts__t_sectors_srcunit_tex_aperture_sysmem_op_write.sum.per_second,lts__t_sectors_srcunit_tex_op_read.avg.pct_of_peak_sustained_elapsed,lts__t_sectors_srcunit_tex_op_read.sum,lts__t_sectors_srcunit_tex_op_write.avg.pct_of_peak_sustained_elapsed,lts__t_sectors_srcunit_tex_op_write.sum,sm__icc_request_hit_rate.pct,sm__icc_requests.sum,sm__icc_requests.sum.pct_of_peak_sustained_elapsed,sm__sass_l1tex_m_xbar2l1tex_read_bytes_mem_global_op_ldgsts_cache_bypass.sum,sm__sass_l1tex_m_xbar2l1tex_read_bytes_mem_global_op_ldgsts_cache_bypass...","dram__bytes_read.sum,dram__bytes_read.sum.pct_of_peak_sustained_elapsed,dram__bytes_read.sum.per_second,dram__bytes_write.sum,dram__bytes_write.sum.pct_of_peak_sustained_elapsed,dram__bytes_write.sum.per_second,gcc__average_cache_request_hit_rate.pct,gcc__cache_requests_type_constant.sum,gcc__cache_requests_type_constant.sum.pct_of_peak_sustained_elapsed,gcc__cache_requests_type_instruction.sum,gcc__cache_requests_type_instruction.sum.pct_of_peak_sustained_elapsed,gcc__xbar2gcc_sectors.sum,gcc__xbar2gcc_sectors.sum.pct_of_peak_sustained_elapsed,idc__request_hit_rate.pct,idc__requests.sum,idc__requests.sum.pct_of_peak_sustained_elapsed,l1tex__data_pipe_lsu_wavefronts_mem_shared.sum.pct_of_peak_sustained_elapsed,l1tex__m_l1tex2xbar_write_bytes.sum,l1tex__m_l1tex2xbar_write_bytes.sum.pct_of_peak_sustained_elapsed,l1tex__m_l1tex2xbar_write_bytes.sum.per_second,l1tex__m_xbar2l1tex_read_bytes.sum,l1tex__m_xbar2l1tex_read_bytes.sum.pct_of_peak_sustained_elapsed,l1tex__m_xbar2l1tex_read_bytes.sum.per_second,l1tex__t_requests_pipe_lsu_mem_global_op_atom.sum,l1tex__t_requests_pipe_lsu_mem_global_op_atom.sum.pct_of_peak_sustained_elapsed,l1tex__t_requests_pipe_lsu_mem_global_op_ld.sum,l1tex__t_requests_pipe_lsu_mem_global_op_ld.sum.pct_of_peak_sustained_elapsed,l1tex__t_requests_pipe_lsu_mem_global_op_red.sum,l1tex__t_requests_pipe_lsu_mem_global_op_red.sum.pct_of_peak_sustained_elapsed,l1tex__t_requests_pipe_lsu_mem_global_op_st.sum,l1tex__t_requests_pipe_lsu_mem_global_op_st.sum.pct_of_peak_sustained_elapsed,l1tex__t_requests_pipe_lsu_mem_local_op_ld.sum,l1tex__t_requests_pipe_lsu_mem_local_op_ld.sum.pct_of_peak_sustained_elapsed,l1tex__t_requests_pipe_lsu_mem_local_op_st.sum,l1tex__t_requests_pipe_lsu_mem_local_op_st.sum.pct_of_peak_sustained_elapsed,l1tex__t_requests_pipe_tex_mem_surface_op_atom.sum,l1tex__t_requests_pipe_tex_mem_surface_op_atom.sum.pct_of_peak_sustained_elapsed,l1tex__t_requests_pipe_tex_mem_surface_op_ld.sum,l1tex__t_requests_pipe_tex_mem_surface_op_ld.sum.pct_of_peak_sustained_elapsed,l1tex__t_requests_pipe_tex_mem_surface_op_red.sum,l1tex__t_requests_pipe_tex_mem_surface_op_red.sum.pct_of_peak_sustained_elapsed,l1tex__t_requests_pipe_tex_mem_surface_op_st.sum,l1tex__t_requests_pipe_tex_mem_surface_op_st.sum.pct_of_peak_sustained_elapsed,l1tex__t_requests_pipe_tex_mem_texture.sum,l1tex__t_requests_pipe_tex_mem_texture.sum.pct_of_peak_sustained_elapsed,l1tex__t_sector_hit_rate.pct,lts__average_gcomp_input_sector_success_rate.pct,lts__average_gcomp_output_sector_compression_achieved_rate.ratio,lts__gcomp_input_sectors.sum,lts__gcomp_input_sectors.sum.pct_of_peak_sustained_elapsed,lts__gcomp_input_sectors.sum.per_second,lts__gcomp_output_sectors.sum,lts__gcomp_output_sectors.sum.pct_of_peak_sustained_elapsed,lts__gcomp_output_sectors.sum.per_second,lts__t_sector_hit_rate.pct,lts__t_sectors_srcunit_tex_aperture_peer_op_atom.sum,lts__t_sectors_srcunit_tex_aperture_peer_op_atom.sum.pct_of_peak_sustained_elapsed,lts__t_sectors_srcunit_tex_aperture_peer_op_atom.sum.per_second,lts__t_sectors_srcunit_tex_aperture_peer_op_read_lookup_miss.sum,lts__t_sectors_srcunit_tex_aperture_peer_op_read_lookup_miss.sum.pct_of_peak_sustained_elapsed,lts__t_sectors_srcunit_tex_aperture_peer_op_read_lookup_miss.sum.per_second,lts__t_sectors_srcunit_tex_aperture_peer_op_red.sum,lts__t_sectors_srcunit_tex_aperture_peer_op_red.sum.pct_of_peak_sustained_elapsed,lts__t_sectors_srcunit_tex_aperture_peer_op_red.sum.per_second,lts__t_sectors_srcunit_tex_aperture_peer_op_write.sum,lts__t_sectors_srcunit_tex_aperture_peer_op_write.sum.pct_of_peak_sustained_elapsed,lts__t_sectors_srcunit_tex_aperture_peer_op_write.sum.per_second,lts__t_sectors_srcunit_tex_aperture_sysmem_op_atom.sum,lts__t_sectors_srcunit_tex_aperture_sysmem_op_atom.sum.pct_of_peak_sustained_elapsed,lts__t_sectors_srcunit_tex_aperture_sysmem_op_atom.sum.per_second,lts__t_sectors_srcunit_tex_aperture_sysmem_op_read_lookup_miss.sum,lts__t_sectors_srcunit_tex_aperture_sysmem_op_read_lookup_miss.sum.pct_of_peak_sustained_elapsed,lts__t_sectors_srcunit_tex_aperture_sysmem_op_read_lookup_miss.sum.per_second,lts__t_sectors_srcunit_tex_aperture_sysmem_op_red.sum,lts__t_sectors_srcunit_tex_aperture_sysmem_op_red.sum.pct_of_peak_sustained_elapsed,lts__t_sectors_srcunit_tex_aperture_sysmem_op_red.sum.per_second,lts__t_sectors_srcunit_tex_aperture_sysmem_op_write.sum,lts__t_sectors_srcunit_tex_aperture_sysmem_op_write.sum.pct_of_peak_sustained_elapsed,lts__t_sectors_srcunit_tex_aperture_sysmem_op_write.sum.per_second,lts__t_sectors_srcunit_tex_op_read.avg.pct_of_peak_sustained_elapsed,lts__t_sectors_srcunit_tex_op_read.sum,lts__t_sectors_srcunit_tex_op_write.avg.pct_of_peak_sustained_elapsed,lts__t_sectors_srcunit_tex_op_write.sum,sm__icc_request_hit_rate.pct,sm__icc_requests.sum,sm__icc_requests.sum.pct_of_peak_sustained_elapsed,sm__sass_l1tex_m_xbar2l1tex_read_bytes_mem_global_op_ldgsts_cache_bypass.sum,sm__sass_l1tex_m_xbar2l1tex_read_bytes_mem_global_op_ldgsts_cache_bypass..."
group:memory__dram_table,"dram__bytes_read.sum,dram__bytes_read.sum.pct_of_peak_sustained_elapsed,dram__bytes_read.sum.per_second,dram__bytes_write.sum,dram__bytes_write.sum.pct_of_peak_sustained_elapsed,dram__bytes_write.sum.per_second,dram__sectors_read.sum,dram__sectors_write.sum","dram__bytes_read.sum,dram__bytes_read.sum.pct_of_peak_sustained_elapsed,dram__bytes_read.sum.per_second,dram__bytes_write.sum,dram__bytes_write.sum.pct_of_peak_sustained_elapsed,dram__bytes_write.sum.per_second,dram__sectors_read.sum,dram__sectors_write.sum"
group:memory__first_level_cache_table,"l1tex__lsu_writeback_active_mem_lg.sum,l1tex__lsu_writeback_active_mem_lg.sum.pct_of_peak_sustained_elapsed,l1tex__m_l1tex2xbar_write_sectors_mem_global_op_atom.sum,l1tex__m_l1tex2xbar_write_sectors_mem_global_op_atom.sum.pct_of_peak_sustained_elapsed,l1tex__m_l1tex2xbar_write_sectors_mem_global_op_red.sum,l1tex__m_l1tex2xbar_write_sectors_mem_global_op_red.sum.pct_of_peak_sustained_elapsed,l1tex__m_l1tex2xbar_write_sectors_mem_lg_op_st.sum,l1tex__m_l1tex2xbar_write_sectors_mem_lg_op_st.sum.pct_of_peak_sustained_elapsed,l1tex__m_l1tex2xbar_write_sectors_mem_surface_op_atom.sum,l1tex__m_l1tex2xbar_write_sectors_mem_surface_op_atom.sum.pct_of_peak_sustained_elapsed,l1tex__m_l1tex2xbar_write_sectors_mem_surface_op_red.sum,l1tex__m_l1tex2xbar_write_sectors_mem_surface_op_red.sum.pct_of_peak_sustained_elapsed,l1tex__m_l1tex2xbar_write_sectors_mem_surface_op_st.sum,l1tex__m_l1tex2xbar_write_sectors_mem_surface_op_st.sum.pct_of_peak_sustained_elapsed,l1tex__m_xbar2l1tex_read_sectors_mem_global_op_atom.sum,l1tex__m_xbar2l1tex_read_sectors_mem_global_op_atom.sum.pct_of_peak_sustained_elapsed,l1tex__m_xbar2l1tex_read_sectors_mem_lg_op_ld.sum,l1tex__m_xbar2l1tex_read_sectors_mem_lg_op_ld.sum.pct_of_peak_sustained_elapsed,l1tex__m_xbar2l1tex_read_sectors_mem_surface_op_atom.sum,l1tex__m_xbar2l1tex_read_sectors_mem_surface_op_atom.sum.pct_of_peak_sustained_elapsed,l1tex__m_xbar2l1tex_read_sectors_mem_surface_op_ld.sum,l1tex__m_xbar2l1tex_read_sectors_mem_surface_op_ld.sum.pct_of_peak_sustained_elapsed,l1tex__m_xbar2l1tex_read_sectors_mem_texture.sum,l1tex__m_xbar2l1tex_read_sectors_mem_texture.sum.pct_of_peak_sustained_elapsed,l1tex__t_output_wavefronts_pipe_lsu_mem_global_op_atom.sum,l1tex__t_output_wavefronts_pipe_lsu_mem_global_op_atom.sum.pct_of_peak_sustained_elapsed,l1tex__t_output_wavefronts_pipe_lsu_mem_global_op_ld.sum,l1tex__t_output_wavefronts_pipe_lsu_mem_global_op_ld.sum.pct_of_peak_sustained_elapsed,l1tex__t_output_wavefronts_pipe_lsu_mem_global_op_red.sum,l1tex__t_output_wavefronts_pipe_lsu_mem_global_op_red.sum.pct_of_peak_sustained_elapsed,l1tex__t_output_wavefronts_pipe_lsu_mem_global_op_st.sum,l1tex__t_output_wavefronts_pipe_lsu_mem_global_op_st.sum.pct_of_peak_sustained_elapsed,l1tex__t_output_wavefronts_pipe_lsu_mem_local_op_ld.sum,l1tex__t_output_wavefronts_pipe_lsu_mem_local_op_ld.sum.pct_of_peak_sustained_elapsed,l1tex__t_output_wavefronts_pipe_lsu_mem_local_op_st.sum,l1tex__t_output_wavefronts_pipe_lsu_mem_local_op_st.sum.pct_of_peak_sustained_elapsed,l1tex__t_output_wavefronts_pipe_tex_mem_surface_op_atom.sum,l1tex__t_output_wavefronts_pipe_tex_mem_surface_op_atom.sum.pct_of_peak_sustained_elapsed,l1tex__t_output_wavefronts_pipe_tex_mem_surface_op_ld.sum,l1tex__t_output_wavefronts_pipe_tex_mem_surface_op_ld.sum.pct_of_peak_sustained_elapsed,l1tex__t_output_wavefronts_pipe_tex_mem_surface_op_red.sum,l1tex__t_output_wavefronts_pipe_tex_mem_surface_op_red.sum.pct_of_peak_sustained_elapsed,l1tex__t_output_wavefronts_pipe_tex_mem_surface_op_st.sum,l1tex__t_output_wavefronts_pipe_tex_mem_surface_op_st.sum.pct_of_peak_sustained_elapsed,l1tex__t_output_wavefronts_pipe_tex_mem_texture.sum,l1tex__t_output_wavefronts_pipe_tex_mem_texture.sum.pct_of_peak_sustained_elapsed,l1tex__t_requests_pipe_lsu_mem_global_op_atom.sum,l1tex__t_requests_pipe_lsu_mem_global_op_atom.sum.pct_of_peak_sustained_elapsed,l1tex__t_requests_pipe_lsu_mem_global_op_ld.sum,l1tex__t_requests_pipe_lsu_mem_global_op_ld.sum.pct_of_peak_sustained_elapsed,l1tex__t_requests_pipe_lsu_mem_global_op_red.sum,l1tex__t_requests_pipe_lsu_mem_global_op_red.sum.pct_of_peak_sustained_elapsed,l1tex__t_requests_pipe_lsu_mem_global_op_st.sum,l1tex__t_requests_pipe_lsu_mem_global_op_st.sum.pct_of_peak_sustained_elapsed,l1tex__t_requests_pipe_lsu_mem_local_op_ld.sum,l1tex__t_requests_pipe_lsu_mem_local_op_ld.sum.pct_of_peak_sustained_elapsed,l1tex__t_requests_pipe_lsu_mem_local_op_st.sum,l1tex__t_requests_pipe_lsu_mem_local_op_st.sum.pct_of_peak_sustained_elapsed,l1tex__t_requests_pipe_tex_mem_surface_op_atom.sum,l1tex__t_requests_pipe_tex_mem_surface_op_atom.sum.pct_of_peak_sustained_elapsed,l1tex__t_requests_pipe_tex_mem_surface_op_ld.sum,l1tex__t_requests_pipe_tex_mem_surface_op_ld.sum.pct_of_peak_sustained_elapsed,l1tex__t_requests_pipe_tex_mem_surface_op_red.sum,l1tex__t_requests_pipe_tex_mem_surface_op_red.sum.pct_of_peak_sustained_elapsed,l1tex__t_requests_pipe_tex_mem_surface_op_st.sum,l1tex__t_requests_pipe_tex_mem_surface_op_st.sum.pct_of_peak_sustained_elapsed,l1tex__t_requests_pipe_tex_mem_texture.sum,l1tex__t_requests_pipe_tex_mem_texture.sum.pct_of_peak_sustained_elapsed,l1tex__t_sector_pipe_lsu_mem_global_op_atom_hit_rate.pct,l1tex__t_sector_pipe_lsu_mem_global_op_ld_hit_rate.pct,l1tex__t_sector_pipe_lsu_mem_global_op_red_hit_rate.pct,l1tex__t_sector_pipe_lsu_mem_global_op_st_hit_rate.pct,l1tex__t_sector_pipe_lsu_mem_local_op_ld_hit_rate.pct,l1tex__t_sector_pipe_lsu_mem_local_op_st_hit_rate.pct,l1tex__t_sector_pipe_tex_mem_surface_op_atom_...","l1tex__lsu_writeback_active_mem_lg.sum,l1tex__lsu_writeback_active_mem_lg.sum.pct_of_peak_sustained_elapsed,l1tex__m_l1tex2xbar_write_sectors_mem_global_op_atom.sum,l1tex__m_l1tex2xbar_write_sectors_mem_global_op_atom.sum.pct_of_peak_sustained_elapsed,l1tex__m_l1tex2xbar_write_sectors_mem_global_op_red.sum,l1tex__m_l1tex2xbar_write_sectors_mem_global_op_red.sum.pct_of_peak_sustained_elapsed,l1tex__m_l1tex2xbar_write_sectors_mem_lg_op_st.sum,l1tex__m_l1tex2xbar_write_sectors_mem_lg_op_st.sum.pct_of_peak_sustained_elapsed,l1tex__m_l1tex2xbar_write_sectors_mem_surface_op_atom.sum,l1tex__m_l1tex2xbar_write_sectors_mem_surface_op_atom.sum.pct_of_peak_sustained_elapsed,l1tex__m_l1tex2xbar_write_sectors_mem_surface_op_red.sum,l1tex__m_l1tex2xbar_write_sectors_mem_surface_op_red.sum.pct_of_peak_sustained_elapsed,l1tex__m_l1tex2xbar_write_sectors_mem_surface_op_st.sum,l1tex__m_l1tex2xbar_write_sectors_mem_surface_op_st.sum.pct_of_peak_sustained_elapsed,l1tex__m_xbar2l1tex_read_sectors_mem_global_op_atom.sum,l1tex__m_xbar2l1tex_read_sectors_mem_global_op_atom.sum.pct_of_peak_sustained_elapsed,l1tex__m_xbar2l1tex_read_sectors_mem_lg_op_ld.sum,l1tex__m_xbar2l1tex_read_sectors_mem_lg_op_ld.sum.pct_of_peak_sustained_elapsed,l1tex__m_xbar2l1tex_read_sectors_mem_surface_op_atom.sum,l1tex__m_xbar2l1tex_read_sectors_mem_surface_op_atom.sum.pct_of_peak_sustained_elapsed,l1tex__m_xbar2l1tex_read_sectors_mem_surface_op_ld.sum,l1tex__m_xbar2l1tex_read_sectors_mem_surface_op_ld.sum.pct_of_peak_sustained_elapsed,l1tex__m_xbar2l1tex_read_sectors_mem_texture.sum,l1tex__m_xbar2l1tex_read_sectors_mem_texture.sum.pct_of_peak_sustained_elapsed,l1tex__t_output_wavefronts_pipe_lsu_mem_global_op_atom.sum,l1tex__t_output_wavefronts_pipe_lsu_mem_global_op_atom.sum.pct_of_peak_sustained_elapsed,l1tex__t_output_wavefronts_pipe_lsu_mem_global_op_ld.sum,l1tex__t_output_wavefronts_pipe_lsu_mem_global_op_ld.sum.pct_of_peak_sustained_elapsed,l1tex__t_output_wavefronts_pipe_lsu_mem_global_op_red.sum,l1tex__t_output_wavefronts_pipe_lsu_mem_global_op_red.sum.pct_of_peak_sustained_elapsed,l1tex__t_output_wavefronts_pipe_lsu_mem_global_op_st.sum,l1tex__t_output_wavefronts_pipe_lsu_mem_global_op_st.sum.pct_of_peak_sustained_elapsed,l1tex__t_output_wavefronts_pipe_lsu_mem_local_op_ld.sum,l1tex__t_output_wavefronts_pipe_lsu_mem_local_op_ld.sum.pct_of_peak_sustained_elapsed,l1tex__t_output_wavefronts_pipe_lsu_mem_local_op_st.sum,l1tex__t_output_wavefronts_pipe_lsu_mem_local_op_st.sum.pct_of_peak_sustained_elapsed,l1tex__t_output_wavefronts_pipe_tex_mem_surface_op_atom.sum,l1tex__t_output_wavefronts_pipe_tex_mem_surface_op_atom.sum.pct_of_peak_sustained_elapsed,l1tex__t_output_wavefronts_pipe_tex_mem_surface_op_ld.sum,l1tex__t_output_wavefronts_pipe_tex_mem_surface_op_ld.sum.pct_of_peak_sustained_elapsed,l1tex__t_output_wavefronts_pipe_tex_mem_surface_op_red.sum,l1tex__t_output_wavefronts_pipe_tex_mem_surface_op_red.sum.pct_of_peak_sustained_elapsed,l1tex__t_output_wavefronts_pipe_tex_mem_surface_op_st.sum,l1tex__t_output_wavefronts_pipe_tex_mem_surface_op_st.sum.pct_of_peak_sustained_elapsed,l1tex__t_output_wavefronts_pipe_tex_mem_texture.sum,l1tex__t_output_wavefronts_pipe_tex_mem_texture.sum.pct_of_peak_sustained_elapsed,l1tex__t_requests_pipe_lsu_mem_global_op_atom.sum,l1tex__t_requests_pipe_lsu_mem_global_op_atom.sum.pct_of_peak_sustained_elapsed,l1tex__t_requests_pipe_lsu_mem_global_op_ld.sum,l1tex__t_requests_pipe_lsu_mem_global_op_ld.sum.pct_of_peak_sustained_elapsed,l1tex__t_requests_pipe_lsu_mem_global_op_red.sum,l1tex__t_requests_pipe_lsu_mem_global_op_red.sum.pct_of_peak_sustained_elapsed,l1tex__t_requests_pipe_lsu_mem_global_op_st.sum,l1tex__t_requests_pipe_lsu_mem_global_op_st.sum.pct_of_peak_sustained_elapsed,l1tex__t_requests_pipe_lsu_mem_local_op_ld.sum,l1tex__t_requests_pipe_lsu_mem_local_op_ld.sum.pct_of_peak_sustained_elapsed,l1tex__t_requests_pipe_lsu_mem_local_op_st.sum,l1tex__t_requests_pipe_lsu_mem_local_op_st.sum.pct_of_peak_sustained_elapsed,l1tex__t_requests_pipe_tex_mem_surface_op_atom.sum,l1tex__t_requests_pipe_tex_mem_surface_op_atom.sum.pct_of_peak_sustained_elapsed,l1tex__t_requests_pipe_tex_mem_surface_op_ld.sum,l1tex__t_requests_pipe_tex_mem_surface_op_ld.sum.pct_of_peak_sustained_elapsed,l1tex__t_requests_pipe_tex_mem_surface_op_red.sum,l1tex__t_requests_pipe_tex_mem_surface_op_red.sum.pct_of_peak_sustained_elapsed,l1tex__t_requests_pipe_tex_mem_surface_op_st.sum,l1tex__t_requests_pipe_tex_mem_surface_op_st.sum.pct_of_peak_sustained_elapsed,l1tex__t_requests_pipe_tex_mem_texture.sum,l1tex__t_requests_pipe_tex_mem_texture.sum.pct_of_peak_sustained_elapsed,l1tex__t_sector_pipe_lsu_mem_global_op_atom_hit_rate.pct,l1tex__t_sector_pipe_lsu_mem_global_op_ld_hit_rate.pct,l1tex__t_sector_pipe_lsu_mem_global_op_red_hit_rate.pct,l1tex__t_sector_pipe_lsu_mem_global_op_st_hit_rate.pct,l1tex__t_sector_pipe_lsu_mem_local_op_ld_hit_rate.pct,l1tex__t_sector_pipe_lsu_mem_local_op_st_hit_rate.pct,l1tex__t_sector_pipe_tex_mem_surface_op_atom_..."
group:memory__l2_cache_evict_policy_table,"lts__t_sectors_evict_first_lookup_hit.sum,lts__t_sectors_evict_first_lookup_miss.sum,lts__t_sectors_evict_last_lookup_hit.sum,lts__t_sectors_evict_last_lookup_miss.sum,lts__t_sectors_evict_normal_demote_lookup_hit.sum,lts__t_sectors_evict_normal_demote_lookup_miss.sum,lts__t_sectors_evict_normal_lookup_hit.sum,lts__t_sectors_evict_normal_lookup_miss.sum,lts__t_sectors_srcunit_tex_evict_first_lookup_hit.sum,lts__t_sectors_srcunit_tex_evict_first_lookup_miss.sum,lts__t_sectors_srcunit_tex_evict_last_lookup_hit.sum,lts__t_sectors_srcunit_tex_evict_last_lookup_miss.sum,lts__t_sectors_srcunit_tex_evict_normal_demote_lookup_hit.sum,lts__t_sectors_srcunit_tex_evict_normal_demote_lookup_miss.sum,lts__t_sectors_srcunit_tex_evict_normal_lookup_hit.sum,lts__t_sectors_srcunit_tex_evict_normal_lookup_miss.sum,lts__t_sectors_srcunit_tex_op_atom_evict_first_lookup_hit.sum,lts__t_sectors_srcunit_tex_op_atom_evict_first_lookup_miss.sum,lts__t_sectors_srcunit_tex_op_atom_evict_last_lookup_hit.sum,lts__t_sectors_srcunit_tex_op_atom_evict_last_lookup_miss.sum,lts__t_sectors_srcunit_tex_op_atom_evict_normal_lookup_hit.sum,lts__t_sectors_srcunit_tex_op_atom_evict_normal_lookup_miss.sum,lts__t_sectors_srcunit_tex_op_read_evict_first_lookup_hit.sum,lts__t_sectors_srcunit_tex_op_read_evict_first_lookup_miss.sum,lts__t_sectors_srcunit_tex_op_read_evict_last_lookup_hit.sum,lts__t_sectors_srcunit_tex_op_read_evict_last_lookup_miss.sum,lts__t_sectors_srcunit_tex_op_read_evict_normal_demote_lookup_hit.sum,lts__t_sectors_srcunit_tex_op_read_evict_normal_demote_lookup_miss.sum,lts__t_sectors_srcunit_tex_op_read_evict_normal_lookup_hit.sum,lts__t_sectors_srcunit_tex_op_read_evict_normal_lookup_miss.sum,lts__t_sectors_srcunit_tex_op_write_evict_first_lookup_hit.sum,lts__t_sectors_srcunit_tex_op_write_evict_first_lookup_miss.sum,lts__t_sectors_srcunit_tex_op_write_evict_last_lookup_hit.sum,lts__t_sectors_srcunit_tex_op_write_evict_last_lookup_miss.sum,lts__t_sectors_srcunit_tex_op_write_evict_normal_demote_lookup_hit.sum,lts__t_sectors_srcunit_tex_op_write_evict_normal_demote_lookup_miss.sum,lts__t_sectors_srcunit_tex_op_write_evict_normal_lookup_hit.sum,lts__t_sectors_srcunit_tex_op_write_evict_normal_lookup_miss.sum","lts__t_sectors_evict_first_lookup_hit.sum,lts__t_sectors_evict_first_lookup_miss.sum,lts__t_sectors_evict_last_lookup_hit.sum,lts__t_sectors_evict_last_lookup_miss.sum,lts__t_sectors_evict_normal_demote_lookup_hit.sum,lts__t_sectors_evict_normal_demote_lookup_miss.sum,lts__t_sectors_evict_normal_lookup_hit.sum,lts__t_sectors_evict_normal_lookup_miss.sum,lts__t_sectors_srcunit_tex_evict_first_lookup_hit.sum,lts__t_sectors_srcunit_tex_evict_first_lookup_miss.sum,lts__t_sectors_srcunit_tex_evict_last_lookup_hit.sum,lts__t_sectors_srcunit_tex_evict_last_lookup_miss.sum,lts__t_sectors_srcunit_tex_evict_normal_demote_lookup_hit.sum,lts__t_sectors_srcunit_tex_evict_normal_demote_lookup_miss.sum,lts__t_sectors_srcunit_tex_evict_normal_lookup_hit.sum,lts__t_sectors_srcunit_tex_evict_normal_lookup_miss.sum,lts__t_sectors_srcunit_tex_op_atom_evict_first_lookup_hit.sum,lts__t_sectors_srcunit_tex_op_atom_evict_first_lookup_miss.sum,lts__t_sectors_srcunit_tex_op_atom_evict_last_lookup_hit.sum,lts__t_sectors_srcunit_tex_op_atom_evict_last_lookup_miss.sum,lts__t_sectors_srcunit_tex_op_atom_evict_normal_lookup_hit.sum,lts__t_sectors_srcunit_tex_op_atom_evict_normal_lookup_miss.sum,lts__t_sectors_srcunit_tex_op_read_evict_first_lookup_hit.sum,lts__t_sectors_srcunit_tex_op_read_evict_first_lookup_miss.sum,lts__t_sectors_srcunit_tex_op_read_evict_last_lookup_hit.sum,lts__t_sectors_srcunit_tex_op_read_evict_last_lookup_miss.sum,lts__t_sectors_srcunit_tex_op_read_evict_normal_demote_lookup_hit.sum,lts__t_sectors_srcunit_tex_op_read_evict_normal_demote_lookup_miss.sum,lts__t_sectors_srcunit_tex_op_read_evict_normal_lookup_hit.sum,lts__t_sectors_srcunit_tex_op_read_evict_normal_lookup_miss.sum,lts__t_sectors_srcunit_tex_op_write_evict_first_lookup_hit.sum,lts__t_sectors_srcunit_tex_op_write_evict_first_lookup_miss.sum,lts__t_sectors_srcunit_tex_op_write_evict_last_lookup_hit.sum,lts__t_sectors_srcunit_tex_op_write_evict_last_lookup_miss.sum,lts__t_sectors_srcunit_tex_op_write_evict_normal_demote_lookup_hit.sum,lts__t_sectors_srcunit_tex_op_write_evict_normal_demote_lookup_miss.sum,lts__t_sectors_srcunit_tex_op_write_evict_normal_lookup_hit.sum,lts__t_sectors_srcunit_tex_op_write_evict_normal_lookup_miss.sum"
group:memory__l2_cache_table,"lts__t_requests.sum,lts__t_requests_srcunit_gcc.sum,lts__t_requests_srcunit_tex.sum,lts__t_requests_srcunit_tex_op_atom_dot_alu.sum,lts__t_requests_srcunit_tex_op_atom_dot_cas.sum,lts__t_requests_srcunit_tex_op_read.sum,lts__t_requests_srcunit_tex_op_red.sum,lts__t_requests_srcunit_tex_op_write.sum,lts__t_sectors.avg.pct_of_peak_sustained_elapsed,lts__t_sectors.avg.peak_sustained,lts__t_sectors.avg.per_cycle_elapsed,lts__t_sectors.sum,lts__t_sectors.sum.per_second,lts__t_sectors_aperture_device_lookup_miss.sum,lts__t_sectors_aperture_peer_lookup_miss.sum,lts__t_sectors_aperture_sysmem_lookup_miss.sum,lts__t_sectors_data_ecc.avg.pct_of_peak_sustained_elapsed,lts__t_sectors_data_ecc.avg.peak_sustained,lts__t_sectors_data_ecc.avg.per_cycle_elapsed,lts__t_sectors_data_ecc.sum,lts__t_sectors_data_ecc.sum.per_second,lts__t_sectors_lookup_hit.sum,lts__t_sectors_lookup_miss.sum,lts__t_sectors_srcunit_gcc.avg.pct_of_peak_sustained_elapsed,lts__t_sectors_srcunit_gcc.avg.peak_sustained,lts__t_sectors_srcunit_gcc.avg.per_cycle_elapsed,lts__t_sectors_srcunit_gcc.sum,lts__t_sectors_srcunit_gcc.sum.per_second,lts__t_sectors_srcunit_gcc_aperture_device_lookup_miss.sum,lts__t_sectors_srcunit_gcc_aperture_peer_lookup_miss.sum,lts__t_sectors_srcunit_gcc_aperture_sysmem_lookup_miss.sum,lts__t_sectors_srcunit_gcc_lookup_hit.sum,lts__t_sectors_srcunit_gcc_lookup_miss.sum,lts__t_sectors_srcunit_tex.avg.pct_of_peak_sustained_elapsed,lts__t_sectors_srcunit_tex.avg.peak_sustained,lts__t_sectors_srcunit_tex.avg.per_cycle_elapsed,lts__t_sectors_srcunit_tex.sum,lts__t_sectors_srcunit_tex.sum.pct_of_peak_sustained_elapsed,lts__t_sectors_srcunit_tex.sum.per_second,lts__t_sectors_srcunit_tex_aperture_device_lookup_miss.sum,lts__t_sectors_srcunit_tex_aperture_device_op_atom_dot_alu_lookup_miss.sum,lts__t_sectors_srcunit_tex_aperture_device_op_atom_dot_cas_lookup_miss.sum,lts__t_sectors_srcunit_tex_aperture_device_op_read_lookup_miss.sum,lts__t_sectors_srcunit_tex_aperture_device_op_red_lookup_miss.sum,lts__t_sectors_srcunit_tex_aperture_device_op_write_lookup_miss.sum,lts__t_sectors_srcunit_tex_aperture_peer_lookup_miss.sum,lts__t_sectors_srcunit_tex_aperture_peer_op_atom_dot_alu_lookup_miss.sum,lts__t_sectors_srcunit_tex_aperture_peer_op_atom_dot_cas_lookup_miss.sum,lts__t_sectors_srcunit_tex_aperture_peer_op_read_lookup_miss.sum,lts__t_sectors_srcunit_tex_aperture_peer_op_red_lookup_miss.sum,lts__t_sectors_srcunit_tex_aperture_peer_op_write_lookup_miss.sum,lts__t_sectors_srcunit_tex_aperture_sysmem_lookup_miss.sum,lts__t_sectors_srcunit_tex_aperture_sysmem_op_atom_dot_alu_lookup_miss.sum,lts__t_sectors_srcunit_tex_aperture_sysmem_op_atom_dot_cas_lookup_miss.sum,lts__t_sectors_srcunit_tex_aperture_sysmem_op_read_lookup_miss.sum,lts__t_sectors_srcunit_tex_aperture_sysmem_op_red_lookup_miss.sum,lts__t_sectors_srcunit_tex_aperture_sysmem_op_write_lookup_miss.sum,lts__t_sectors_srcunit_tex_lookup_hit.sum,lts__t_sectors_srcunit_tex_lookup_miss.sum,lts__t_sectors_srcunit_tex_op_atom_dot_alu.avg.pct_of_peak_sustained_elapsed,lts__t_sectors_srcunit_tex_op_atom_dot_alu.avg.peak_sustained,lts__t_sectors_srcunit_tex_op_atom_dot_alu.avg.per_cycle_elapsed,lts__t_sectors_srcunit_tex_op_atom_dot_alu.sum,lts__t_sectors_srcunit_tex_op_atom_dot_alu.sum.per_second,lts__t_sectors_srcunit_tex_op_atom_dot_alu_lookup_hit.sum,lts__t_sectors_srcunit_tex_op_atom_dot_alu_lookup_miss.sum,lts__t_sectors_srcunit_tex_op_atom_dot_cas.avg.pct_of_peak_sustained_elapsed,lts__t_sectors_srcunit_tex_op_atom_dot_cas.avg.peak_sustained,lts__t_sectors_srcunit_tex_op_atom_dot_cas.avg.per_cycle_elapsed,lts__t_sectors_srcunit_tex_op_atom_dot_cas.sum,lts__t_sectors_srcunit_tex_op_atom_dot_cas.sum.per_second,lts__t_sectors_srcunit_tex_op_atom_dot_cas_lookup_hit.sum,lts__t_sectors_srcunit_tex_op_atom_dot_cas_lookup_miss.sum,lts__t_sectors_srcunit_tex_op_read.avg.pct_of_peak_sustained_elapsed,lts__t_sectors_srcunit_tex_op_read.avg.peak_sustained,lts__t_sectors_srcunit_tex_op_read.avg.per_cycle_elapsed,lts__t_sectors_srcunit_tex_op_read.sum,lts__t_sectors_srcunit_tex_op_read.sum.per_second,lts__t_sectors_srcunit_tex_op_read_lookup_hit.sum,lts__t_sectors_srcunit_tex_op_read_lookup_miss.sum,lts__t_sectors_srcunit_tex_op_red.avg.pct_of_peak_sustained_elapsed,lts__t_sectors_srcunit_tex_op_red.avg.peak_sustained,lts__t_sectors_srcunit_tex_op_red.avg.per_cycle_elapsed,lts__t_sectors_srcunit_tex_op_red.sum,lts__t_sectors_srcunit_tex_op_red.sum.per_second,lts__t_sectors_srcunit_tex_op_red_lookup_hit.sum,lts__t_sectors_srcunit_tex_op_red_lookup_miss.sum,lts__t_sectors_srcunit_tex_op_write.avg.pct_of_peak_sustained_elapsed,lts__t_sectors_srcunit_tex_op_write.avg.peak_sustained,lts__t_sectors_srcunit_tex_op_write.avg.per_cycle_elapsed,lts__t_sectors_srcunit_tex_op_write.sum,lts__t_sectors_srcunit_tex_op_write.sum.per_second,lts__t_sectors_srcunit_tex_op_write_lookup_hit.sum,lts__t_sectors_srcunit_tex_op_write_lookup_miss.sum","lts__t_requests.sum,lts__t_requests_srcunit_gcc.sum,lts__t_requests_srcunit_tex.sum,lts__t_requests_srcunit_tex_op_atom_dot_alu.sum,lts__t_requests_srcunit_tex_op_atom_dot_cas.sum,lts__t_requests_srcunit_tex_op_read.sum,lts__t_requests_srcunit_tex_op_red.sum,lts__t_requests_srcunit_tex_op_write.sum,lts__t_sectors.avg.pct_of_peak_sustained_elapsed,lts__t_sectors.avg.peak_sustained,lts__t_sectors.avg.per_cycle_elapsed,lts__t_sectors.sum,lts__t_sectors.sum.per_second,lts__t_sectors_aperture_device_lookup_miss.sum,lts__t_sectors_aperture_peer_lookup_miss.sum,lts__t_sectors_aperture_sysmem_lookup_miss.sum,lts__t_sectors_data_ecc.avg.pct_of_peak_sustained_elapsed,lts__t_sectors_data_ecc.avg.peak_sustained,lts__t_sectors_data_ecc.avg.per_cycle_elapsed,lts__t_sectors_data_ecc.sum,lts__t_sectors_data_ecc.sum.per_second,lts__t_sectors_lookup_hit.sum,lts__t_sectors_lookup_miss.sum,lts__t_sectors_srcunit_gcc.avg.pct_of_peak_sustained_elapsed,lts__t_sectors_srcunit_gcc.avg.peak_sustained,lts__t_sectors_srcunit_gcc.avg.per_cycle_elapsed,lts__t_sectors_srcunit_gcc.sum,lts__t_sectors_srcunit_gcc.sum.per_second,lts__t_sectors_srcunit_gcc_aperture_device_lookup_miss.sum,lts__t_sectors_srcunit_gcc_aperture_peer_lookup_miss.sum,lts__t_sectors_srcunit_gcc_aperture_sysmem_lookup_miss.sum,lts__t_sectors_srcunit_gcc_lookup_hit.sum,lts__t_sectors_srcunit_gcc_lookup_miss.sum,lts__t_sectors_srcunit_tex.avg.pct_of_peak_sustained_elapsed,lts__t_sectors_srcunit_tex.avg.peak_sustained,lts__t_sectors_srcunit_tex.avg.per_cycle_elapsed,lts__t_sectors_srcunit_tex.sum,lts__t_sectors_srcunit_tex.sum.pct_of_peak_sustained_elapsed,lts__t_sectors_srcunit_tex.sum.per_second,lts__t_sectors_srcunit_tex_aperture_device_lookup_miss.sum,lts__t_sectors_srcunit_tex_aperture_device_op_atom_dot_alu_lookup_miss.sum,lts__t_sectors_srcunit_tex_aperture_device_op_atom_dot_cas_lookup_miss.sum,lts__t_sectors_srcunit_tex_aperture_device_op_read_lookup_miss.sum,lts__t_sectors_srcunit_tex_aperture_device_op_red_lookup_miss.sum,lts__t_sectors_srcunit_tex_aperture_device_op_write_lookup_miss.sum,lts__t_sectors_srcunit_tex_aperture_peer_lookup_miss.sum,lts__t_sectors_srcunit_tex_aperture_peer_op_atom_dot_alu_lookup_miss.sum,lts__t_sectors_srcunit_tex_aperture_peer_op_atom_dot_cas_lookup_miss.sum,lts__t_sectors_srcunit_tex_aperture_peer_op_read_lookup_miss.sum,lts__t_sectors_srcunit_tex_aperture_peer_op_red_lookup_miss.sum,lts__t_sectors_srcunit_tex_aperture_peer_op_write_lookup_miss.sum,lts__t_sectors_srcunit_tex_aperture_sysmem_lookup_miss.sum,lts__t_sectors_srcunit_tex_aperture_sysmem_op_atom_dot_alu_lookup_miss.sum,lts__t_sectors_srcunit_tex_aperture_sysmem_op_atom_dot_cas_lookup_miss.sum,lts__t_sectors_srcunit_tex_aperture_sysmem_op_read_lookup_miss.sum,lts__t_sectors_srcunit_tex_aperture_sysmem_op_red_lookup_miss.sum,lts__t_sectors_srcunit_tex_aperture_sysmem_op_write_lookup_miss.sum,lts__t_sectors_srcunit_tex_lookup_hit.sum,lts__t_sectors_srcunit_tex_lookup_miss.sum,lts__t_sectors_srcunit_tex_op_atom_dot_alu.avg.pct_of_peak_sustained_elapsed,lts__t_sectors_srcunit_tex_op_atom_dot_alu.avg.peak_sustained,lts__t_sectors_srcunit_tex_op_atom_dot_alu.avg.per_cycle_elapsed,lts__t_sectors_srcunit_tex_op_atom_dot_alu.sum,lts__t_sectors_srcunit_tex_op_atom_dot_alu.sum.per_second,lts__t_sectors_srcunit_tex_op_atom_dot_alu_lookup_hit.sum,lts__t_sectors_srcunit_tex_op_atom_dot_alu_lookup_miss.sum,lts__t_sectors_srcunit_tex_op_atom_dot_cas.avg.pct_of_peak_sustained_elapsed,lts__t_sectors_srcunit_tex_op_atom_dot_cas.avg.peak_sustained,lts__t_sectors_srcunit_tex_op_atom_dot_cas.avg.per_cycle_elapsed,lts__t_sectors_srcunit_tex_op_atom_dot_cas.sum,lts__t_sectors_srcunit_tex_op_atom_dot_cas.sum.per_second,lts__t_sectors_srcunit_tex_op_atom_dot_cas_lookup_hit.sum,lts__t_sectors_srcunit_tex_op_atom_dot_cas_lookup_miss.sum,lts__t_sectors_srcunit_tex_op_read.avg.pct_of_peak_sustained_elapsed,lts__t_sectors_srcunit_tex_op_read.avg.peak_sustained,lts__t_sectors_srcunit_tex_op_read.avg.per_cycle_elapsed,lts__t_sectors_srcunit_tex_op_read.sum,lts__t_sectors_srcunit_tex_op_read.sum.per_second,lts__t_sectors_srcunit_tex_op_read_lookup_hit.sum,lts__t_sectors_srcunit_tex_op_read_lookup_miss.sum,lts__t_sectors_srcunit_tex_op_red.avg.pct_of_peak_sustained_elapsed,lts__t_sectors_srcunit_tex_op_red.avg.peak_sustained,lts__t_sectors_srcunit_tex_op_red.avg.per_cycle_elapsed,lts__t_sectors_srcunit_tex_op_red.sum,lts__t_sectors_srcunit_tex_op_red.sum.per_second,lts__t_sectors_srcunit_tex_op_red_lookup_hit.sum,lts__t_sectors_srcunit_tex_op_red_lookup_miss.sum,lts__t_sectors_srcunit_tex_op_write.avg.pct_of_peak_sustained_elapsed,lts__t_sectors_srcunit_tex_op_write.avg.peak_sustained,lts__t_sectors_srcunit_tex_op_write.avg.per_cycle_elapsed,lts__t_sectors_srcunit_tex_op_write.sum,lts__t_sectors_srcunit_tex_op_write.sum.per_second,lts__t_sectors_srcunit_tex_op_write_lookup_hit.sum,lts__t_sectors_srcunit_tex_op_write_lookup_miss.sum"
group:memory__shared_table,"l1tex__data_bank_conflicts_pipe_lsu_mem_shared.sum,l1tex__data_bank_conflicts_pipe_lsu_mem_shared_op_atom.sum,l1tex__data_bank_conflicts_pipe_lsu_mem_shared_op_ld.sum,l1tex__data_bank_conflicts_pipe_lsu_mem_shared_op_st.sum,l1tex__data_pipe_lsu_wavefronts_mem_shared.sum,l1tex__data_pipe_lsu_wavefronts_mem_shared.sum.pct_of_peak_sustained_elapsed,l1tex__data_pipe_lsu_wavefronts_mem_shared_op_atom.sum,l1tex__data_pipe_lsu_wavefronts_mem_shared_op_atom.sum.pct_of_peak_sustained_elapsed,l1tex__data_pipe_lsu_wavefronts_mem_shared_op_ld.sum,l1tex__data_pipe_lsu_wavefronts_mem_shared_op_ld.sum.pct_of_peak_sustained_elapsed,l1tex__data_pipe_lsu_wavefronts_mem_shared_op_st.sum,l1tex__data_pipe_lsu_wavefronts_mem_shared_op_st.sum.pct_of_peak_sustained_elapsed,smsp__inst_executed_op_ldgsts.sum,smsp__inst_executed_op_ldsm.sum,smsp__inst_executed_op_shared_atom.sum,smsp__sass_inst_executed_op_shared_ld.sum,smsp__sass_inst_executed_op_shared_st.sum,smsp__sass_l1tex_data_bank_conflicts_pipe_lsu_mem_shared_op_ldgsts.sum,smsp__sass_l1tex_data_bank_conflicts_pipe_lsu_mem_shared_op_st.sum,smsp__sass_l1tex_data_pipe_lsu_wavefronts_mem_shared_op_ldgsts.sum,smsp__sass_l1tex_data_pipe_lsu_wavefronts_mem_shared_op_ldgsts.sum.pct_of_peak_sustained_elapsed,smsp__sass_l1tex_data_pipe_lsu_wavefronts_mem_shared_op_st.sum,smsp__sass_l1tex_data_pipe_lsu_wavefronts_mem_shared_op_st.sum.pct_of_peak_sustained_elapsed","l1tex__data_bank_conflicts_pipe_lsu_mem_shared.sum,l1tex__data_bank_conflicts_pipe_lsu_mem_shared_op_atom.sum,l1tex__data_bank_conflicts_pipe_lsu_mem_shared_op_ld.sum,l1tex__data_bank_conflicts_pipe_lsu_mem_shared_op_st.sum,l1tex__data_pipe_lsu_wavefronts_mem_shared.sum,l1tex__data_pipe_lsu_wavefronts_mem_shared.sum.pct_of_peak_sustained_elapsed,l1tex__data_pipe_lsu_wavefronts_mem_shared_op_atom.sum,l1tex__data_pipe_lsu_wavefronts_mem_shared_op_atom.sum.pct_of_peak_sustained_elapsed,l1tex__data_pipe_lsu_wavefronts_mem_shared_op_ld.sum,l1tex__data_pipe_lsu_wavefronts_mem_shared_op_ld.sum.pct_of_peak_sustained_elapsed,l1tex__data_pipe_lsu_wavefronts_mem_shared_op_st.sum,l1tex__data_pipe_lsu_wavefronts_mem_shared_op_st.sum.pct_of_peak_sustained_elapsed,smsp__inst_executed_op_ldgsts.sum,smsp__inst_executed_op_ldsm.sum,smsp__inst_executed_op_shared_atom.sum,smsp__sass_inst_executed_op_shared_ld.sum,smsp__sass_inst_executed_op_shared_st.sum,smsp__sass_l1tex_data_bank_conflicts_pipe_lsu_mem_shared_op_ldgsts.sum,smsp__sass_l1tex_data_bank_conflicts_pipe_lsu_mem_shared_op_st.sum,smsp__sass_l1tex_data_pipe_lsu_wavefronts_mem_shared_op_ldgsts.sum,smsp__sass_l1tex_data_pipe_lsu_wavefronts_mem_shared_op_ldgsts.sum.pct_of_peak_sustained_elapsed,smsp__sass_l1tex_data_pipe_lsu_wavefronts_mem_shared_op_st.sum,smsp__sass_l1tex_data_pipe_lsu_wavefronts_mem_shared_op_st.sum.pct_of_peak_sustained_elapsed"
group:smsp__pcsamp_warp_stall_reasons,"smsp__pcsamp_warps_issue_stalled_barrier,smsp__pcsamp_warps_issue_stalled_branch_resolving,smsp__pcsamp_warps_issue_stalled_dispatch_stall,smsp__pcsamp_warps_issue_stalled_drain,smsp__pcsamp_warps_issue_stalled_imc_miss,smsp__pcsamp_warps_issue_stalled_lg_throttle,smsp__pcsamp_warps_issue_stalled_long_scoreboard,smsp__pcsamp_warps_issue_stalled_math_pipe_throttle,smsp__pcsamp_warps_issue_stalled_membar,smsp__pcsamp_warps_issue_stalled_mio_throttle,smsp__pcsamp_warps_issue_stalled_misc,smsp__pcsamp_warps_issue_stalled_no_instructions,smsp__pcsamp_warps_issue_stalled_not_selected,smsp__pcsamp_warps_issue_stalled_selected,smsp__pcsamp_warps_issue_stalled_short_scoreboard,smsp__pcsamp_warps_issue_stalled_sleeping,smsp__pcsamp_warps_issue_stalled_tex_throttle,smsp__pcsamp_warps_issue_stalled_wait","smsp__pcsamp_warps_issue_stalled_barrier,smsp__pcsamp_warps_issue_stalled_branch_resolving,smsp__pcsamp_warps_issue_stalled_dispatch_stall,smsp__pcsamp_warps_issue_stalled_drain,smsp__pcsamp_warps_issue_stalled_imc_miss,smsp__pcsamp_warps_issue_stalled_lg_throttle,smsp__pcsamp_warps_issue_stalled_long_scoreboard,smsp__pcsamp_warps_issue_stalled_math_pipe_throttle,smsp__pcsamp_warps_issue_stalled_membar,smsp__pcsamp_warps_issue_stalled_mio_throttle,smsp__pcsamp_warps_issue_stalled_misc,smsp__pcsamp_warps_issue_stalled_no_instructions,smsp__pcsamp_warps_issue_stalled_not_selected,smsp__pcsamp_warps_issue_stalled_selected,smsp__pcsamp_warps_issue_stalled_short_scoreboard,smsp__pcsamp_warps_issue_stalled_sleeping,smsp__pcsamp_warps_issue_stalled_tex_throttle,smsp__pcsamp_warps_issue_stalled_wait"
group:smsp__pcsamp_warp_stall_reasons_not_issued,"smsp__pcsamp_warps_issue_stalled_barrier_not_issued,smsp__pcsamp_warps_issue_stalled_branch_resolving_not_issued,smsp__pcsamp_warps_issue_stalled_dispatch_stall_not_issued,smsp__pcsamp_warps_issue_stalled_drain_not_issued,smsp__pcsamp_warps_issue_stalled_imc_miss_not_issued,smsp__pcsamp_warps_issue_stalled_lg_throttle_not_issued,smsp__pcsamp_warps_issue_stalled_long_scoreboard_not_issued,smsp__pcsamp_warps_issue_stalled_math_pipe_throttle_not_issued,smsp__pcsamp_warps_issue_stalled_membar_not_issued,smsp__pcsamp_warps_issue_stalled_mio_throttle_not_issued,smsp__pcsamp_warps_issue_stalled_misc_not_issued,smsp__pcsamp_warps_issue_stalled_no_instructions_not_issued,smsp__pcsamp_warps_issue_stalled_not_selected_not_issued,smsp__pcsamp_warps_issue_stalled_selected_not_issued,smsp__pcsamp_warps_issue_stalled_short_scoreboard_not_issued,smsp__pcsamp_warps_issue_stalled_sleeping_not_issued,smsp__pcsamp_warps_issue_stalled_tex_throttle_not_issued,smsp__pcsamp_warps_issue_stalled_wait_not_issued","smsp__pcsamp_warps_issue_stalled_barrier_not_issued,smsp__pcsamp_warps_issue_stalled_branch_resolving_not_issued,smsp__pcsamp_warps_issue_stalled_dispatch_stall_not_issued,smsp__pcsamp_warps_issue_stalled_drain_not_issued,smsp__pcsamp_warps_issue_stalled_imc_miss_not_issued,smsp__pcsamp_warps_issue_stalled_lg_throttle_not_issued,smsp__pcsamp_warps_issue_stalled_long_scoreboard_not_issued,smsp__pcsamp_warps_issue_stalled_math_pipe_throttle_not_issued,smsp__pcsamp_warps_issue_stalled_membar_not_issued,smsp__pcsamp_warps_issue_stalled_mio_throttle_not_issued,smsp__pcsamp_warps_issue_stalled_misc_not_issued,smsp__pcsamp_warps_issue_stalled_no_instructions_not_issued,smsp__pcsamp_warps_issue_stalled_not_selected_not_issued,smsp__pcsamp_warps_issue_stalled_selected_not_issued,smsp__pcsamp_warps_issue_stalled_short_scoreboard_not_issued,smsp__pcsamp_warps_issue_stalled_sleeping_not_issued,smsp__pcsamp_warps_issue_stalled_tex_throttle_not_issued,smsp__pcsamp_warps_issue_stalled_wait_not_issued"
group:smsp__pmwarpsamp_warp_stall_reasons,"warpsampling:smsp__pcsamp_warps_issue_stalled_barrier,warpsampling:smsp__pcsamp_warps_issue_stalled_branch_resolving,warpsampling:smsp__pcsamp_warps_issue_stalled_dispatch_stall,warpsampling:smsp__pcsamp_warps_issue_stalled_drain,warpsampling:smsp__pcsamp_warps_issue_stalled_imc_miss,warpsampling:smsp__pcsamp_warps_issue_stalled_lg_throttle,warpsampling:smsp__pcsamp_warps_issue_stalled_long_scoreboard,warpsampling:smsp__pcsamp_warps_issue_stalled_math_pipe_throttle,warpsampling:smsp__pcsamp_warps_issue_stalled_membar,warpsampling:smsp__pcsamp_warps_issue_stalled_mio_throttle,warpsampling:smsp__pcsamp_warps_issue_stalled_misc,warpsampling:smsp__pcsamp_warps_issue_stalled_no_instructions,warpsampling:smsp__pcsamp_warps_issue_stalled_not_selected,warpsampling:smsp__pcsamp_warps_issue_stalled_selected,warpsampling:smsp__pcsamp_warps_issue_stalled_short_scoreboard,warpsampling:smsp__pcsamp_warps_issue_stalled_sleeping,warpsampling:smsp__pcsamp_warps_issue_stalled_tex_throttle,warpsampling:smsp__pcsamp_warps_issue_stalled_wait","warpsampling:smsp__pcsamp_warps_issue_stalled_barrier,warpsampling:smsp__pcsamp_warps_issue_stalled_branch_resolving,warpsampling:smsp__pcsamp_warps_issue_stalled_dispatch_stall,warpsampling:smsp__pcsamp_warps_issue_stalled_drain,warpsampling:smsp__pcsamp_warps_issue_stalled_imc_miss,warpsampling:smsp__pcsamp_warps_issue_stalled_lg_throttle,warpsampling:smsp__pcsamp_warps_issue_stalled_long_scoreboard,warpsampling:smsp__pcsamp_warps_issue_stalled_math_pipe_throttle,warpsampling:smsp__pcsamp_warps_issue_stalled_membar,warpsampling:smsp__pcsamp_warps_issue_stalled_mio_throttle,warpsampling:smsp__pcsamp_warps_issue_stalled_misc,warpsampling:smsp__pcsamp_warps_issue_stalled_no_instructions,warpsampling:smsp__pcsamp_warps_issue_stalled_not_selected,warpsampling:smsp__pcsamp_warps_issue_stalled_selected,warpsampling:smsp__pcsamp_warps_issue_stalled_short_scoreboard,warpsampling:smsp__pcsamp_warps_issue_stalled_sleeping,warpsampling:smsp__pcsamp_warps_issue_stalled_tex_throttle,warpsampling:smsp__pcsamp_warps_issue_stalled_wait"
idc__request_cycles_active.avg.pct_of_peak_sustained_elapsed [%],0.03,0.03
idc__request_cycles_active.max.pct_of_peak_sustained_elapsed [%],0.07,0.07
idc__request_cycles_active.min.pct_of_peak_sustained_elapsed [%],0,0
idc__request_cycles_active.sum.pct_of_peak_sustained_elapsed [%],0.03,0.03
idc__request_hit_rate.pct [%],97.71,97.72
idc__requests.sum,"4,497","4,554"
idc__requests.sum.pct_of_peak_sustained_elapsed [%],0.03,0.03
inst_executed [inst],"11,26,285 {807}","11,26,285 {807}"
l1tex__cycles_active.avg [cycle],"6,43,871.20","5,83,822.40"
l1tex__cycles_active.max [cycle],"16,27,059","16,78,281"
l1tex__cycles_active.min [cycle],0,0
l1tex__cycles_active.sum [cycle],"1,28,77,424","1,16,76,448"
l1tex__cycles_elapsed.avg [cycle],"16,29,007.80","16,80,283.70"
l1tex__cycles_elapsed.avg.per_second [Ghz],2.13,2.13
l1tex__cycles_elapsed.max [cycle],"16,29,036","16,80,287"
l1tex__cycles_elapsed.max.per_second [Ghz],2.13,2.13
l1tex__cycles_elapsed.min [cycle],"16,28,958","16,80,280"
l1tex__cycles_elapsed.min.per_second [Ghz],2.13,2.13
l1tex__cycles_elapsed.sum [cycle],"3,25,80,156","3,36,05,674"
l1tex__cycles_elapsed.sum.per_second [Ghz],42.60,42.60
l1tex__data_bank_conflicts_pipe_lsu_mem_shared.sum,0,0
l1tex__data_bank_conflicts_pipe_lsu_mem_shared_op_atom.sum,0,0
l1tex__data_bank_conflicts_pipe_lsu_mem_shared_op_ld.sum,0,0
l1tex__data_bank_conflicts_pipe_lsu_mem_shared_op_st.sum,0,0
l1tex__data_bank_reads.avg.pct_of_peak_sustained_elapsed [%],0.24,0.23
l1tex__data_bank_reads.max.pct_of_peak_sustained_elapsed [%],0.42,0.38
l1tex__data_bank_reads.min.pct_of_peak_sustained_elapsed [%],0,0
l1tex__data_bank_reads.sum.pct_of_peak_sustained_elapsed [%],0.24,0.23
l1tex__data_bank_writes.avg.pct_of_peak_sustained_elapsed [%],0.24,0.23
l1tex__data_bank_writes.max.pct_of_peak_sustained_elapsed [%],0.42,0.39
l1tex__data_bank_writes.min.pct_of_peak_sustained_elapsed [%],0,0
l1tex__data_bank_writes.sum.pct_of_peak_sustained_elapsed [%],0.24,0.23
l1tex__data_pipe_lsu_wavefronts.avg.pct_of_peak_sustained_elapsed [%],8.47,8.24
l1tex__data_pipe_lsu_wavefronts.max.pct_of_peak_sustained_elapsed [%],14.75,14.10
l1tex__data_pipe_lsu_wavefronts.min.pct_of_peak_sustained_elapsed [%],0,0
l1tex__data_pipe_lsu_wavefronts.sum.pct_of_peak_sustained_elapsed [%],8.47,8.24
l1tex__data_pipe_lsu_wavefronts_mem_shared.sum,"12,733","14,569"
l1tex__data_pipe_lsu_wavefronts_mem_shared.sum.pct_of_peak_sustained_elapsed [%],0.04,0.04
l1tex__data_pipe_lsu_wavefronts_mem_shared_op_atom.sum,0,0
l1tex__data_pipe_lsu_wavefronts_mem_shared_op_atom.sum.pct_of_peak_sustained_elapsed [%],0,0
l1tex__data_pipe_lsu_wavefronts_mem_shared_op_ld.sum,0,0
l1tex__data_pipe_lsu_wavefronts_mem_shared_op_ld.sum.pct_of_peak_sustained_elapsed [%],0,0
l1tex__data_pipe_lsu_wavefronts_mem_shared_op_st.sum,0,0
l1tex__data_pipe_lsu_wavefronts_mem_shared_op_st.sum.pct_of_peak_sustained_elapsed [%],0,0
l1tex__data_pipe_tex_wavefronts.avg.pct_of_peak_sustained_elapsed [%],0,0
l1tex__data_pipe_tex_wavefronts.max.pct_of_peak_sustained_elapsed [%],0,0
l1tex__data_pipe_tex_wavefronts.min.pct_of_peak_sustained_elapsed [%],0,0
l1tex__data_pipe_tex_wavefronts.sum.pct_of_peak_sustained_elapsed [%],0,0
l1tex__f_wavefronts.avg.pct_of_peak_sustained_elapsed [%],0,0
l1tex__f_wavefronts.max.pct_of_peak_sustained_elapsed [%],0,0
l1tex__f_wavefronts.min.pct_of_peak_sustained_elapsed [%],0,0
l1tex__f_wavefronts.sum.pct_of_peak_sustained_elapsed [%],0,0
l1tex__lsu_writeback_active.avg.pct_of_peak_sustained_elapsed [%],2.42,2.37
l1tex__lsu_writeback_active.max.pct_of_peak_sustained_elapsed [%],4.51,4.55
l1tex__lsu_writeback_active.min.pct_of_peak_sustained_elapsed [%],0,0
l1tex__lsu_writeback_active.sum.pct_of_peak_sustained_elapsed [%],2.42,2.37
l1tex__lsu_writeback_active_mem_lg.avg.peak_sustained,1,1
l1tex__lsu_writeback_active_mem_lg.avg.per_second [Mhz],52.54,49.52
l1tex__lsu_writeback_active_mem_lg.max.peak_sustained,1,1
l1tex__lsu_writeback_active_mem_lg.max.per_second [Mhz],99.76,92.77
l1tex__lsu_writeback_active_mem_lg.min.peak_sustained,1,1
l1tex__lsu_writeback_active_mem_lg.min.per_second [hz],0,0
l1tex__lsu_writeback_active_mem_lg.sum [cycle],"8,03,647","7,81,301"
l1tex__lsu_writeback_active_mem_lg.sum.pct_of_peak_sustained_elapsed [%],2.47,2.32
l1tex__lsu_writeback_active_mem_lg.sum.peak_sustained,20,20
l1tex__lsu_writeback_active_mem_lg.sum.per_second [Ghz],1.05,0.99
l1tex__lsuin_requests.avg.pct_of_peak_sustained_elapsed [%],4.05,3.93
l1tex__lsuin_requests.max.pct_of_peak_sustained_elapsed [%],8.21,8.71
l1tex__lsuin_requests.min.pct_of_peak_sustained_elapsed [%],0,0
l1tex__lsuin_requests.sum.pct_of_peak_sustained_elapsed [%],4.05,3.93
l1tex__m_l1tex2xbar_req_cycles_active.avg.pct_of_peak_sustained_elapsed [%],4.94,4.71
l1tex__m_l1tex2xbar_req_cycles_active.max.pct_of_peak_sustained_elapsed [%],8.86,7.93
l1tex__m_l1tex2xbar_req_cycles_active.min.pct_of_peak_sustained_elapsed [%],0.00,0.00
l1tex__m_l1tex2xbar_req_cycles_active.sum.pct_of_peak_sustained_elapsed [%],4.94,4.71
l1tex__m_l1tex2xbar_write_bytes.sum [Mbyte],28.10,29.17
l1tex__m_l1tex2xbar_write_bytes.sum.pct_of_peak_sustained_elapsed [%],2.69,2.71
l1tex__m_l1tex2xbar_write_bytes.sum.per_second [Gbyte/s],36.73,36.98
l1tex__m_l1tex2xbar_write_sectors_mem_global_op_atom.sum [sector],"2,17,511","2,38,166"
l1tex__m_l1tex2xbar_write_sectors_mem_global_op_atom.sum.pct_of_peak_sustained_elapsed [%],0.04,0.04
l1tex__m_l1tex2xbar_write_sectors_mem_global_op_red.sum [sector],0,0
l1tex__m_l1tex2xbar_write_sectors_mem_global_op_red.sum.pct_of_peak_sustained_elapsed [%],0,0
l1tex__m_l1tex2xbar_write_sectors_mem_lg_op_st.sum [sector],"6,60,522","6,73,496"
l1tex__m_l1tex2xbar_write_sectors_mem_lg_op_st.sum.pct_of_peak_sustained_elapsed [%],2.03,2.00
l1tex__m_l1tex2xbar_write_sectors_mem_surface_op_atom.sum [sector],0,0
l1tex__m_l1tex2xbar_write_sectors_mem_surface_op_atom.sum.pct_of_peak_sustained_elapsed [%],0,0
l1tex__m_l1tex2xbar_write_sectors_mem_surface_op_red.sum [sector],0,0
l1tex__m_l1tex2xbar_write_sectors_mem_surface_op_red.sum.pct_of_peak_sustained_elapsed [%],0,0
l1tex__m_l1tex2xbar_write_sectors_mem_surface_op_st.sum [sector],0,0
l1tex__m_l1tex2xbar_write_sectors_mem_surface_op_st.sum.pct_of_peak_sustained_elapsed [%],0,0
l1tex__m_xbar2l1tex_read_bytes.sum [Mbyte],12.84,12.61
l1tex__m_xbar2l1tex_read_bytes.sum.pct_of_peak_sustained_elapsed [%],1.23,1.17
l1tex__m_xbar2l1tex_read_bytes.sum.per_second [Gbyte/s],16.78,15.99
l1tex__m_xbar2l1tex_read_sectors.avg.pct_of_peak_sustained_elapsed [%],1.23,1.17
l1tex__m_xbar2l1tex_read_sectors.max.pct_of_peak_sustained_elapsed [%],2.23,2.08
l1tex__m_xbar2l1tex_read_sectors.min.pct_of_peak_sustained_elapsed [%],0,0
l1tex__m_xbar2l1tex_read_sectors.sum.pct_of_peak_sustained_elapsed [%],1.23,1.17
l1tex__m_xbar2l1tex_read_sectors_mem_global_op_atom.sum [sector],"2,17,511","2,38,166"
l1tex__m_xbar2l1tex_read_sectors_mem_global_op_atom.sum.pct_of_peak_sustained_elapsed [%],0.04,0.04
l1tex__m_xbar2l1tex_read_sectors_mem_lg_op_ld.sum [sector],"1,91,442","1,91,436"
l1tex__m_xbar2l1tex_read_sectors_mem_lg_op_ld.sum.pct_of_peak_sustained_elapsed [%],0.59,0.57
l1tex__m_xbar2l1tex_read_sectors_mem_surface_op_atom.sum [sector],0,0
l1tex__m_xbar2l1tex_read_sectors_mem_surface_op_atom.sum.pct_of_peak_sustained_elapsed [%],0,0
l1tex__m_xbar2l1tex_read_sectors_mem_surface_op_ld.sum [sector],0,0
l1tex__m_xbar2l1tex_read_sectors_mem_surface_op_ld.sum.pct_of_peak_sustained_elapsed [%],0,0
l1tex__m_xbar2l1tex_read_sectors_mem_texture.sum [sector],0,0
l1tex__m_xbar2l1tex_read_sectors_mem_texture.sum.pct_of_peak_sustained_elapsed [%],0,0
l1tex__t_output_wavefronts_pipe_lsu_mem_global_op_atom.sum,"2,01,471","1,99,387"
l1tex__t_output_wavefronts_pipe_lsu_mem_global_op_atom.sum.pct_of_peak_sustained_elapsed [%],0.62,0.59
l1tex__t_output_wavefronts_pipe_lsu_mem_global_op_ld.sum,"6,98,858","6,97,846"
l1tex__t_output_wavefronts_pipe_lsu_mem_global_op_ld.sum.pct_of_peak_sustained_elapsed [%],2.15,2.08
l1tex__t_output_wavefronts_pipe_lsu_mem_global_op_red.sum,0,0
l1tex__t_output_wavefronts_pipe_lsu_mem_global_op_red.sum.pct_of_peak_sustained_elapsed [%],0,0
l1tex__t_output_wavefronts_pipe_lsu_mem_global_op_st.sum,"3,18,874","3,19,614"
l1tex__t_output_wavefronts_pipe_lsu_mem_global_op_st.sum.pct_of_peak_sustained_elapsed [%],0.98,0.95
l1tex__t_output_wavefronts_pipe_lsu_mem_local_op_ld.sum,"39,985","47,900"
l1tex__t_output_wavefronts_pipe_lsu_mem_local_op_ld.sum.pct_of_peak_sustained_elapsed [%],0.12,0.14
l1tex__t_output_wavefronts_pipe_lsu_mem_local_op_st.sum,"35,625","41,472"
l1tex__t_output_wavefronts_pipe_lsu_mem_local_op_st.sum.pct_of_peak_sustained_elapsed [%],0.11,0.12
l1tex__t_output_wavefronts_pipe_tex_mem_surface_op_atom.sum,0,0
l1tex__t_output_wavefronts_pipe_tex_mem_surface_op_atom.sum.pct_of_peak_sustained_elapsed [%],0,0
l1tex__t_output_wavefronts_pipe_tex_mem_surface_op_ld.sum,0,0
l1tex__t_output_wavefronts_pipe_tex_mem_surface_op_ld.sum.pct_of_peak_sustained_elapsed [%],0,0
l1tex__t_output_wavefronts_pipe_tex_mem_surface_op_red.sum,0,0
l1tex__t_output_wavefronts_pipe_tex_mem_surface_op_red.sum.pct_of_peak_sustained_elapsed [%],0,0
l1tex__t_output_wavefronts_pipe_tex_mem_surface_op_st.sum,0,0
l1tex__t_output_wavefronts_pipe_tex_mem_surface_op_st.sum.pct_of_peak_sustained_elapsed [%],0,0
l1tex__t_output_wavefronts_pipe_tex_mem_texture.sum,0,0
l1tex__t_output_wavefronts_pipe_tex_mem_texture.sum.pct_of_peak_sustained_elapsed [%],0,0
l1tex__t_requests_pipe_lsu_mem_global_op_atom.sum,"25,977","27,017"
l1tex__t_requests_pipe_lsu_mem_global_op_atom.sum.pct_of_peak_sustained_elapsed [%],0.08,0.08
l1tex__t_requests_pipe_lsu_mem_global_op_ld.sum,"4,12,817","4,13,888"
l1tex__t_requests_pipe_lsu_mem_global_op_ld.sum.pct_of_peak_sustained_elapsed [%],1.27,1.23
l1tex__t_requests_pipe_lsu_mem_global_op_red.sum,0,0
l1tex__t_requests_pipe_lsu_mem_global_op_red.sum.pct_of_peak_sustained_elapsed [%],0,0
l1tex__t_requests_pipe_lsu_mem_global_op_st.sum,"1,29,161","1,30,707"
l1tex__t_requests_pipe_lsu_mem_global_op_st.sum.pct_of_peak_sustained_elapsed [%],0.40,0.39
l1tex__t_requests_pipe_lsu_mem_local_op_ld.sum,"39,141","39,667"
l1tex__t_requests_pipe_lsu_mem_local_op_ld.sum.pct_of_peak_sustained_elapsed [%],0.12,0.12
l1tex__t_requests_pipe_lsu_mem_local_op_st.sum,"34,766","35,747"
l1tex__t_requests_pipe_lsu_mem_local_op_st.sum.pct_of_peak_sustained_elapsed [%],0.11,0.11
l1tex__t_requests_pipe_tex_mem_surface_op_atom.sum,0,0
l1tex__t_requests_pipe_tex_mem_surface_op_atom.sum.pct_of_peak_sustained_elapsed [%],0,0
l1tex__t_requests_pipe_tex_mem_surface_op_ld.sum,0,0
l1tex__t_requests_pipe_tex_mem_surface_op_ld.sum.pct_of_peak_sustained_elapsed [%],0,0
l1tex__t_requests_pipe_tex_mem_surface_op_red.sum,0,0
l1tex__t_requests_pipe_tex_mem_surface_op_red.sum.pct_of_peak_sustained_elapsed [%],0,0
l1tex__t_requests_pipe_tex_mem_surface_op_st.sum,0,0
l1tex__t_requests_pipe_tex_mem_surface_op_st.sum.pct_of_peak_sustained_elapsed [%],0,0
l1tex__t_requests_pipe_tex_mem_texture.sum,0,0
l1tex__t_requests_pipe_tex_mem_texture.sum.pct_of_peak_sustained_elapsed [%],0,0
l1tex__t_sector_hit_rate.pct [%],71.06,71.79
l1tex__t_sector_pipe_lsu_mem_global_op_atom_hit_rate.pct [%],0,0
l1tex__t_sector_pipe_lsu_mem_global_op_ld_hit_rate.pct [%],88.08,87.98
l1tex__t_sector_pipe_lsu_mem_global_op_red_hit_rate.pct [%],0,0
l1tex__t_sector_pipe_lsu_mem_global_op_st_hit_rate.pct [%],60.54,60.59
l1tex__t_sector_pipe_lsu_mem_local_op_ld_hit_rate.pct [%],79.74,79.14
l1tex__t_sector_pipe_lsu_mem_local_op_st_hit_rate.pct [%],59.48,55.05
l1tex__t_sector_pipe_tex_mem_surface_op_atom_hit_rate.pct [%],0,0
l1tex__t_sector_pipe_tex_mem_surface_op_ld_hit_rate.pct [%],0,0
l1tex__t_sector_pipe_tex_mem_surface_op_red_hit_rate.pct [%],0,0
l1tex__t_sector_pipe_tex_mem_surface_op_st_hit_rate.pct [%],0,0
l1tex__t_sector_pipe_tex_mem_texture_op_tex_hit_rate.pct [%],0,0
l1tex__t_sectors.avg [sector],"1,33,566.45","1,32,187.75"
l1tex__t_sectors.max [sector],"2,45,842","2,37,362"
l1tex__t_sectors.min [sector],0,0
l1tex__t_sectors.sum [sector],"26,71,329","26,43,755"
l1tex__t_sectors_pipe_lsu_mem_global_op_atom.sum [sector],"2,17,511","2,38,166"
l1tex__t_sectors_pipe_lsu_mem_global_op_atom_lookup_hit.sum [sector],0,0
l1tex__t_sectors_pipe_lsu_mem_global_op_atom_lookup_miss.sum [sector],"2,17,511","2,38,166"
l1tex__t_sectors_pipe_lsu_mem_global_op_ld.sum [sector],"14,49,991","14,55,731"
l1tex__t_sectors_pipe_lsu_mem_global_op_ld_lookup_hit.sum [sector],"12,77,215","12,80,699"
l1tex__t_sectors_pipe_lsu_mem_global_op_ld_lookup_miss.sum [sector],"1,72,776","1,75,032"
l1tex__t_sectors_pipe_lsu_mem_global_op_red.sum [sector],0,0
l1tex__t_sectors_pipe_lsu_mem_global_op_red_lookup_hit.sum [sector],0,0
l1tex__t_sectors_pipe_lsu_mem_global_op_red_lookup_miss.sum [sector],0,0
l1tex__t_sectors_pipe_lsu_mem_global_op_st.sum [sector],"8,50,601","8,49,994"
l1tex__t_sectors_pipe_lsu_mem_global_op_st_lookup_hit.sum [sector],"5,14,922","5,15,047"
l1tex__t_sectors_pipe_lsu_mem_global_op_st_lookup_miss.sum [sector],"3,35,679","3,34,947"
l1tex__t_sectors_pipe_lsu_mem_local_op_ld.avg.per_second [sector/us],5.16,4.86
l1tex__t_sectors_pipe_lsu_mem_local_op_ld.max.per_second [sector/us],9.39,8.78
l1tex__t_sectors_pipe_lsu_mem_local_op_ld.min.per_second [sector/s],0,0
l1tex__t_sectors_pipe_lsu_mem_local_op_ld.sum [sector],"78,985","76,673"
l1tex__t_sectors_pipe_lsu_mem_local_op_ld.sum.per_second [sector/us],103.27,97.19
l1tex__t_sectors_pipe_lsu_mem_local_op_ld_lookup_hit.sum [sector],"62,980","60,681"
l1tex__t_sectors_pipe_lsu_mem_local_op_ld_lookup_miss.sum [sector],"16,005","15,992"
l1tex__t_sectors_pipe_lsu_mem_local_op_st.avg.per_second [sector/us],5.39,4.72
l1tex__t_sectors_pipe_lsu_mem_local_op_st.max.per_second [sector/us],10.88,8.86
l1tex__t_sectors_pipe_lsu_mem_local_op_st.min.per_second [sector/s],0,0
l1tex__t_sectors_pipe_lsu_mem_local_op_st.sum [sector],"82,511","74,428"
l1tex__t_sectors_pipe_lsu_mem_local_op_st.sum.per_second [sector/us],107.88,94.34
l1tex__t_sectors_pipe_lsu_mem_local_op_st_lookup_hit.sum [sector],"49,079","40,975"
l1tex__t_sectors_pipe_lsu_mem_local_op_st_lookup_miss.sum [sector],"33,432","33,453"
l1tex__t_sectors_pipe_tex_mem_surface_op_atom.sum [sector],0,0
l1tex__t_sectors_pipe_tex_mem_surface_op_atom_lookup_hit.sum [sector],0,0
l1tex__t_sectors_pipe_tex_mem_surface_op_atom_lookup_miss.sum [sector],0,0
l1tex__t_sectors_pipe_tex_mem_surface_op_ld.sum [sector],0,0
l1tex__t_sectors_pipe_tex_mem_surface_op_ld_lookup_hit.sum [sector],0,0
l1tex__t_sectors_pipe_tex_mem_surface_op_ld_lookup_miss.sum [sector],0,0
l1tex__t_sectors_pipe_tex_mem_surface_op_red.sum [sector],0,0
l1tex__t_sectors_pipe_tex_mem_surface_op_red_lookup_hit.sum [sector],0,0
l1tex__t_sectors_pipe_tex_mem_surface_op_red_lookup_miss.sum [sector],0,0
l1tex__t_sectors_pipe_tex_mem_surface_op_st.sum [sector],0,0
l1tex__t_sectors_pipe_tex_mem_surface_op_st_lookup_hit.sum [sector],0,0
l1tex__t_sectors_pipe_tex_mem_surface_op_st_lookup_miss.sum [sector],0,0
l1tex__t_sectors_pipe_tex_mem_texture.sum [sector],0,0
l1tex__t_sectors_pipe_tex_mem_texture_lookup_hit.sum [sector],0,0
l1tex__t_sectors_pipe_tex_mem_texture_lookup_miss.sum [sector],0,0
l1tex__tex_writeback_active.avg.pct_of_peak_sustained_elapsed [%],0,0
l1tex__tex_writeback_active.max.pct_of_peak_sustained_elapsed [%],0,0
l1tex__tex_writeback_active.min.pct_of_peak_sustained_elapsed [%],0,0
l1tex__tex_writeback_active.sum [cycle],0,0
l1tex__tex_writeback_active.sum.pct_of_peak_sustained_elapsed [%],0,0
l1tex__texin_sm2tex_req_cycles_active.avg.pct_of_peak_sustained_elapsed [%],0.00,0.01
l1tex__texin_sm2tex_req_cycles_active.max.pct_of_peak_sustained_elapsed [%],0.02,0.02
l1tex__texin_sm2tex_req_cycles_active.min.pct_of_peak_sustained_elapsed [%],0.00,0.00
l1tex__texin_sm2tex_req_cycles_active.sum.pct_of_peak_sustained_elapsed [%],0.00,0.01
l1tex__throughput.avg.pct_of_peak_sustained_active [%],21.43,23.72
l1tex__throughput.avg.pct_of_peak_sustained_elapsed [%],9.88,9.41
l1tex__throughput.max.pct_of_peak_sustained_active [%],37.31,40.57
l1tex__throughput.max.pct_of_peak_sustained_elapsed [%],15.57,14.98
l1tex__throughput.min.pct_of_peak_sustained_active [%],7.04,6.78
l1tex__throughput.min.pct_of_peak_sustained_elapsed [%],7.04,6.78
l1tex__throughput.sum.pct_of_peak_sustained_active [%],21.43,23.72
l1tex__throughput.sum.pct_of_peak_sustained_elapsed [%],9.88,9.41
launch__barrier_count,0,0
launch__block_dim_x [block],256,256
launch__block_dim_y [block],1,1
launch__block_dim_z [block],1,1
launch__block_size,256,256
launch__context_id,1,1
launch__device_id,0,0
launch__execution_model,SIMT,SIMT
launch__func_cache_config,CachePreferNone,CachePreferNone
launch__function_pcs,1,1
launch__grid_dim_x,13,13
launch__grid_dim_y,1,1
launch__grid_dim_z,1,1
launch__grid_size,13,13
launch__kernel_name,{1},{1}
launch__occupancy_limit_blocks [block],24,24
launch__occupancy_limit_registers [block],6,6
launch__occupancy_limit_shared_mem [block],16,16
launch__occupancy_limit_warps [block],6,6
launch__occupancy_per_block_size,"2,484 {65}","2,484 {65}"
launch__occupancy_per_register_count,"4,976 {257}","4,976 {257}"
launch__occupancy_per_shared_mem_size,"1,176 {200}","1,176 {200}"
launch__persisting_l2_cache_size [Mbyte],4.72,4.72
launch__registers_per_thread [register/thread],40,40
launch__registers_per_thread_allocated [register/thread],40,40
launch__shared_mem_config_size [Kbyte],16.38,16.38
launch__shared_mem_per_block [Kbyte/block],1.02,1.02
launch__shared_mem_per_block_allocated [Kbyte/block],1.02,1.02
launch__shared_mem_per_block_driver [Kbyte/block],1.02,1.02
launch__shared_mem_per_block_dynamic [byte/block],0,0
launch__shared_mem_per_block_static [byte/block],0,0
launch__sm_count [SM],20,20
launch__stack_size,"1,024","1,024"
launch__stream_id,7,7
launch__thread_count [thread],"3,328","3,328"
launch__tpc_count,10,10
launch__tpc_enabled,all,all
launch__user_grid_dim_x,13,13
launch__user_grid_dim_y,1,1
launch__user_grid_dim_z,1,1
launch__user_grid_size,13,13
launch__uses_blocks_as_clusters,0,0
launch__uses_cdp,0,0
launch__uses_green_context,0,0
launch__uses_nvlink_centric_scheduling,0,0
launch__uses_vgpu,0,0
launch__waves_per_multiprocessor,0.11,0.11
lts__average_gcomp_input_sector_success_rate.pct [%],0,0
lts__average_gcomp_output_sector_compression_achieved_rate.ratio,0,0
lts__cycles_active.avg [cycle],"7,01,772.50","7,48,802.33"
lts__cycles_active.max [cycle],"7,90,636","8,52,202"
lts__cycles_active.min [cycle],"6,39,311","6,85,420"
lts__cycles_active.sum [cycle],"84,21,270","89,85,628"
lts__cycles_elapsed.avg [cycle],"14,76,945","15,26,393"
lts__cycles_elapsed.avg.per_second [Ghz],1.93,1.93
lts__cycles_elapsed.max [cycle],"14,76,945","15,26,393"
lts__cycles_elapsed.max.per_second [Ghz],1.93,1.93
lts__cycles_elapsed.min [cycle],"14,76,945","15,26,393"
lts__cycles_elapsed.min.per_second [Ghz],1.93,1.93
lts__cycles_elapsed.sum [cycle],"1,77,23,340","1,83,16,716"
lts__cycles_elapsed.sum.per_second [Ghz],23.17,23.22
lts__d_atomic_input_cycles_active.avg.pct_of_peak_sustained_elapsed [%],1.20,1.19
lts__d_atomic_input_cycles_active.max.pct_of_peak_sustained_elapsed [%],3.65,3.46
lts__d_atomic_input_cycles_active.min.pct_of_peak_sustained_elapsed [%],0.31,0.32
lts__d_atomic_input_cycles_active.sum.pct_of_peak_sustained_elapsed [%],1.20,1.19
lts__d_sectors.avg.pct_of_peak_sustained_elapsed [%],1.61,1.55
lts__d_sectors.max.pct_of_peak_sustained_elapsed [%],2.16,2.16
lts__d_sectors.min.pct_of_peak_sustained_elapsed [%],1.26,1.26
lts__d_sectors.sum.pct_of_peak_sustained_elapsed [%],1.61,1.55
lts__d_sectors_fill_device.avg.pct_of_peak_sustained_elapsed [%],0.20,0.19
lts__d_sectors_fill_device.max.pct_of_peak_sustained_elapsed [%],0.20,0.20
lts__d_sectors_fill_device.min.pct_of_peak_sustained_elapsed [%],0.19,0.19
lts__d_sectors_fill_device.sum.pct_of_peak_sustained_elapsed [%],0.20,0.19
lts__d_sectors_fill_sysmem.avg.pct_of_peak_sustained_elapsed [%],0,0
lts__d_sectors_fill_sysmem.max.pct_of_peak_sustained_elapsed [%],0,0
lts__d_sectors_fill_sysmem.min.pct_of_peak_sustained_elapsed [%],0,0
lts__d_sectors_fill_sysmem.sum.pct_of_peak_sustained_elapsed [%],0,0
lts__gcomp_input_sectors.avg [sector],0,0
lts__gcomp_input_sectors.max [sector],0,0
lts__gcomp_input_sectors.min [sector],0,0
lts__gcomp_input_sectors.sum [sector],0,0
lts__gcomp_input_sectors.sum.pct_of_peak_sustained_elapsed [%],0,0
lts__gcomp_input_sectors.sum.per_second [sector/s],0,0
lts__gcomp_output_sectors.sum [sector],0,0
lts__gcomp_output_sectors.sum.pct_of_peak_sustained_elapsed [%],0,0
lts__gcomp_output_sectors.sum.per_second [sector/s],0,0
lts__lts2xbar_cycles_active.avg.pct_of_peak_sustained_elapsed [%],1.22,1.19
lts__lts2xbar_cycles_active.avg.peak_sustained,2,2
lts__lts2xbar_cycles_active.avg.per_second [Mhz],46.94,45.93
lts__lts2xbar_cycles_active.max.pct_of_peak_sustained_elapsed [%],2.29,2.51
lts__lts2xbar_cycles_active.max.peak_sustained,2,2
lts__lts2xbar_cycles_active.max.per_second [Mhz],88.47,97.00
lts__lts2xbar_cycles_active.min.pct_of_peak_sustained_elapsed [%],0.56,0.65
lts__lts2xbar_cycles_active.min.peak_sustained,2,2
lts__lts2xbar_cycles_active.min.per_second [Mhz],21.52,25.17
lts__lts2xbar_cycles_active.sum.pct_of_peak_sustained_elapsed [%],1.22,1.19
lts__lts2xbar_cycles_active.sum.peak_sustained,24,24
lts__lts2xbar_cycles_active.sum.per_second [Mhz],563.31,551.19
lts__t_requests.sum [request],"10,49,241","10,55,705"
lts__t_requests_srcunit_gcc.sum [request],"1,652","1,656"
lts__t_requests_srcunit_tex.sum [request],"10,11,103","10,17,944"
lts__t_requests_srcunit_tex_op_atom_dot_alu.sum [request],"1,262","1,265"
lts__t_requests_srcunit_tex_op_atom_dot_cas.sum [request],"2,06,063","2,03,036"
lts__t_requests_srcunit_tex_op_read.sum [request],"1,79,110","1,83,431"
lts__t_requests_srcunit_tex_op_red.sum [request],"3,459","22,195"
lts__t_requests_srcunit_tex_op_write.sum [request],"6,23,134","6,17,897"
lts__t_sector_hit_rate.pct [%],97.59,97.88
lts__t_sector_op_read_hit_rate.pct [%],83.11,82.20
lts__t_sector_op_write_hit_rate.pct [%],99.53,100.48
lts__t_sectors.avg [sector],"94,859.67","95,037.42"
lts__t_sectors.avg.pct_of_peak_sustained_elapsed [%],3.21,3.11
lts__t_sectors.avg.peak_sustained [sector/cycle],2,2
lts__t_sectors.avg.per_cycle_elapsed [sector/cycle],0.06,0.06
lts__t_sectors.max [sector],"1,27,439","1,31,869"
lts__t_sectors.max.pct_of_peak_sustained_elapsed [%],4.31,4.32
lts__t_sectors.min [sector],"75,158","78,170"
lts__t_sectors.min.pct_of_peak_sustained_elapsed [%],2.54,2.56
lts__t_sectors.sum [sector],"11,38,316","11,40,449"
lts__t_sectors.sum.pct_of_peak_sustained_elapsed [%],3.21,3.11
lts__t_sectors.sum.per_second [sector/ns],1.49,1.45
lts__t_sectors_aperture_device_lookup_miss.sum [sector],"35,471","36,608"
lts__t_sectors_aperture_peer_lookup_miss.sum [sector],0,0
lts__t_sectors_aperture_sysmem_lookup_miss.sum [sector],0,0
lts__t_sectors_data_ecc.avg.pct_of_peak_sustained_elapsed [%],0,0
lts__t_sectors_data_ecc.avg.peak_sustained [sector/cycle],8,8
lts__t_sectors_data_ecc.avg.per_cycle_elapsed [sector/cycle],0,0
lts__t_sectors_data_ecc.sum [sector],0,0
lts__t_sectors_data_ecc.sum.per_second [sector/s],0,0
lts__t_sectors_evict_first_lookup_hit.sum [sector],"47,674","51,096"
lts__t_sectors_evict_first_lookup_miss.sum [sector],332,"1,554"
lts__t_sectors_evict_last_lookup_hit.sum [sector],0,0
lts__t_sectors_evict_last_lookup_miss.sum [sector],0,0
lts__t_sectors_evict_normal_demote_lookup_hit.sum [sector],0,0
lts__t_sectors_evict_normal_demote_lookup_miss.sum [sector],0,0
lts__t_sectors_evict_normal_lookup_hit.sum [sector],"11,04,154","10,77,198"
lts__t_sectors_evict_normal_lookup_miss.sum [sector],"35,094","35,119"
lts__t_sectors_lookup_hit.sum [sector],"11,10,858","11,16,242"
lts__t_sectors_lookup_miss.avg [sector],"3,189.25","2,951.67"
lts__t_sectors_lookup_miss.max [sector],"3,288","3,021"
lts__t_sectors_lookup_miss.min [sector],"3,105","2,905"
lts__t_sectors_lookup_miss.sum [sector],"38,271","35,420"
lts__t_sectors_lookup_miss_data_promoted.avg [sector],0,0
lts__t_sectors_lookup_miss_data_promoted.max [sector],0,0
lts__t_sectors_lookup_miss_data_promoted.min [sector],0,0
lts__t_sectors_lookup_miss_data_promoted.sum [sector],0,0
lts__t_sectors_op_read.avg.per_second [sector/us],22.63,22.17
lts__t_sectors_op_read.max.per_second [sector/us],29.15,27.76
lts__t_sectors_op_read.min.per_second [sector/us],17.64,17.60
lts__t_sectors_op_read.sum.per_second [sector/us],271.54,266.01
lts__t_sectors_op_write.avg.per_second [sector/us],71.41,69.75
lts__t_sectors_op_write.max.per_second [sector/us],75.68,72.75
lts__t_sectors_op_write.min.per_second [sector/us],68.50,67.13
lts__t_sectors_op_write.sum.per_second [sector/us],856.89,837.06
lts__t_sectors_srcunit_gcc.avg.pct_of_peak_sustained_elapsed [%],0.04,0.04
lts__t_sectors_srcunit_gcc.avg.peak_sustained [sector/cycle],1,1
lts__t_sectors_srcunit_gcc.avg.per_cycle_elapsed [sector/cycle],0.00,0.00
lts__t_sectors_srcunit_gcc.sum [sector],"6,688","6,552"
lts__t_sectors_srcunit_gcc.sum.per_second [sector/us],8.74,8.31
lts__t_sectors_srcunit_gcc_aperture_device_lookup_miss.sum [sector],"2,236","2,236"
lts__t_sectors_srcunit_gcc_aperture_peer_lookup_miss.sum [sector],0,0
lts__t_sectors_srcunit_gcc_aperture_sysmem_lookup_miss.sum [sector],0,0
lts__t_sectors_srcunit_gcc_lookup_hit.sum [sector],"4,388","4,428"
lts__t_sectors_srcunit_gcc_lookup_miss.sum [sector],"2,236","2,236"
lts__t_sectors_srcunit_tex.avg.pct_of_peak_sustained_elapsed [%],2.98,2.92
lts__t_sectors_srcunit_tex.avg.peak_sustained [sector/cycle],2,2
lts__t_sectors_srcunit_tex.avg.per_cycle_elapsed [sector/cycle],0.06,0.06
lts__t_sectors_srcunit_tex.max.pct_of_peak_sustained_elapsed [%],4.22,4.08
lts__t_sectors_srcunit_tex.min.pct_of_peak_sustained_elapsed [%],2.34,2.30
lts__t_sectors_srcunit_tex.sum [sector],"10,57,763","10,69,907"
lts__t_sectors_srcunit_tex.sum.pct_of_peak_sustained_elapsed [%],2.98,2.92
lts__t_sectors_srcunit_tex.sum.per_second [sector/ns],1.38,1.36
lts__t_sectors_srcunit_tex_aperture_device_lookup_miss.sum [sector],"33,115","33,013"
lts__t_sectors_srcunit_tex_aperture_device_op_atom_dot_alu_lookup_miss.sum [sector],2,2
lts__t_sectors_srcunit_tex_aperture_device_op_atom_dot_cas_lookup_miss.sum [sector],1,1
lts__t_sectors_srcunit_tex_aperture_device_op_read_lookup_miss.sum [sector],"33,139","32,896"
lts__t_sectors_srcunit_tex_aperture_device_op_red_lookup_miss.sum [sector],0,0
lts__t_sectors_srcunit_tex_aperture_device_op_write_lookup_miss.sum [sector],0,0
lts__t_sectors_srcunit_tex_aperture_peer_lookup_miss.avg [sector],0,0
lts__t_sectors_srcunit_tex_aperture_peer_lookup_miss.max [sector],0,0
lts__t_sectors_srcunit_tex_aperture_peer_lookup_miss.min [sector],0,0
lts__t_sectors_srcunit_tex_aperture_peer_lookup_miss.sum [sector],0,0
lts__t_sectors_srcunit_tex_aperture_peer_op_atom.sum [sector],0,0
lts__t_sectors_srcunit_tex_aperture_peer_op_atom.sum.pct_of_peak_sustained_elapsed [%],0,0
lts__t_sectors_srcunit_tex_aperture_peer_op_atom.sum.per_second [sector/s],0,0
lts__t_sectors_srcunit_tex_aperture_peer_op_atom_dot_alu_lookup_miss.sum [sector],0,0
lts__t_sectors_srcunit_tex_aperture_peer_op_atom_dot_cas_lookup_miss.sum [sector],0,0
lts__t_sectors_srcunit_tex_aperture_peer_op_read_lookup_miss.sum [sector],0,0
lts__t_sectors_srcunit_tex_aperture_peer_op_read_lookup_miss.sum.pct_of_peak_sustained_elapsed [%],0,0
lts__t_sectors_srcunit_tex_aperture_peer_op_read_lookup_miss.sum.per_second [sector/s],0,0
lts__t_sectors_srcunit_tex_aperture_peer_op_red.sum [sector],0,0
lts__t_sectors_srcunit_tex_aperture_peer_op_red.sum.pct_of_peak_sustained_elapsed [%],0,0
lts__t_sectors_srcunit_tex_aperture_peer_op_red.sum.per_second [sector/s],0,0
lts__t_sectors_srcunit_tex_aperture_peer_op_red_lookup_miss.sum [sector],0,0
lts__t_sectors_srcunit_tex_aperture_peer_op_write.sum [sector],0,0
lts__t_sectors_srcunit_tex_aperture_peer_op_write.sum.pct_of_peak_sustained_elapsed [%],0,0
lts__t_sectors_srcunit_tex_aperture_peer_op_write.sum.per_second [sector/s],0,0
lts__t_sectors_srcunit_tex_aperture_peer_op_write_lookup_miss.sum [sector],0,0
lts__t_sectors_srcunit_tex_aperture_sysmem_lookup_miss.avg [sector],0,0
lts__t_sectors_srcunit_tex_aperture_sysmem_lookup_miss.max [sector],0,0
lts__t_sectors_srcunit_tex_aperture_sysmem_lookup_miss.min [sector],0,0
lts__t_sectors_srcunit_tex_aperture_sysmem_lookup_miss.sum [sector],0,0
lts__t_sectors_srcunit_tex_aperture_sysmem_op_atom.sum [sector],0,0
lts__t_sectors_srcunit_tex_aperture_sysmem_op_atom.sum.pct_of_peak_sustained_elapsed [%],0,0
lts__t_sectors_srcunit_tex_aperture_sysmem_op_atom.sum.per_second [sector/s],0,0
lts__t_sectors_srcunit_tex_aperture_sysmem_op_atom_dot_alu_lookup_miss.sum [sector],0,0
lts__t_sectors_srcunit_tex_aperture_sysmem_op_atom_dot_cas_lookup_miss.sum [sector],0,0
lts__t_sectors_srcunit_tex_aperture_sysmem_op_read_lookup_miss.sum [sector],0,0
lts__t_sectors_srcunit_tex_aperture_sysmem_op_read_lookup_miss.sum.pct_of_peak_sustained_elapsed [%],0,0
lts__t_sectors_srcunit_tex_aperture_sysmem_op_read_lookup_miss.sum.per_second [sector/s],0,0
lts__t_sectors_srcunit_tex_aperture_sysmem_op_red.sum [sector],0,0
lts__t_sectors_srcunit_tex_aperture_sysmem_op_red.sum.pct_of_peak_sustained_elapsed [%],0,0
lts__t_sectors_srcunit_tex_aperture_sysmem_op_red.sum.per_second [sector/s],0,0
lts__t_sectors_srcunit_tex_aperture_sysmem_op_red_lookup_miss.sum [sector],0,0
lts__t_sectors_srcunit_tex_aperture_sysmem_op_write.sum [sector],846,"1,185"
lts__t_sectors_srcunit_tex_aperture_sysmem_op_write.sum.pct_of_peak_sustained_elapsed [%],0.00,0.01
lts__t_sectors_srcunit_tex_aperture_sysmem_op_write.sum.per_second [sector/us],1.11,1.50
lts__t_sectors_srcunit_tex_aperture_sysmem_op_write_lookup_miss.sum [sector],0,0
lts__t_sectors_srcunit_tex_evict_first_lookup_hit.sum [sector],"3,010","3,014"
lts__t_sectors_srcunit_tex_evict_first_lookup_miss.sum [sector],312,322
lts__t_sectors_srcunit_tex_evict_last_lookup_hit.sum [sector],0,0
lts__t_sectors_srcunit_tex_evict_last_lookup_miss.sum [sector],0,0
lts__t_sectors_srcunit_tex_evict_normal_demote_lookup_hit.sum [sector],0,0
lts__t_sectors_srcunit_tex_evict_normal_demote_lookup_miss.sum [sector],0,0
lts__t_sectors_srcunit_tex_evict_normal_lookup_hit.sum [sector],"10,42,893","10,37,377"
lts__t_sectors_srcunit_tex_evict_normal_lookup_miss.sum [sector],"33,052","32,732"
lts__t_sectors_srcunit_tex_lookup_hit.sum [sector],"10,27,831","10,23,373"
lts__t_sectors_srcunit_tex_lookup_miss.avg [sector],"2,781.42","2,754.08"
lts__t_sectors_srcunit_tex_lookup_miss.max [sector],"2,832","2,794"
lts__t_sectors_srcunit_tex_lookup_miss.min [sector],"2,725","2,694"
lts__t_sectors_srcunit_tex_lookup_miss.sum [sector],"33,377","33,049"
lts__t_sectors_srcunit_tex_op_atom_dot_alu.avg.pct_of_peak_sustained_elapsed [%],0.01,0.01
lts__t_sectors_srcunit_tex_op_atom_dot_alu.avg.peak_sustained [sector/cycle],1,1
lts__t_sectors_srcunit_tex_op_atom_dot_alu.avg.per_cycle_elapsed [sector/cycle],0.00,0.00
lts__t_sectors_srcunit_tex_op_atom_dot_alu.sum [sector],"1,312","1,274"
lts__t_sectors_srcunit_tex_op_atom_dot_alu.sum.per_second [sector/us],1.72,1.61
lts__t_sectors_srcunit_tex_op_atom_dot_alu_lookup_hit.sum [sector],"1,254","1,272"
lts__t_sectors_srcunit_tex_op_atom_dot_alu_lookup_miss.sum [sector],2,2
lts__t_sectors_srcunit_tex_op_atom_dot_cas.avg.pct_of_peak_sustained_elapsed [%],1.12,1.25
lts__t_sectors_srcunit_tex_op_atom_dot_cas.avg.peak_sustained [sector/cycle],1,1
lts__t_sectors_srcunit_tex_op_atom_dot_cas.avg.per_cycle_elapsed [sector/cycle],0.01,0.01
lts__t_sectors_srcunit_tex_op_atom_dot_cas.sum [sector],"1,97,685","2,28,478"
lts__t_sectors_srcunit_tex_op_atom_dot_cas.sum.per_second [sector/us],258.46,289.62
lts__t_sectors_srcunit_tex_op_atom_dot_cas_lookup_hit.sum [sector],"2,08,600","2,00,964"
lts__t_sectors_srcunit_tex_op_atom_dot_cas_lookup_miss.sum [sector],1,1
lts__t_sectors_srcunit_tex_op_atom_evict_first_lookup_hit.sum [sector],0,0
lts__t_sectors_srcunit_tex_op_atom_evict_first_lookup_miss.sum [sector],0,0
lts__t_sectors_srcunit_tex_op_atom_evict_last_lookup_hit.sum [sector],0,0
lts__t_sectors_srcunit_tex_op_atom_evict_last_lookup_miss.sum [sector],0,0
lts__t_sectors_srcunit_tex_op_atom_evict_normal_lookup_hit.sum [sector],"2,14,027","2,02,559"
lts__t_sectors_srcunit_tex_op_atom_evict_normal_lookup_miss.sum [sector],3,3
lts__t_sectors_srcunit_tex_op_read.avg.pct_of_peak_sustained_elapsed [%],0.54,0.52
lts__t_sectors_srcunit_tex_op_read.avg.peak_sustained [sector/cycle],2,2
lts__t_sectors_srcunit_tex_op_read.avg.per_cycle_elapsed [sector/cycle],0.01,0.01
lts__t_sectors_srcunit_tex_op_read.sum [sector],"1,90,865","1,92,113"
lts__t_sectors_srcunit_tex_op_read.sum.per_second [sector/us],249.54,243.52
lts__t_sectors_srcunit_tex_op_read_evict_first_lookup_hit.sum [sector],"3,126","3,122"
lts__t_sectors_srcunit_tex_op_read_evict_first_lookup_miss.sum [sector],333,310
lts__t_sectors_srcunit_tex_op_read_evict_last_lookup_hit.sum [sector],0,0
lts__t_sectors_srcunit_tex_op_read_evict_last_lookup_miss.sum [sector],0,0
lts__t_sectors_srcunit_tex_op_read_evict_normal_demote_lookup_hit.sum [sector],0,0
lts__t_sectors_srcunit_tex_op_read_evict_normal_demote_lookup_miss.sum [sector],0,0
lts__t_sectors_srcunit_tex_op_read_evict_normal_lookup_hit.sum [sector],"1,59,480","1,54,507"
lts__t_sectors_srcunit_tex_op_read_evict_normal_lookup_miss.sum [sector],"32,828","32,705"
lts__t_sectors_srcunit_tex_op_read_lookup_hit.sum [sector],"1,62,594","1,57,476"
lts__t_sectors_srcunit_tex_op_read_lookup_miss.sum [sector],"33,293","33,288"
lts__t_sectors_srcunit_tex_op_red.avg.pct_of_peak_sustained_elapsed [%],0,0
lts__t_sectors_srcunit_tex_op_red.avg.peak_sustained [sector/cycle],1,1
lts__t_sectors_srcunit_tex_op_red.avg.per_cycle_elapsed [sector/cycle],0,0
lts__t_sectors_srcunit_tex_op_red.sum [sector],0,0
lts__t_sectors_srcunit_tex_op_red.sum.per_second [sector/s],0,0
lts__t_sectors_srcunit_tex_op_red_lookup_hit.sum [sector],"-7,741",150
lts__t_sectors_srcunit_tex_op_red_lookup_miss.sum [sector],0,0
lts__t_sectors_srcunit_tex_op_write.avg.pct_of_peak_sustained_elapsed [%],3.76,3.58
lts__t_sectors_srcunit_tex_op_write.avg.peak_sustained [sector/cycle],1,1
lts__t_sectors_srcunit_tex_op_write.avg.per_cycle_elapsed [sector/cycle],0.04,0.04
lts__t_sectors_srcunit_tex_op_write.sum [sector],"6,66,257","6,55,200"
lts__t_sectors_srcunit_tex_op_write.sum.per_second [sector/us],871.08,830.53
lts__t_sectors_srcunit_tex_op_write_evict_first_lookup_hit.sum [sector],0,0
lts__t_sectors_srcunit_tex_op_write_evict_first_lookup_miss.sum [sector],0,0
lts__t_sectors_srcunit_tex_op_write_evict_last_lookup_hit.sum [sector],0,0
lts__t_sectors_srcunit_tex_op_write_evict_last_lookup_miss.sum [sector],0,0
lts__t_sectors_srcunit_tex_op_write_evict_normal_demote_lookup_hit.sum [sector],0,0
lts__t_sectors_srcunit_tex_op_write_evict_normal_demote_lookup_miss.sum [sector],0,0
lts__t_sectors_srcunit_tex_op_write_evict_normal_lookup_hit.sum [sector],"6,63,360","6,59,090"
lts__t_sectors_srcunit_tex_op_write_evict_normal_lookup_miss.sum [sector],0,0
lts__t_sectors_srcunit_tex_op_write_lookup_hit.sum [sector],"6,63,360","6,59,090"
lts__t_sectors_srcunit_tex_op_write_lookup_miss.sum [sector],0,0
lts__t_tag_requests.avg.pct_of_peak_sustained_elapsed [%],5.88,5.66
lts__t_tag_requests.max.pct_of_peak_sustained_elapsed [%],8.22,8.21
lts__t_tag_requests.min.pct_of_peak_sustained_elapsed [%],4.56,4.55
lts__t_tag_requests.sum.pct_of_peak_sustained_elapsed [%],5.88,5.66
lts__throughput.avg.pct_of_peak_sustained_elapsed [%],9.25,9.10
lts__throughput.max.pct_of_peak_sustained_elapsed [%],11.64,11.95
lts__throughput.min.pct_of_peak_sustained_elapsed [%],7.82,7.85
lts__throughput.sum.pct_of_peak_sustained_elapsed [%],9.25,9.10
lts__xbar2lts_cycles_active.avg.pct_of_peak_sustained_elapsed [%],9.25,9.10
lts__xbar2lts_cycles_active.max.pct_of_peak_sustained_elapsed [%],11.64,11.95
lts__xbar2lts_cycles_active.min.pct_of_peak_sustained_elapsed [%],7.82,7.85
lts__xbar2lts_cycles_active.sum.pct_of_peak_sustained_elapsed [%],9.25,9.10
memory_access_size_type,0 {226},0 {226}
memory_access_type,0 {226},0 {226}
memory_l1_tag_requests_global [sectors],"22,02,195 {226}","22,02,333 {226}"
memory_l1_wavefronts_shared [sectors],0 {81},0 {81}
memory_l1_wavefronts_shared_ideal [sectors],0 {81},0 {81}
memory_l2_theoretical_sectors_global [sectors],"22,13,437 {226}","22,13,437 {226}"
memory_l2_theoretical_sectors_global_ideal [sectors],"6,08,491 {226}","6,08,491 {226}"
memory_l2_theoretical_sectors_local [sectors],0 {81},0 {81}
memory_type,0 {226},0 {226}
numa__cpu_affinity,1,1
numa__dev_display_name_all,1,1
numa__id_cpu,1,1
numa__id_memory,1,1
nvlink__bandwidth,0,0
nvlink__count_logical,0,0
nvlink__count_physical,0,0
nvlink__destination_ports,0,0
nvlink__dev0Id,0,0
nvlink__dev0type,0,0
nvlink__dev1Id,0,0
nvlink__dev1type,0,0
nvlink__dev_display_name_all,1,1
nvlink__enabled_mask,0,0
nvlink__is_direct_link,0,0
nvlink__is_nvswitch_connected,0,0
nvlink__max_count,0,0
nvlink__peer_access,0,0
nvlink__peer_atomic,0,0
nvlink__source_ports,0,0
nvlink__system_access,0,0
nvlink__system_atomic,0,0
nvlrx__bytes.sum.per_second [byte],0,0
nvltx__bytes.sum.per_second [byte],0,0
pcie__read_bytes.avg.per_second [Mbyte/s],18.74,23.36
pcie__read_bytes.max.per_second [Mbyte/s],18.74,23.36
pcie__read_bytes.min.per_second [Mbyte/s],18.74,23.36
pcie__read_bytes.sum.per_second [Mbyte/s],18.74,23.36
pcie__write_bytes.avg.per_second [Mbyte/s],81.67,62.95
pcie__write_bytes.max.per_second [Mbyte/s],81.67,62.95
pcie__write_bytes.min.per_second [Mbyte/s],81.67,62.95
pcie__write_bytes.sum.per_second [Mbyte/s],81.67,62.95
pmsampling:sm__inst_executed_pipe_xu_realtime.avg.pct_of_peak_sustained_elapsed [%],0.02 {1346},0.03 {1355}
pmsampling:sm__pipe_tensor_cycles_active_realtime.avg.pct_of_peak_sustained_elapsed [%],0 {1346},0 {1355}
profiler__perfworks_session_reuse,0,0
profiler__pmsampler_buffer_size_bytes [Mbyte],7.08 {3},7.08 {3}
profiler__pmsampler_ctxsw_0,1 {2},1 {6}
profiler__pmsampler_ctxsw_1,1 {2},1 {2}
profiler__pmsampler_ctxsw_2,1 {2},2 {8}
profiler__pmsampler_interval_time [us],1 {3},1 {3}
profiler__pmsampler_merged_samples [sample],0 {3},0 {3}
profiler__pmsampler_pass_groups,3 {3},3 {3}
profiler__pmwarpsampling_interval_cycles [cycle],256 {3},256 {3}
profiler__replayer_bytes_mem_accessible.avg [Mbyte],11.85,11.85
profiler__replayer_bytes_mem_accessible.max [Mbyte],11.85,11.85
profiler__replayer_bytes_mem_accessible.min [Mbyte],11.85,11.85
profiler__replayer_bytes_mem_accessible.sum [Mbyte],521.20,521.20
profiler__replayer_bytes_mem_backed_up.avg [Mbyte],11.85,11.85
profiler__replayer_bytes_mem_backed_up.max [Mbyte],11.85,11.85
profiler__replayer_bytes_mem_backed_up.min [Mbyte],11.85,11.85
profiler__replayer_bytes_mem_backed_up.sum [Mbyte],521.20,521.20
profiler__replayer_passes [pass],44,44
profiler__replayer_passes_type_warmup [pass],0,0
profiler__timestamp_workload_end_0,1,1
profiler__timestamp_workload_end_1,1,1
profiler__timestamp_workload_end_2,1,1
profiler__timestamp_workload_start_0,1,1
profiler__timestamp_workload_start_1,1,1
profiler__timestamp_workload_start_2,1,1
sass__inst_executed_global_loads [inst],"3,62,321","3,62,321"
sass__inst_executed_global_stores [inst],"1,01,603","1,01,603"
sass__inst_executed_local_loads [inst],0,0
sass__inst_executed_local_stores [inst],0,0
sass__inst_executed_per_opcode,"11,26,285 {25}","11,26,285 {25}"
sass__inst_executed_per_opcode_category,"11,26,285 {8}","11,26,285 {8}"
sass__inst_executed_per_opcode_pipeline,"13,09,149 {9}","13,09,149 {9}"
sass__inst_executed_per_opcode_with_modifier_all,"11,26,285 {37}","11,26,285 {37}"
sass__inst_executed_per_opcode_with_modifier_selective,"11,26,285 {26}","11,26,285 {26}"
sass__inst_executed_register_spilling [inst],0,0
sass__inst_executed_register_spilling_mem_local [inst],0,0
sass__inst_executed_register_spilling_mem_local_op_read [inst],0,0
sass__inst_executed_register_spilling_mem_local_op_write [inst],0,0
sass__inst_executed_register_spilling_mem_shared [inst],0,0
sass__inst_executed_register_spilling_mem_shared_op_read [inst],0,0
sass__inst_executed_register_spilling_mem_shared_op_write [inst],0,0
sass__inst_executed_register_spilling_op_read [inst],0,0
sass__inst_executed_register_spilling_op_write [inst],0,0
sass__inst_executed_shared_loads [inst],0,0
sass__inst_executed_shared_stores [inst],0,0
sass__thread_inst_executed_per_opcode_category,"79,50,408 {8}","79,50,408 {8}"
sass__thread_inst_executed_per_opcode_pipeline,"91,58,694 {9}","91,58,694 {9}"
sass__thread_inst_executed_true_per_opcode,"79,50,408 {25}","79,50,408 {25}"
sass__thread_inst_executed_true_per_opcode_with_modifier_all,"79,50,408 {37}","79,50,408 {37}"
sass__thread_inst_executed_true_per_opcode_with_modifier_selective,"79,50,408 {26}","79,50,408 {26}"
sm__cycles_active.avg [cycle],"6,43,871.20","5,83,822.40"
sm__cycles_active.max [cycle],"16,27,059","16,78,281"
sm__cycles_active.min [cycle],0,0
sm__cycles_active.sum [cycle],"1,28,77,424","1,16,76,448"
sm__cycles_elapsed.avg [cycle],"16,29,007.80","16,80,283.70"
sm__cycles_elapsed.avg.per_second [Ghz],2.13,2.13
sm__cycles_elapsed.max [cycle],"16,29,036","16,80,287"
sm__cycles_elapsed.max.per_second [Ghz],2.13,2.13
sm__cycles_elapsed.min [cycle],"16,28,958","16,80,280"
sm__cycles_elapsed.min.per_second [Ghz],2.13,2.13
sm__cycles_elapsed.sum [cycle],"3,25,80,156","3,36,05,674"
sm__cycles_elapsed.sum.per_second [Ghz],42.60,42.60
sm__icc_request_hit_rate.pct [%],94.15,94.34
sm__icc_requests.sum [cycle],"56,226","57,014"
sm__icc_requests.sum.pct_of_peak_sustained_elapsed [%],0.35,0.34
sm__inst_executed.avg.pct_of_peak_sustained_elapsed [%],3.17,2.94
sm__inst_executed.avg.per_cycle_active [inst/cycle],0.32,0.34
sm__inst_executed.avg.per_cycle_elapsed [inst/cycle],0.13,0.12
sm__inst_executed.max.pct_of_peak_sustained_elapsed [%],6.15,6.28
sm__inst_executed.max.per_cycle_active [inst/cycle],0.62,0.72
sm__inst_executed.max.per_cycle_elapsed [inst/cycle],0.25,0.25
sm__inst_executed.min.pct_of_peak_sustained_elapsed [%],0,0
sm__inst_executed.min.per_cycle_active [inst/cycle],0,0
sm__inst_executed.min.per_cycle_elapsed [inst/cycle],0,0
sm__inst_executed.sum.pct_of_peak_sustained_elapsed [%],3.17,2.94
sm__inst_executed.sum.per_cycle_active [inst/cycle],6.41,6.77
sm__inst_executed.sum.per_cycle_elapsed [inst/cycle],2.53,2.35
sm__inst_executed_pipe_adu.avg.pct_of_peak_sustained_active [%],0.24,0.25
sm__inst_executed_pipe_adu.avg.pct_of_peak_sustained_elapsed [%],0.09,0.09
sm__inst_executed_pipe_adu.max.pct_of_peak_sustained_active [%],0.51,0.60
sm__inst_executed_pipe_adu.max.pct_of_peak_sustained_elapsed [%],0.20,0.21
sm__inst_executed_pipe_adu.min.pct_of_peak_sustained_active [%],0,0
sm__inst_executed_pipe_adu.min.pct_of_peak_sustained_elapsed [%],0,0
sm__inst_executed_pipe_adu.sum.pct_of_peak_sustained_active [%],0.24,0.25
sm__inst_executed_pipe_adu.sum.pct_of_peak_sustained_elapsed [%],0.09,0.09
sm__inst_executed_pipe_alu.avg.pct_of_peak_sustained_active [%],4.81,5.32
sm__inst_executed_pipe_alu.avg.pct_of_peak_sustained_elapsed [%],1.90,1.85
sm__inst_executed_pipe_alu.max.pct_of_peak_sustained_active [%],9.59,10.49
sm__inst_executed_pipe_alu.max.pct_of_peak_sustained_elapsed [%],3.79,3.64
sm__inst_executed_pipe_alu.min.pct_of_peak_sustained_active [%],0,0
sm__inst_executed_pipe_alu.min.pct_of_peak_sustained_elapsed [%],0,0
sm__inst_executed_pipe_alu.sum.pct_of_peak_sustained_active [%],4.81,5.32
sm__inst_executed_pipe_alu.sum.pct_of_peak_sustained_elapsed [%],1.90,1.85
sm__inst_executed_pipe_cbu.avg.pct_of_peak_sustained_active [%],1.10,1.22
sm__inst_executed_pipe_cbu.avg.pct_of_peak_sustained_elapsed [%],0.43,0.42
sm__inst_executed_pipe_cbu.max.pct_of_peak_sustained_active [%],2.25,2.37
sm__inst_executed_pipe_cbu.max.pct_of_peak_sustained_elapsed [%],0.89,0.82
sm__inst_executed_pipe_cbu.min.pct_of_peak_sustained_active [%],0,0
sm__inst_executed_pipe_cbu.min.pct_of_peak_sustained_elapsed [%],0,0
sm__inst_executed_pipe_cbu.sum.pct_of_peak_sustained_active [%],1.10,1.22
sm__inst_executed_pipe_cbu.sum.pct_of_peak_sustained_elapsed [%],0.43,0.42
sm__inst_executed_pipe_cbu_pred_on_any.avg.pct_of_peak_sustained_elapsed [%],1.22,1.19
sm__inst_executed_pipe_cbu_pred_on_any.max.pct_of_peak_sustained_elapsed [%],2.47,2.31
sm__inst_executed_pipe_cbu_pred_on_any.min.pct_of_peak_sustained_elapsed [%],0,0
sm__inst_executed_pipe_cbu_pred_on_any.sum.pct_of_peak_sustained_elapsed [%],1.22,1.19
sm__inst_executed_pipe_fma.avg.pct_of_peak_sustained_active [%],1.28,1.41
sm__inst_executed_pipe_fma.avg.pct_of_peak_sustained_elapsed [%],0.50,0.49
sm__inst_executed_pipe_fma.max.pct_of_peak_sustained_active [%],2.66,2.97
sm__inst_executed_pipe_fma.max.pct_of_peak_sustained_elapsed [%],1.05,1.03
sm__inst_executed_pipe_fma.min.pct_of_peak_sustained_active [%],0,0
sm__inst_executed_pipe_fma.min.pct_of_peak_sustained_elapsed [%],0,0
sm__inst_executed_pipe_fma.sum.pct_of_peak_sustained_active [%],1.28,1.41
sm__inst_executed_pipe_fma.sum.pct_of_peak_sustained_elapsed [%],0.50,0.49
sm__inst_executed_pipe_fma_type_fp16.avg.pct_of_peak_sustained_active [%],0,0
sm__inst_executed_pipe_fma_type_fp16.avg.pct_of_peak_sustained_elapsed [%],0,0
sm__inst_executed_pipe_fp64_op_dmma.avg.pct_of_peak_sustained_active [%],0,0
sm__inst_executed_pipe_fp64_op_dmma.avg.pct_of_peak_sustained_elapsed [%],0,0
sm__inst_executed_pipe_fp64_op_dmma.max.pct_of_peak_sustained_active [%],0,0
sm__inst_executed_pipe_fp64_op_dmma.max.pct_of_peak_sustained_elapsed [%],0,0
sm__inst_executed_pipe_fp64_op_dmma.min.pct_of_peak_sustained_active [%],0,0
sm__inst_executed_pipe_fp64_op_dmma.min.pct_of_peak_sustained_elapsed [%],0,0
sm__inst_executed_pipe_fp64_op_dmma.sum.pct_of_peak_sustained_active [%],0,0
sm__inst_executed_pipe_fp64_op_dmma.sum.pct_of_peak_sustained_elapsed [%],0,0
sm__inst_executed_pipe_fp64_op_fp64.avg.pct_of_peak_sustained_active [%],0,0
sm__inst_executed_pipe_fp64_op_fp64.avg.pct_of_peak_sustained_elapsed [%],0,0
sm__inst_executed_pipe_fp64_op_fp64.max.pct_of_peak_sustained_active [%],0,0
sm__inst_executed_pipe_fp64_op_fp64.max.pct_of_peak_sustained_elapsed [%],0,0
sm__inst_executed_pipe_fp64_op_fp64.min.pct_of_peak_sustained_active [%],0,0
sm__inst_executed_pipe_fp64_op_fp64.min.pct_of_peak_sustained_elapsed [%],0,0
sm__inst_executed_pipe_fp64_op_fp64.sum.pct_of_peak_sustained_active [%],0,0
sm__inst_executed_pipe_fp64_op_fp64.sum.pct_of_peak_sustained_elapsed [%],0,0
sm__inst_executed_pipe_ipa.avg.pct_of_peak_sustained_elapsed [%],0,0
sm__inst_executed_pipe_ipa.max.pct_of_peak_sustained_elapsed [%],0,0
sm__inst_executed_pipe_ipa.min.pct_of_peak_sustained_elapsed [%],0,0
sm__inst_executed_pipe_ipa.sum.pct_of_peak_sustained_elapsed [%],0,0
sm__inst_executed_pipe_lsu.avg.pct_of_peak_sustained_active [%],10.25,11.31
sm__inst_executed_pipe_lsu.avg.pct_of_peak_sustained_elapsed [%],4.05,3.93
sm__inst_executed_pipe_lsu.max.pct_of_peak_sustained_active [%],21.06,22.56
sm__inst_executed_pipe_lsu.max.pct_of_peak_sustained_elapsed [%],8.32,7.84
sm__inst_executed_pipe_lsu.min.pct_of_peak_sustained_active [%],0,0
sm__inst_executed_pipe_lsu.min.pct_of_peak_sustained_elapsed [%],0,0
sm__inst_executed_pipe_lsu.sum.pct_of_peak_sustained_active [%],10.25,11.31
sm__inst_executed_pipe_lsu.sum.pct_of_peak_sustained_elapsed [%],4.05,3.93
sm__inst_executed_pipe_tensor_op_hmma_v2.avg.pct_of_peak_sustained_active [%],0,0
sm__inst_executed_pipe_tensor_op_hmma_v2.avg.pct_of_peak_sustained_elapsed [%],0,0
sm__inst_executed_pipe_tensor_op_imma_v2.avg.pct_of_peak_sustained_active [%],0,0
sm__inst_executed_pipe_tensor_op_imma_v2.avg.pct_of_peak_sustained_elapsed [%],0,0
sm__inst_executed_pipe_tex.avg.pct_of_peak_sustained_active [%],0.01,0.02
sm__inst_executed_pipe_tex.avg.pct_of_peak_sustained_elapsed [%],0.00,0.01
sm__inst_executed_pipe_tex.max.pct_of_peak_sustained_active [%],0.10,0.11
sm__inst_executed_pipe_tex.max.pct_of_peak_sustained_elapsed [%],0.04,0.04
sm__inst_executed_pipe_tex.min.pct_of_peak_sustained_active [%],0,0
sm__inst_executed_pipe_tex.min.pct_of_peak_sustained_elapsed [%],0,0
sm__inst_executed_pipe_tex.sum.pct_of_peak_sustained_active [%],0.01,0.02
sm__inst_executed_pipe_tex.sum.pct_of_peak_sustained_elapsed [%],0.00,0.01
sm__inst_executed_pipe_uniform.avg.pct_of_peak_sustained_active [%],0.16,0.18
sm__inst_executed_pipe_uniform.avg.pct_of_peak_sustained_elapsed [%],0.06,0.06
sm__inst_executed_pipe_uniform.max.pct_of_peak_sustained_active [%],0.35,0.45
sm__inst_executed_pipe_uniform.max.pct_of_peak_sustained_elapsed [%],0.14,0.16
sm__inst_executed_pipe_uniform.min.pct_of_peak_sustained_active [%],0,0
sm__inst_executed_pipe_uniform.min.pct_of_peak_sustained_elapsed [%],0,0
sm__inst_executed_pipe_uniform.sum.pct_of_peak_sustained_active [%],0.16,0.18
sm__inst_executed_pipe_uniform.sum.pct_of_peak_sustained_elapsed [%],0.06,0.06
sm__inst_executed_pipe_xu.avg.pct_of_peak_sustained_active [%],0.11,0.14
sm__inst_executed_pipe_xu.avg.pct_of_peak_sustained_elapsed [%],0.04,0.05
sm__inst_executed_pipe_xu.max.pct_of_peak_sustained_active [%],0.21,0.26
sm__inst_executed_pipe_xu.max.pct_of_peak_sustained_elapsed [%],0.08,0.09
sm__inst_executed_pipe_xu.min.pct_of_peak_sustained_active [%],0,0
sm__inst_executed_pipe_xu.min.pct_of_peak_sustained_elapsed [%],0,0
sm__inst_executed_pipe_xu.sum.pct_of_peak_sustained_active [%],0.11,0.14
sm__inst_executed_pipe_xu.sum.pct_of_peak_sustained_elapsed [%],0.04,0.05
sm__inst_issued.avg.pct_of_peak_sustained_elapsed [%],3.03,2.87
sm__inst_issued.avg.per_cycle_active [inst/cycle],0.31,0.33
sm__inst_issued.max.pct_of_peak_sustained_elapsed [%],6.03,5.19
sm__inst_issued.max.per_cycle_active [inst/cycle],0.61,0.60
sm__inst_issued.min.pct_of_peak_sustained_elapsed [%],0,0
sm__inst_issued.min.per_cycle_active [inst/cycle],0,0
sm__inst_issued.sum.pct_of_peak_sustained_elapsed [%],3.03,2.87
sm__inst_issued.sum.per_cycle_active [inst/cycle],6.14,6.62
sm__instruction_throughput.avg.pct_of_peak_sustained_elapsed [%],3.17,2.94
sm__instruction_throughput.max.pct_of_peak_sustained_elapsed [%],6.15,6.28
sm__instruction_throughput.min.pct_of_peak_sustained_elapsed [%],0,0
sm__instruction_throughput.sum.pct_of_peak_sustained_elapsed [%],3.17,2.94
sm__instruction_throughput_internal_activity.avg.pct_of_peak_sustained_elapsed [%],0,0
sm__instruction_throughput_internal_activity.max.pct_of_peak_sustained_elapsed [%],0,0
sm__instruction_throughput_internal_activity.min.pct_of_peak_sustained_elapsed [%],0,0
sm__instruction_throughput_internal_activity.sum.pct_of_peak_sustained_elapsed [%],0,0
sm__issue_active.avg.pct_of_peak_sustained_elapsed [%],3.03,2.87
sm__issue_active.max.pct_of_peak_sustained_elapsed [%],6.03,5.19
sm__issue_active.min.pct_of_peak_sustained_elapsed [%],0,0
sm__issue_active.sum.pct_of_peak_sustained_elapsed [%],3.03,2.87
sm__maximum_warps_avg_per_active_cycle [warp],48,48
sm__maximum_warps_per_active_cycle_pct [%],100,100
sm__memory_throughput.avg.pct_of_peak_sustained_elapsed [%],4.05,3.93
sm__memory_throughput.max.pct_of_peak_sustained_elapsed [%],8.32,7.84
sm__memory_throughput.min.pct_of_peak_sustained_elapsed [%],0,0
sm__memory_throughput.sum.pct_of_peak_sustained_elapsed [%],4.05,3.93
sm__memory_throughput_internal_activity.avg.pct_of_peak_sustained_elapsed [%],0,0
sm__memory_throughput_internal_activity.max.pct_of_peak_sustained_elapsed [%],0,0
sm__memory_throughput_internal_activity.min.pct_of_peak_sustained_elapsed [%],0,0
sm__memory_throughput_internal_activity.sum.pct_of_peak_sustained_elapsed [%],0,0
sm__mio2rf_writeback_active.avg.pct_of_peak_sustained_elapsed [%],0.75,0.74
sm__mio2rf_writeback_active.max.pct_of_peak_sustained_elapsed [%],1.54,1.62
sm__mio2rf_writeback_active.min.pct_of_peak_sustained_elapsed [%],0,0
sm__mio2rf_writeback_active.sum.pct_of_peak_sustained_elapsed [%],0.75,0.74
sm__mio_inst_issued.avg.pct_of_peak_sustained_elapsed [%],1.38,1.34
sm__mio_inst_issued.max.pct_of_peak_sustained_elapsed [%],2.83,2.69
sm__mio_inst_issued.min.pct_of_peak_sustained_elapsed [%],0,0
sm__mio_inst_issued.sum.pct_of_peak_sustained_elapsed [%],1.38,1.34
sm__mio_pq_read_cycles_active.avg.pct_of_peak_sustained_elapsed [%],1.35,1.34
sm__mio_pq_read_cycles_active.max.pct_of_peak_sustained_elapsed [%],2.74,2.74
sm__mio_pq_read_cycles_active.min.pct_of_peak_sustained_elapsed [%],0,0
sm__mio_pq_read_cycles_active.sum.pct_of_peak_sustained_elapsed [%],1.35,1.34
sm__mio_pq_write_cycles_active.avg.pct_of_peak_sustained_elapsed [%],0.75,0.75
sm__mio_pq_write_cycles_active.max.pct_of_peak_sustained_elapsed [%],1.68,1.59
sm__mio_pq_write_cycles_active.min.pct_of_peak_sustained_elapsed [%],0,0
sm__mio_pq_write_cycles_active.sum.pct_of_peak_sustained_elapsed [%],0.75,0.75
sm__ops_path_tensor_src_bf16_dst_fp32_sparsity_off.avg,0,0
sm__ops_path_tensor_src_bf16_dst_fp32_sparsity_off.avg.pct_of_peak_sustained_elapsed [%],0,0
sm__ops_path_tensor_src_bf16_dst_fp32_sparsity_off.avg.peak_sustained,512,512
sm__ops_path_tensor_src_bf16_dst_fp32_sparsity_off.avg.per_cycle_elapsed,0,0
sm__ops_path_tensor_src_bf16_dst_fp32_sparsity_off.avg.per_second,0,0
sm__ops_path_tensor_src_bf16_dst_fp32_sparsity_off.max,0,0
sm__ops_path_tensor_src_bf16_dst_fp32_sparsity_off.max.pct_of_peak_sustained_elapsed [%],0,0
sm__ops_path_tensor_src_bf16_dst_fp32_sparsity_off.max.peak_sustained,512,512
sm__ops_path_tensor_src_bf16_dst_fp32_sparsity_off.max.per_cycle_elapsed,0,0
sm__ops_path_tensor_src_bf16_dst_fp32_sparsity_off.max.per_second,0,0
sm__ops_path_tensor_src_bf16_dst_fp32_sparsity_off.min,0,0
sm__ops_path_tensor_src_bf16_dst_fp32_sparsity_off.min.pct_of_peak_sustained_elapsed [%],0,0
sm__ops_path_tensor_src_bf16_dst_fp32_sparsity_off.min.peak_sustained,512,512
sm__ops_path_tensor_src_bf16_dst_fp32_sparsity_off.min.per_cycle_elapsed,0,0
sm__ops_path_tensor_src_bf16_dst_fp32_sparsity_off.min.per_second,0,0
sm__ops_path_tensor_src_bf16_dst_fp32_sparsity_off.sum,0,0
sm__ops_path_tensor_src_bf16_dst_fp32_sparsity_off.sum.pct_of_peak_sustained_elapsed [%],0,0
sm__ops_path_tensor_src_bf16_dst_fp32_sparsity_off.sum.peak_sustained,"10,240","10,240"
sm__ops_path_tensor_src_bf16_dst_fp32_sparsity_off.sum.peak_sustained_elapsed.per_second,"2,18,09,15,80,62,086.86","2,18,10,35,91,44,931.65"
sm__ops_path_tensor_src_bf16_dst_fp32_sparsity_off.sum.per_cycle_elapsed,0,0
sm__ops_path_tensor_src_bf16_dst_fp32_sparsity_off.sum.per_second,0,0
sm__ops_path_tensor_src_bf16_dst_fp32_sparsity_on.avg,0,0
sm__ops_path_tensor_src_bf16_dst_fp32_sparsity_on.avg.pct_of_peak_sustained_elapsed [%],0,0
sm__ops_path_tensor_src_bf16_dst_fp32_sparsity_on.avg.peak_sustained,"1,024","1,024"
sm__ops_path_tensor_src_bf16_dst_fp32_sparsity_on.avg.per_cycle_elapsed,0,0
sm__ops_path_tensor_src_bf16_dst_fp32_sparsity_on.avg.per_second,0,0
sm__ops_path_tensor_src_bf16_dst_fp32_sparsity_on.max,0,0
sm__ops_path_tensor_src_bf16_dst_fp32_sparsity_on.max.pct_of_peak_sustained_elapsed [%],0,0
sm__ops_path_tensor_src_bf16_dst_fp32_sparsity_on.max.peak_sustained,"1,024","1,024"
sm__ops_path_tensor_src_bf16_dst_fp32_sparsity_on.max.per_cycle_elapsed,0,0
sm__ops_path_tensor_src_bf16_dst_fp32_sparsity_on.max.per_second,0,0
sm__ops_path_tensor_src_bf16_dst_fp32_sparsity_on.min,0,0
sm__ops_path_tensor_src_bf16_dst_fp32_sparsity_on.min.pct_of_peak_sustained_elapsed [%],0,0
sm__ops_path_tensor_src_bf16_dst_fp32_sparsity_on.min.peak_sustained,"1,024","1,024"
sm__ops_path_tensor_src_bf16_dst_fp32_sparsity_on.min.per_cycle_elapsed,0,0
sm__ops_path_tensor_src_bf16_dst_fp32_sparsity_on.min.per_second,0,0
sm__ops_path_tensor_src_bf16_dst_fp32_sparsity_on.sum,0,0
sm__ops_path_tensor_src_bf16_dst_fp32_sparsity_on.sum.pct_of_peak_sustained_elapsed [%],0,0
sm__ops_path_tensor_src_bf16_dst_fp32_sparsity_on.sum.peak_sustained,"20,480","20,480"
sm__ops_path_tensor_src_bf16_dst_fp32_sparsity_on.sum.peak_sustained_elapsed.per_second,"4,36,18,31,61,24,173.71","4,36,20,71,82,89,863.30"
sm__ops_path_tensor_src_bf16_dst_fp32_sparsity_on.sum.per_cycle_elapsed,0,0
sm__ops_path_tensor_src_bf16_dst_fp32_sparsity_on.sum.per_second,0,0
sm__ops_path_tensor_src_fp16_dst_fp16_sparsity_off.avg,0,0
sm__ops_path_tensor_src_fp16_dst_fp16_sparsity_off.avg.pct_of_peak_sustained_elapsed [%],0,0
sm__ops_path_tensor_src_fp16_dst_fp16_sparsity_off.avg.peak_sustained,"1,024","1,024"
sm__ops_path_tensor_src_fp16_dst_fp16_sparsity_off.avg.per_cycle_elapsed,0,0
sm__ops_path_tensor_src_fp16_dst_fp16_sparsity_off.avg.per_second,0,0
sm__ops_path_tensor_src_fp16_dst_fp16_sparsity_off.max,0,0
sm__ops_path_tensor_src_fp16_dst_fp16_sparsity_off.max.pct_of_peak_sustained_elapsed [%],0,0
sm__ops_path_tensor_src_fp16_dst_fp16_sparsity_off.max.peak_sustained,"1,024","1,024"
sm__ops_path_tensor_src_fp16_dst_fp16_sparsity_off.max.per_cycle_elapsed,0,0
sm__ops_path_tensor_src_fp16_dst_fp16_sparsity_off.max.per_second,0,0
sm__ops_path_tensor_src_fp16_dst_fp16_sparsity_off.min,0,0
sm__ops_path_tensor_src_fp16_dst_fp16_sparsity_off.min.pct_of_peak_sustained_elapsed [%],0,0
sm__ops_path_tensor_src_fp16_dst_fp16_sparsity_off.min.peak_sustained,"1,024","1,024"
sm__ops_path_tensor_src_fp16_dst_fp16_sparsity_off.min.per_cycle_elapsed,0,0
sm__ops_path_tensor_src_fp16_dst_fp16_sparsity_off.min.per_second,0,0
sm__ops_path_tensor_src_fp16_dst_fp16_sparsity_off.sum,0,0
sm__ops_path_tensor_src_fp16_dst_fp16_sparsity_off.sum.pct_of_peak_sustained_elapsed [%],0,0
sm__ops_path_tensor_src_fp16_dst_fp16_sparsity_off.sum.peak_sustained,"20,480","20,480"
sm__ops_path_tensor_src_fp16_dst_fp16_sparsity_off.sum.peak_sustained_elapsed.per_second,"4,36,18,31,61,24,173.71","4,36,20,71,82,89,863.30"
sm__ops_path_tensor_src_fp16_dst_fp16_sparsity_off.sum.per_cycle_elapsed,0,0
sm__ops_path_tensor_src_fp16_dst_fp16_sparsity_off.sum.per_second,0,0
sm__ops_path_tensor_src_fp16_dst_fp16_sparsity_on.avg,0,0
sm__ops_path_tensor_src_fp16_dst_fp16_sparsity_on.avg.pct_of_peak_sustained_elapsed [%],0,0
sm__ops_path_tensor_src_fp16_dst_fp16_sparsity_on.avg.peak_sustained,"2,048","2,048"
sm__ops_path_tensor_src_fp16_dst_fp16_sparsity_on.avg.per_cycle_elapsed,0,0
sm__ops_path_tensor_src_fp16_dst_fp16_sparsity_on.avg.per_second,0,0
sm__ops_path_tensor_src_fp16_dst_fp16_sparsity_on.max,0,0
sm__ops_path_tensor_src_fp16_dst_fp16_sparsity_on.max.pct_of_peak_sustained_elapsed [%],0,0
sm__ops_path_tensor_src_fp16_dst_fp16_sparsity_on.max.peak_sustained,"2,048","2,048"
sm__ops_path_tensor_src_fp16_dst_fp16_sparsity_on.max.per_cycle_elapsed,0,0
sm__ops_path_tensor_src_fp16_dst_fp16_sparsity_on.max.per_second,0,0
sm__ops_path_tensor_src_fp16_dst_fp16_sparsity_on.min,0,0
sm__ops_path_tensor_src_fp16_dst_fp16_sparsity_on.min.pct_of_peak_sustained_elapsed [%],0,0
sm__ops_path_tensor_src_fp16_dst_fp16_sparsity_on.min.peak_sustained,"2,048","2,048"
sm__ops_path_tensor_src_fp16_dst_fp16_sparsity_on.min.per_cycle_elapsed,0,0
sm__ops_path_tensor_src_fp16_dst_fp16_sparsity_on.min.per_second,0,0
sm__ops_path_tensor_src_fp16_dst_fp16_sparsity_on.sum,0,0
sm__ops_path_tensor_src_fp16_dst_fp16_sparsity_on.sum.pct_of_peak_sustained_elapsed [%],0,0
sm__ops_path_tensor_src_fp16_dst_fp16_sparsity_on.sum.peak_sustained,"40,960","40,960"
sm__ops_path_tensor_src_fp16_dst_fp16_sparsity_on.sum.peak_sustained_elapsed.per_second,"8,72,36,63,22,48,347.42","8,72,41,43,65,79,726.61"
sm__ops_path_tensor_src_fp16_dst_fp16_sparsity_on.sum.per_cycle_elapsed,0,0
sm__ops_path_tensor_src_fp16_dst_fp16_sparsity_on.sum.per_second,0,0
sm__ops_path_tensor_src_fp16_dst_fp32_sparsity_off.avg,0,0
sm__ops_path_tensor_src_fp16_dst_fp32_sparsity_off.avg.pct_of_peak_sustained_elapsed [%],0,0
sm__ops_path_tensor_src_fp16_dst_fp32_sparsity_off.avg.peak_sustained,512,512
sm__ops_path_tensor_src_fp16_dst_fp32_sparsity_off.avg.per_cycle_elapsed,0,0
sm__ops_path_tensor_src_fp16_dst_fp32_sparsity_off.avg.per_second,0,0
sm__ops_path_tensor_src_fp16_dst_fp32_sparsity_off.max,0,0
sm__ops_path_tensor_src_fp16_dst_fp32_sparsity_off.max.pct_of_peak_sustained_elapsed [%],0,0
sm__ops_path_tensor_src_fp16_dst_fp32_sparsity_off.max.peak_sustained,512,512
sm__ops_path_tensor_src_fp16_dst_fp32_sparsity_off.max.per_cycle_elapsed,0,0
sm__ops_path_tensor_src_fp16_dst_fp32_sparsity_off.max.per_second,0,0
sm__ops_path_tensor_src_fp16_dst_fp32_sparsity_off.min,0,0
sm__ops_path_tensor_src_fp16_dst_fp32_sparsity_off.min.pct_of_peak_sustained_elapsed [%],0,0
sm__ops_path_tensor_src_fp16_dst_fp32_sparsity_off.min.peak_sustained,512,512
sm__ops_path_tensor_src_fp16_dst_fp32_sparsity_off.min.per_cycle_elapsed,0,0
sm__ops_path_tensor_src_fp16_dst_fp32_sparsity_off.min.per_second,0,0
sm__ops_path_tensor_src_fp16_dst_fp32_sparsity_off.sum,0,0
sm__ops_path_tensor_src_fp16_dst_fp32_sparsity_off.sum.pct_of_peak_sustained_elapsed [%],0,0
sm__ops_path_tensor_src_fp16_dst_fp32_sparsity_off.sum.peak_sustained,"10,240","10,240"
sm__ops_path_tensor_src_fp16_dst_fp32_sparsity_off.sum.peak_sustained_elapsed.per_second,"2,18,09,15,80,62,086.86","2,18,10,35,91,44,931.65"
sm__ops_path_tensor_src_fp16_dst_fp32_sparsity_off.sum.per_cycle_elapsed,0,0
sm__ops_path_tensor_src_fp16_dst_fp32_sparsity_off.sum.per_second,0,0
sm__ops_path_tensor_src_fp16_dst_fp32_sparsity_on.avg,0,0
sm__ops_path_tensor_src_fp16_dst_fp32_sparsity_on.avg.pct_of_peak_sustained_elapsed [%],0,0
sm__ops_path_tensor_src_fp16_dst_fp32_sparsity_on.avg.peak_sustained,"1,024","1,024"
sm__ops_path_tensor_src_fp16_dst_fp32_sparsity_on.avg.per_cycle_elapsed,0,0
sm__ops_path_tensor_src_fp16_dst_fp32_sparsity_on.avg.per_second,0,0
sm__ops_path_tensor_src_fp16_dst_fp32_sparsity_on.max,0,0
sm__ops_path_tensor_src_fp16_dst_fp32_sparsity_on.max.pct_of_peak_sustained_elapsed [%],0,0
sm__ops_path_tensor_src_fp16_dst_fp32_sparsity_on.max.peak_sustained,"1,024","1,024"
sm__ops_path_tensor_src_fp16_dst_fp32_sparsity_on.max.per_cycle_elapsed,0,0
sm__ops_path_tensor_src_fp16_dst_fp32_sparsity_on.max.per_second,0,0
sm__ops_path_tensor_src_fp16_dst_fp32_sparsity_on.min,0,0
sm__ops_path_tensor_src_fp16_dst_fp32_sparsity_on.min.pct_of_peak_sustained_elapsed [%],0,0
sm__ops_path_tensor_src_fp16_dst_fp32_sparsity_on.min.peak_sustained,"1,024","1,024"
sm__ops_path_tensor_src_fp16_dst_fp32_sparsity_on.min.per_cycle_elapsed,0,0
sm__ops_path_tensor_src_fp16_dst_fp32_sparsity_on.min.per_second,0,0
sm__ops_path_tensor_src_fp16_dst_fp32_sparsity_on.sum,0,0
sm__ops_path_tensor_src_fp16_dst_fp32_sparsity_on.sum.pct_of_peak_sustained_elapsed [%],0,0
sm__ops_path_tensor_src_fp16_dst_fp32_sparsity_on.sum.peak_sustained,"20,480","20,480"
sm__ops_path_tensor_src_fp16_dst_fp32_sparsity_on.sum.peak_sustained_elapsed.per_second,"4,36,18,31,61,24,173.71","4,36,20,71,82,89,863.30"
sm__ops_path_tensor_src_fp16_dst_fp32_sparsity_on.sum.per_cycle_elapsed,0,0
sm__ops_path_tensor_src_fp16_dst_fp32_sparsity_on.sum.per_second,0,0
sm__ops_path_tensor_src_fp64.avg,0,0
sm__ops_path_tensor_src_fp64.avg.pct_of_peak_sustained_elapsed [%],0,0
sm__ops_path_tensor_src_fp64.avg.peak_sustained,3.61,3.61
sm__ops_path_tensor_src_fp64.avg.per_cycle_elapsed,0,0
sm__ops_path_tensor_src_fp64.avg.per_second,0,0
sm__ops_path_tensor_src_fp64.max,0,0
sm__ops_path_tensor_src_fp64.max.pct_of_peak_sustained_elapsed [%],0,0
sm__ops_path_tensor_src_fp64.max.peak_sustained,3.61,3.61
sm__ops_path_tensor_src_fp64.max.per_cycle_elapsed,0,0
sm__ops_path_tensor_src_fp64.max.per_second,0,0
sm__ops_path_tensor_src_fp64.min,0,0
sm__ops_path_tensor_src_fp64.min.pct_of_peak_sustained_elapsed [%],0,0
sm__ops_path_tensor_src_fp64.min.peak_sustained,3.61,3.61
sm__ops_path_tensor_src_fp64.min.per_cycle_elapsed,0,0
sm__ops_path_tensor_src_fp64.min.per_second,0,0
sm__ops_path_tensor_src_fp64.sum,0,0
sm__ops_path_tensor_src_fp64.sum.pct_of_peak_sustained_elapsed [%],0,0
sm__ops_path_tensor_src_fp64.sum.peak_sustained,72.11,72.11
sm__ops_path_tensor_src_fp64.sum.peak_sustained_elapsed.per_second,"1,53,58,56,20,155.54","1,53,59,40,78,485.43"
sm__ops_path_tensor_src_fp64.sum.per_cycle_elapsed,0,0
sm__ops_path_tensor_src_fp64.sum.per_second,0,0
sm__ops_path_tensor_src_fp8_sparsity_off.avg,0,0
sm__ops_path_tensor_src_fp8_sparsity_off.avg.pct_of_peak_sustained_elapsed [%],0,0
sm__ops_path_tensor_src_fp8_sparsity_off.avg.peak_sustained,"2,048","2,048"
sm__ops_path_tensor_src_fp8_sparsity_off.avg.per_cycle_elapsed,0,0
sm__ops_path_tensor_src_fp8_sparsity_off.avg.per_second,0,0
sm__ops_path_tensor_src_fp8_sparsity_off.max,0,0
sm__ops_path_tensor_src_fp8_sparsity_off.max.pct_of_peak_sustained_elapsed [%],0,0
sm__ops_path_tensor_src_fp8_sparsity_off.max.peak_sustained,"2,048","2,048"
sm__ops_path_tensor_src_fp8_sparsity_off.max.per_cycle_elapsed,0,0
sm__ops_path_tensor_src_fp8_sparsity_off.max.per_second,0,0
sm__ops_path_tensor_src_fp8_sparsity_off.min,0,0
sm__ops_path_tensor_src_fp8_sparsity_off.min.pct_of_peak_sustained_elapsed [%],0,0
sm__ops_path_tensor_src_fp8_sparsity_off.min.peak_sustained,"2,048","2,048"
sm__ops_path_tensor_src_fp8_sparsity_off.min.per_cycle_elapsed,0,0
sm__ops_path_tensor_src_fp8_sparsity_off.min.per_second,0,0
sm__ops_path_tensor_src_fp8_sparsity_off.sum,0,0
sm__ops_path_tensor_src_fp8_sparsity_off.sum.pct_of_peak_sustained_elapsed [%],0,0
sm__ops_path_tensor_src_fp8_sparsity_off.sum.peak_sustained,"40,960","40,960"
sm__ops_path_tensor_src_fp8_sparsity_off.sum.peak_sustained_elapsed.per_second,"8,72,36,63,22,48,347.42","8,72,41,43,65,79,726.61"
sm__ops_path_tensor_src_fp8_sparsity_off.sum.per_cycle_elapsed,0,0
sm__ops_path_tensor_src_fp8_sparsity_off.sum.per_second,0,0
sm__ops_path_tensor_src_fp8_sparsity_on.avg,0,0
sm__ops_path_tensor_src_fp8_sparsity_on.avg.pct_of_peak_sustained_elapsed [%],0,0
sm__ops_path_tensor_src_fp8_sparsity_on.avg.peak_sustained,"4,096","4,096"
sm__ops_path_tensor_src_fp8_sparsity_on.avg.per_cycle_elapsed,0,0
sm__ops_path_tensor_src_fp8_sparsity_on.avg.per_second,0,0
sm__ops_path_tensor_src_fp8_sparsity_on.max,0,0
sm__ops_path_tensor_src_fp8_sparsity_on.max.pct_of_peak_sustained_elapsed [%],0,0
sm__ops_path_tensor_src_fp8_sparsity_on.max.peak_sustained,"4,096","4,096"
sm__ops_path_tensor_src_fp8_sparsity_on.max.per_cycle_elapsed,0,0
sm__ops_path_tensor_src_fp8_sparsity_on.max.per_second,0,0
sm__ops_path_tensor_src_fp8_sparsity_on.min,0,0
sm__ops_path_tensor_src_fp8_sparsity_on.min.pct_of_peak_sustained_elapsed [%],0,0
sm__ops_path_tensor_src_fp8_sparsity_on.min.peak_sustained,"4,096","4,096"
sm__ops_path_tensor_src_fp8_sparsity_on.min.per_cycle_elapsed,0,0
sm__ops_path_tensor_src_fp8_sparsity_on.min.per_second,0,0
sm__ops_path_tensor_src_fp8_sparsity_on.sum,0,0
sm__ops_path_tensor_src_fp8_sparsity_on.sum.pct_of_peak_sustained_elapsed [%],0,0
sm__ops_path_tensor_src_fp8_sparsity_on.sum.peak_sustained,"81,920","81,920"
sm__ops_path_tensor_src_fp8_sparsity_on.sum.peak_sustained_elapsed.per_second,"17,44,73,26,44,96,694.84","17,44,82,87,31,59,453.22"
sm__ops_path_tensor_src_fp8_sparsity_on.sum.per_cycle_elapsed,0,0
sm__ops_path_tensor_src_fp8_sparsity_on.sum.per_second,0,0
sm__ops_path_tensor_src_int1.avg,0,0
sm__ops_path_tensor_src_int1.avg.pct_of_peak_sustained_elapsed [%],0,0
sm__ops_path_tensor_src_int1.avg.peak_sustained,"16,384","16,384"
sm__ops_path_tensor_src_int1.avg.per_cycle_elapsed,0,0
sm__ops_path_tensor_src_int1.avg.per_second,0,0
sm__ops_path_tensor_src_int1.max,0,0
sm__ops_path_tensor_src_int1.max.pct_of_peak_sustained_elapsed [%],0,0
sm__ops_path_tensor_src_int1.max.peak_sustained,"16,384","16,384"
sm__ops_path_tensor_src_int1.max.per_cycle_elapsed,0,0
sm__ops_path_tensor_src_int1.max.per_second,0,0
sm__ops_path_tensor_src_int1.min,0,0
sm__ops_path_tensor_src_int1.min.pct_of_peak_sustained_elapsed [%],0,0
sm__ops_path_tensor_src_int1.min.peak_sustained,"16,384","16,384"
sm__ops_path_tensor_src_int1.min.per_cycle_elapsed,0,0
sm__ops_path_tensor_src_int1.min.per_second,0,0
sm__ops_path_tensor_src_int1.sum,0,0
sm__ops_path_tensor_src_int1.sum.pct_of_peak_sustained_elapsed [%],0,0
sm__ops_path_tensor_src_int1.sum.peak_sustained,"3,27,680","3,27,680"
sm__ops_path_tensor_src_int1.sum.peak_sustained_elapsed.per_second,"69,78,93,05,79,86,779.38","69,79,31,49,26,37,812.88"
sm__ops_path_tensor_src_int1.sum.per_cycle_elapsed,0,0
sm__ops_path_tensor_src_int1.sum.per_second,0,0
sm__ops_path_tensor_src_int4_sparsity_off.avg,0,0
sm__ops_path_tensor_src_int4_sparsity_off.avg.pct_of_peak_sustained_elapsed [%],0,0
sm__ops_path_tensor_src_int4_sparsity_off.avg.peak_sustained,"4,096","4,096"
sm__ops_path_tensor_src_int4_sparsity_off.avg.per_cycle_elapsed,0,0
sm__ops_path_tensor_src_int4_sparsity_off.avg.per_second,0,0
sm__ops_path_tensor_src_int4_sparsity_off.max,0,0
sm__ops_path_tensor_src_int4_sparsity_off.max.pct_of_peak_sustained_elapsed [%],0,0
sm__ops_path_tensor_src_int4_sparsity_off.max.peak_sustained,"4,096","4,096"
sm__ops_path_tensor_src_int4_sparsity_off.max.per_cycle_elapsed,0,0
sm__ops_path_tensor_src_int4_sparsity_off.max.per_second,0,0
sm__ops_path_tensor_src_int4_sparsity_off.min,0,0
sm__ops_path_tensor_src_int4_sparsity_off.min.pct_of_peak_sustained_elapsed [%],0,0
sm__ops_path_tensor_src_int4_sparsity_off.min.peak_sustained,"4,096","4,096"
sm__ops_path_tensor_src_int4_sparsity_off.min.per_cycle_elapsed,0,0
sm__ops_path_tensor_src_int4_sparsity_off.min.per_second,0,0
sm__ops_path_tensor_src_int4_sparsity_off.sum,0,0
sm__ops_path_tensor_src_int4_sparsity_off.sum.pct_of_peak_sustained_elapsed [%],0,0
sm__ops_path_tensor_src_int4_sparsity_off.sum.peak_sustained,"81,920","81,920"
sm__ops_path_tensor_src_int4_sparsity_off.sum.peak_sustained_elapsed.per_second,"17,44,73,26,44,96,694.84","17,44,82,87,31,59,453.22"
sm__ops_path_tensor_src_int4_sparsity_off.sum.per_cycle_elapsed,0,0
sm__ops_path_tensor_src_int4_sparsity_off.sum.per_second,0,0
sm__ops_path_tensor_src_int4_sparsity_on.avg,0,0
sm__ops_path_tensor_src_int4_sparsity_on.avg.pct_of_peak_sustained_elapsed [%],0,0
sm__ops_path_tensor_src_int4_sparsity_on.avg.peak_sustained,"8,192","8,192"
sm__ops_path_tensor_src_int4_sparsity_on.avg.per_cycle_elapsed,0,0
sm__ops_path_tensor_src_int4_sparsity_on.avg.per_second,0,0
sm__ops_path_tensor_src_int4_sparsity_on.max,0,0
sm__ops_path_tensor_src_int4_sparsity_on.max.pct_of_peak_sustained_elapsed [%],0,0
sm__ops_path_tensor_src_int4_sparsity_on.max.peak_sustained,"8,192","8,192"
sm__ops_path_tensor_src_int4_sparsity_on.max.per_cycle_elapsed,0,0
sm__ops_path_tensor_src_int4_sparsity_on.max.per_second,0,0
sm__ops_path_tensor_src_int4_sparsity_on.min,0,0
sm__ops_path_tensor_src_int4_sparsity_on.min.pct_of_peak_sustained_elapsed [%],0,0
sm__ops_path_tensor_src_int4_sparsity_on.min.peak_sustained,"8,192","8,192"
sm__ops_path_tensor_src_int4_sparsity_on.min.per_cycle_elapsed,0,0
sm__ops_path_tensor_src_int4_sparsity_on.min.per_second,0,0
sm__ops_path_tensor_src_int4_sparsity_on.sum,0,0
sm__ops_path_tensor_src_int4_sparsity_on.sum.pct_of_peak_sustained_elapsed [%],0,0
sm__ops_path_tensor_src_int4_sparsity_on.sum.peak_sustained,"1,63,840","1,63,840"
sm__ops_path_tensor_src_int4_sparsity_on.sum.peak_sustained_elapsed.per_second,"34,89,46,52,89,93,389.69","34,89,65,74,63,18,906.44"
sm__ops_path_tensor_src_int4_sparsity_on.sum.per_cycle_elapsed,0,0
sm__ops_path_tensor_src_int4_sparsity_on.sum.per_second,0,0
sm__ops_path_tensor_src_int8_sparsity_off.avg,0,0
sm__ops_path_tensor_src_int8_sparsity_off.avg.pct_of_peak_sustained_elapsed [%],0,0
sm__ops_path_tensor_src_int8_sparsity_off.avg.peak_sustained,"2,048","2,048"
sm__ops_path_tensor_src_int8_sparsity_off.avg.per_cycle_elapsed,0,0
sm__ops_path_tensor_src_int8_sparsity_off.avg.per_second,0,0
sm__ops_path_tensor_src_int8_sparsity_off.max,0,0
sm__ops_path_tensor_src_int8_sparsity_off.max.pct_of_peak_sustained_elapsed [%],0,0
sm__ops_path_tensor_src_int8_sparsity_off.max.peak_sustained,"2,048","2,048"
sm__ops_path_tensor_src_int8_sparsity_off.max.per_cycle_elapsed,0,0
sm__ops_path_tensor_src_int8_sparsity_off.max.per_second,0,0
sm__ops_path_tensor_src_int8_sparsity_off.min,0,0
sm__ops_path_tensor_src_int8_sparsity_off.min.pct_of_peak_sustained_elapsed [%],0,0
sm__ops_path_tensor_src_int8_sparsity_off.min.peak_sustained,"2,048","2,048"
sm__ops_path_tensor_src_int8_sparsity_off.min.per_cycle_elapsed,0,0
sm__ops_path_tensor_src_int8_sparsity_off.min.per_second,0,0
sm__ops_path_tensor_src_int8_sparsity_off.sum,0,0
sm__ops_path_tensor_src_int8_sparsity_off.sum.pct_of_peak_sustained_elapsed [%],0,0
sm__ops_path_tensor_src_int8_sparsity_off.sum.peak_sustained,"40,960","40,960"
sm__ops_path_tensor_src_int8_sparsity_off.sum.peak_sustained_elapsed.per_second,"8,72,36,63,22,48,347.42","8,72,41,43,65,79,726.61"
sm__ops_path_tensor_src_int8_sparsity_off.sum.per_cycle_elapsed,0,0
sm__ops_path_tensor_src_int8_sparsity_off.sum.per_second,0,0
sm__ops_path_tensor_src_int8_sparsity_on.avg,0,0
sm__ops_path_tensor_src_int8_sparsity_on.avg.pct_of_peak_sustained_elapsed [%],0,0
sm__ops_path_tensor_src_int8_sparsity_on.avg.peak_sustained,"4,096","4,096"
sm__ops_path_tensor_src_int8_sparsity_on.avg.per_cycle_elapsed,0,0
sm__ops_path_tensor_src_int8_sparsity_on.avg.per_second,0,0
sm__ops_path_tensor_src_int8_sparsity_on.max,0,0
sm__ops_path_tensor_src_int8_sparsity_on.max.pct_of_peak_sustained_elapsed [%],0,0
sm__ops_path_tensor_src_int8_sparsity_on.max.peak_sustained,"4,096","4,096"
sm__ops_path_tensor_src_int8_sparsity_on.max.per_cycle_elapsed,0,0
sm__ops_path_tensor_src_int8_sparsity_on.max.per_second,0,0
sm__ops_path_tensor_src_int8_sparsity_on.min,0,0
sm__ops_path_tensor_src_int8_sparsity_on.min.pct_of_peak_sustained_elapsed [%],0,0
sm__ops_path_tensor_src_int8_sparsity_on.min.peak_sustained,"4,096","4,096"
sm__ops_path_tensor_src_int8_sparsity_on.min.per_cycle_elapsed,0,0
sm__ops_path_tensor_src_int8_sparsity_on.min.per_second,0,0
sm__ops_path_tensor_src_int8_sparsity_on.sum,0,0
sm__ops_path_tensor_src_int8_sparsity_on.sum.pct_of_peak_sustained_elapsed [%],0,0
sm__ops_path_tensor_src_int8_sparsity_on.sum.peak_sustained,"81,920","81,920"
sm__ops_path_tensor_src_int8_sparsity_on.sum.peak_sustained_elapsed.per_second,"17,44,73,26,44,96,694.84","17,44,82,87,31,59,453.22"
sm__ops_path_tensor_src_int8_sparsity_on.sum.per_cycle_elapsed,0,0
sm__ops_path_tensor_src_int8_sparsity_on.sum.per_second,0,0
sm__ops_path_tensor_src_tf32_dst_fp32_sparsity_off.avg,0,0
sm__ops_path_tensor_src_tf32_dst_fp32_sparsity_off.avg.pct_of_peak_sustained_elapsed [%],0,0
sm__ops_path_tensor_src_tf32_dst_fp32_sparsity_off.avg.peak_sustained,256,256
sm__ops_path_tensor_src_tf32_dst_fp32_sparsity_off.avg.per_cycle_elapsed,0,0
sm__ops_path_tensor_src_tf32_dst_fp32_sparsity_off.avg.per_second,0,0
sm__ops_path_tensor_src_tf32_dst_fp32_sparsity_off.max,0,0
sm__ops_path_tensor_src_tf32_dst_fp32_sparsity_off.max.pct_of_peak_sustained_elapsed [%],0,0
sm__ops_path_tensor_src_tf32_dst_fp32_sparsity_off.max.peak_sustained,256,256
sm__ops_path_tensor_src_tf32_dst_fp32_sparsity_off.max.per_cycle_elapsed,0,0
sm__ops_path_tensor_src_tf32_dst_fp32_sparsity_off.max.per_second,0,0
sm__ops_path_tensor_src_tf32_dst_fp32_sparsity_off.min,0,0
sm__ops_path_tensor_src_tf32_dst_fp32_sparsity_off.min.pct_of_peak_sustained_elapsed [%],0,0
sm__ops_path_tensor_src_tf32_dst_fp32_sparsity_off.min.peak_sustained,256,256
sm__ops_path_tensor_src_tf32_dst_fp32_sparsity_off.min.per_cycle_elapsed,0,0
sm__ops_path_tensor_src_tf32_dst_fp32_sparsity_off.min.per_second,0,0
sm__ops_path_tensor_src_tf32_dst_fp32_sparsity_off.sum,0,0
sm__ops_path_tensor_src_tf32_dst_fp32_sparsity_off.sum.pct_of_peak_sustained_elapsed [%],0,0
sm__ops_path_tensor_src_tf32_dst_fp32_sparsity_off.sum.peak_sustained,"5,120","5,120"
sm__ops_path_tensor_src_tf32_dst_fp32_sparsity_off.sum.peak_sustained_elapsed.per_second,"1,09,04,57,90,31,043.43","1,09,05,17,95,72,465.83"
sm__ops_path_tensor_src_tf32_dst_fp32_sparsity_off.sum.per_cycle_elapsed,0,0
sm__ops_path_tensor_src_tf32_dst_fp32_sparsity_off.sum.per_second,0,0
sm__ops_path_tensor_src_tf32_dst_fp32_sparsity_on.avg,0,0
sm__ops_path_tensor_src_tf32_dst_fp32_sparsity_on.avg.pct_of_peak_sustained_elapsed [%],0,0
sm__ops_path_tensor_src_tf32_dst_fp32_sparsity_on.avg.peak_sustained,512,512
sm__ops_path_tensor_src_tf32_dst_fp32_sparsity_on.avg.per_cycle_elapsed,0,0
sm__ops_path_tensor_src_tf32_dst_fp32_sparsity_on.avg.per_second,0,0
sm__ops_path_tensor_src_tf32_dst_fp32_sparsity_on.max,0,0
sm__ops_path_tensor_src_tf32_dst_fp32_sparsity_on.max.pct_of_peak_sustained_elapsed [%],0,0
sm__ops_path_tensor_src_tf32_dst_fp32_sparsity_on.max.peak_sustained,512,512
sm__ops_path_tensor_src_tf32_dst_fp32_sparsity_on.max.per_cycle_elapsed,0,0
sm__ops_path_tensor_src_tf32_dst_fp32_sparsity_on.max.per_second,0,0
sm__ops_path_tensor_src_tf32_dst_fp32_sparsity_on.min,0,0
sm__ops_path_tensor_src_tf32_dst_fp32_sparsity_on.min.pct_of_peak_sustained_elapsed [%],0,0
sm__ops_path_tensor_src_tf32_dst_fp32_sparsity_on.min.peak_sustained,512,512
sm__ops_path_tensor_src_tf32_dst_fp32_sparsity_on.min.per_cycle_elapsed,0,0
sm__ops_path_tensor_src_tf32_dst_fp32_sparsity_on.min.per_second,0,0
sm__ops_path_tensor_src_tf32_dst_fp32_sparsity_on.sum,0,0
sm__ops_path_tensor_src_tf32_dst_fp32_sparsity_on.sum.pct_of_peak_sustained_elapsed [%],0,0
sm__ops_path_tensor_src_tf32_dst_fp32_sparsity_on.sum.peak_sustained,"10,240","10,240"
sm__ops_path_tensor_src_tf32_dst_fp32_sparsity_on.sum.peak_sustained_elapsed.per_second,"2,18,09,15,80,62,086.86","2,18,10,35,91,44,931.65"
sm__ops_path_tensor_src_tf32_dst_fp32_sparsity_on.sum.per_cycle_elapsed,0,0
sm__ops_path_tensor_src_tf32_dst_fp32_sparsity_on.sum.per_second,0,0
sm__pipe_alu_cycles_active.avg.pct_of_peak_sustained_active [%],4.81,5.32
sm__pipe_alu_cycles_active.avg.pct_of_peak_sustained_elapsed [%],1.90,1.85
sm__pipe_alu_cycles_active.max.pct_of_peak_sustained_active [%],9.59,10.49
sm__pipe_alu_cycles_active.max.pct_of_peak_sustained_elapsed [%],3.79,3.64
sm__pipe_alu_cycles_active.min.pct_of_peak_sustained_active [%],0,0
sm__pipe_alu_cycles_active.min.pct_of_peak_sustained_elapsed [%],0,0
sm__pipe_alu_cycles_active.sum.pct_of_peak_sustained_active [%],4.81,5.32
sm__pipe_alu_cycles_active.sum.pct_of_peak_sustained_elapsed [%],1.90,1.85
sm__pipe_fma_cycles_active.avg.pct_of_peak_sustained_active [%],1.54,1.72
sm__pipe_fma_cycles_active.avg.pct_of_peak_sustained_elapsed [%],0.61,0.60
sm__pipe_fma_cycles_active.max.pct_of_peak_sustained_active [%],3.03,3.41
sm__pipe_fma_cycles_active.max.pct_of_peak_sustained_elapsed [%],1.20,1.18
sm__pipe_fma_cycles_active.min.pct_of_peak_sustained_active [%],0,0
sm__pipe_fma_cycles_active.min.pct_of_peak_sustained_elapsed [%],0,0
sm__pipe_fma_cycles_active.sum.pct_of_peak_sustained_active [%],1.54,1.72
sm__pipe_fma_cycles_active.sum.pct_of_peak_sustained_elapsed [%],0.61,0.60
sm__pipe_fmaheavy_cycles_active.avg.pct_of_peak_sustained_elapsed [%],0.97,0.96
sm__pipe_fmaheavy_cycles_active.max.pct_of_peak_sustained_elapsed [%],1.95,1.85
sm__pipe_fmaheavy_cycles_active.min.pct_of_peak_sustained_elapsed [%],0,0
sm__pipe_fmaheavy_cycles_active.sum.pct_of_peak_sustained_elapsed [%],0.97,0.96
sm__pipe_fp64_cycles_active.avg.pct_of_peak_sustained_active [%],0,0
sm__pipe_fp64_cycles_active.avg.pct_of_peak_sustained_elapsed [%],0,0
sm__pipe_fp64_cycles_active.max.pct_of_peak_sustained_active [%],0,0
sm__pipe_fp64_cycles_active.max.pct_of_peak_sustained_elapsed [%],0,0
sm__pipe_fp64_cycles_active.min.pct_of_peak_sustained_active [%],0,0
sm__pipe_fp64_cycles_active.min.pct_of_peak_sustained_elapsed [%],0,0
sm__pipe_fp64_cycles_active.sum.pct_of_peak_sustained_active [%],0,0
sm__pipe_fp64_cycles_active.sum.pct_of_peak_sustained_elapsed [%],0,0
sm__pipe_tensor_cycles_active.avg.pct_of_peak_sustained_elapsed [%],0,0
sm__pipe_tensor_cycles_active.max.pct_of_peak_sustained_elapsed [%],0,0
sm__pipe_tensor_cycles_active.min.pct_of_peak_sustained_elapsed [%],0,0
sm__pipe_tensor_cycles_active.sum.pct_of_peak_sustained_elapsed [%],0,0
sm__pipe_tensor_cycles_active_v2.avg.pct_of_peak_sustained_active [%],0,0
sm__pipe_tensor_cycles_active_v2.avg.pct_of_peak_sustained_elapsed [%],0,0
sm__pipe_tensor_cycles_active_v2.max.pct_of_peak_sustained_elapsed [%],0,0
sm__pipe_tensor_cycles_active_v2.min.pct_of_peak_sustained_elapsed [%],0,0
sm__pipe_tensor_cycles_active_v2.sum.pct_of_peak_sustained_elapsed [%],0,0
sm__pipe_tensor_op_hmma_cycles_active_v2.avg.pct_of_peak_sustained_active [%],0,0
sm__pipe_tensor_op_hmma_cycles_active_v2.avg.pct_of_peak_sustained_elapsed [%],0,0
sm__pipe_tensor_op_imma_cycles_active_v2.avg.pct_of_peak_sustained_active [%],0,0
sm__pipe_tensor_op_imma_cycles_active_v2.avg.pct_of_peak_sustained_elapsed [%],0,0
sm__sass_inst_executed_op_ldgsts_cache_access.sum [inst],0,0
sm__sass_inst_executed_op_ldgsts_cache_bypass.sum [inst],0,0
sm__sass_l1tex_m_xbar2l1tex_read_bytes_mem_global_op_ldgsts_cache_bypass.sum [byte],0,0
sm__sass_l1tex_m_xbar2l1tex_read_bytes_mem_global_op_ldgsts_cache_bypass.sum.pct_of_peak_sustained_elapsed [%],0,0
sm__sass_l1tex_m_xbar2l1tex_read_bytes_mem_global_op_ldgsts_cache_bypass.sum.per_second [byte/s],0,0
sm__sass_l1tex_t_requests_pipe_lsu_mem_global_op_ldgsts.sum,0,0
sm__sass_l1tex_t_requests_pipe_lsu_mem_global_op_ldgsts.sum.pct_of_peak_sustained_elapsed [%],0,0
sm__sass_l1tex_t_requests_pipe_lsu_mem_global_op_ldgsts_cache_access.sum,0,0
sm__sass_l1tex_t_requests_pipe_lsu_mem_global_op_ldgsts_cache_bypass.sum,0,0
sm__sass_l1tex_t_sectors_pipe_lsu_mem_global_op_ldgsts_cache_access.sum [sector],0,0
sm__sass_l1tex_t_sectors_pipe_lsu_mem_global_op_ldgsts_cache_access.sum.pct_of_peak_sustained_elapsed [%],0,0
sm__sass_l1tex_t_sectors_pipe_lsu_mem_global_op_ldgsts_cache_access.sum.per_second [sector/s],0,0
sm__sass_l1tex_t_sectors_pipe_lsu_mem_global_op_ldgsts_cache_bypass.sum [sector],0,0
sm__sass_l1tex_t_sectors_pipe_lsu_mem_global_op_ldgsts_cache_bypass.sum.pct_of_peak_sustained_elapsed [%],0,0
sm__sass_thread_inst_executed_op_dfma_pred_on.avg.peak_sustained [inst/cycle],2,2
sm__sass_thread_inst_executed_op_dfma_pred_on.max.peak_sustained [inst/cycle],2,2
sm__sass_thread_inst_executed_op_dfma_pred_on.min.peak_sustained [inst/cycle],2,2
sm__sass_thread_inst_executed_op_dfma_pred_on.sum.peak_sustained [inst/cycle],40,40
sm__sass_thread_inst_executed_op_ffma_pred_on.avg.peak_sustained [inst/cycle],128,128
sm__sass_thread_inst_executed_op_ffma_pred_on.max.peak_sustained [inst/cycle],128,128
sm__sass_thread_inst_executed_op_ffma_pred_on.min.peak_sustained [inst/cycle],128,128
sm__sass_thread_inst_executed_op_ffma_pred_on.sum.peak_sustained [inst/cycle],"2,560","2,560"
sm__sass_thread_inst_executed_op_hfma_pred_on.avg.peak_sustained [inst/cycle],64,64
sm__sass_thread_inst_executed_op_hfma_pred_on.max.peak_sustained [inst/cycle],64,64
sm__sass_thread_inst_executed_op_hfma_pred_on.min.peak_sustained [inst/cycle],64,64
sm__sass_thread_inst_executed_op_hfma_pred_on.sum.peak_sustained [inst/cycle],"1,280","1,280"
sm__throughput.max.pct_of_peak_sustained_elapsed [%],8.32,7.84
sm__throughput.min.pct_of_peak_sustained_elapsed [%],0,0
sm__throughput.sum.pct_of_peak_sustained_elapsed [%],4.05,3.93
sm__warps_active.avg.pct_of_peak_sustained_active [%],9.69,11.23
sm__warps_active.avg.per_cycle_active [warp],4.65,5.39
sm__warps_active.max.pct_of_peak_sustained_active [%],21.36,25.89
sm__warps_active.max.per_cycle_active [warp],10.25,12.43
sm__warps_active.min.pct_of_peak_sustained_active [%],0,0
sm__warps_active.min.per_cycle_active [warp],0,0
sm__warps_active.sum.pct_of_peak_sustained_active [%],9.69,11.23
sm__warps_active.sum.per_cycle_active [warp],93.06,107.78
smsp__average_warp_latency_per_inst_issued.ratio [cycle],14.25,16.82
smsp__average_warps_active_per_inst_executed.ratio [cycle],13.63,16.44
smsp__average_warps_issue_stalled_barrier_per_issue_active.ratio [inst],0,0
smsp__average_warps_issue_stalled_branch_resolving_per_issue_active.ratio [inst],0.93,0.90
smsp__average_warps_issue_stalled_dispatch_stall_per_issue_active.ratio [inst],0.03,0.03
smsp__average_warps_issue_stalled_drain_per_issue_active.ratio [inst],0.00,0.00
smsp__average_warps_issue_stalled_imc_miss_per_issue_active.ratio [inst],0.03,0.03
smsp__average_warps_issue_stalled_lg_throttle_per_issue_active.ratio [inst],0.36,0.64
smsp__average_warps_issue_stalled_long_scoreboard_per_issue_active.ratio [inst],8.84,9.21
smsp__average_warps_issue_stalled_math_pipe_throttle_per_issue_active.ratio [inst],0.01,0.01
smsp__average_warps_issue_stalled_membar_per_issue_active.ratio [inst],2.12,1.81
smsp__average_warps_issue_stalled_mio_throttle_per_issue_active.ratio [inst],0.00,0.00
smsp__average_warps_issue_stalled_misc_per_issue_active.ratio [inst],0.01,0.01
smsp__average_warps_issue_stalled_no_instruction_per_issue_active.ratio [inst],0.34,0.31
smsp__average_warps_issue_stalled_not_selected_per_issue_active.ratio [inst],0.03,0.03
smsp__average_warps_issue_stalled_selected_per_issue_active.ratio [inst],0.98,0.99
smsp__average_warps_issue_stalled_short_scoreboard_per_issue_active.ratio [inst],0.09,0.09
smsp__average_warps_issue_stalled_sleeping_per_issue_active.ratio [inst],0,0
smsp__average_warps_issue_stalled_tex_throttle_per_issue_active.ratio [inst],0,0
smsp__average_warps_issue_stalled_wait_per_issue_active.ratio [inst],3.08,2.64
smsp__branch_targets_threads_divergent [branches],"2,972 {71}","2,972 {71}"
smsp__cycles_active.avg [cycle],"4,62,263.69","4,86,844.34"
smsp__cycles_active.max [cycle],"16,01,055","16,09,328"
smsp__cycles_active.min [cycle],0,0
smsp__cycles_active.sum [cycle],"3,69,81,095","3,89,47,547"
smsp__cycles_elapsed.avg [cycle],"16,29,007.80","16,80,283.70"
smsp__cycles_elapsed.avg.per_second [Ghz],2.13,2.13
smsp__cycles_elapsed.max [cycle],"16,29,036","16,80,287"
smsp__cycles_elapsed.max.per_second [Ghz],2.13,2.13
smsp__cycles_elapsed.min [cycle],"16,28,958","16,80,280"
smsp__cycles_elapsed.min.per_second [Ghz],2.13,2.13
smsp__cycles_elapsed.sum [cycle],"13,03,20,624","13,44,22,696"
smsp__cycles_elapsed.sum.per_second [Ghz],170.38,170.39
smsp__imc_request_hit_rate.pct [%],99.66,99.65
smsp__imc_requests.sum [cycle],"1,42,962","1,36,860"
smsp__imc_requests.sum.pct_of_peak_sustained_elapsed [%],0.11,0.10
smsp__inst_executed.avg [inst],"51,618.59","49,419.71"
smsp__inst_executed.max [inst],"1,42,543","1,97,639"
smsp__inst_executed.min [inst],0,0
smsp__inst_executed.sum [inst],"41,29,487","39,53,577"
smsp__inst_executed_op_branch.avg [inst],"11,550.50","14,586.99"
smsp__inst_executed_op_branch.max [inst],"26,655","38,222"
smsp__inst_executed_op_branch.min [inst],0,0
smsp__inst_executed_op_branch.sum [inst],"9,24,040","11,66,959"
smsp__inst_executed_op_generic_atom_dot_alu.sum [inst],"1,306","1,236"
smsp__inst_executed_op_generic_atom_dot_alu.sum.pct_of_peak_sustained_elapsed [%],0.00,0.00
smsp__inst_executed_op_generic_atom_dot_cas.sum [inst],"22,339","24,373"
smsp__inst_executed_op_generic_atom_dot_cas.sum.pct_of_peak_sustained_elapsed [%],0.02,0.02
smsp__inst_executed_op_global_red.sum [inst],0,0
smsp__inst_executed_op_global_red.sum.pct_of_peak_sustained_elapsed [%],0,0
smsp__inst_executed_op_ldgsts.sum [inst],0,0
smsp__inst_executed_op_ldgsts.sum.pct_of_peak_sustained_elapsed [%],0,0
smsp__inst_executed_op_ldsm.sum [inst],0,0
smsp__inst_executed_op_ldsm.sum.pct_of_peak_sustained_elapsed [%],0,0
smsp__inst_executed_op_shared_atom.sum [inst],0,0
smsp__inst_executed_op_shared_atom.sum.pct_of_peak_sustained_elapsed [%],0,0
smsp__inst_executed_op_surface_atom_dot_alu.sum [inst],0,0
smsp__inst_executed_op_surface_atom_dot_alu.sum.pct_of_peak_sustained_elapsed [%],0,0
smsp__inst_executed_op_surface_atom_dot_cas.sum [inst],0,0
smsp__inst_executed_op_surface_atom_dot_cas.sum.pct_of_peak_sustained_elapsed [%],0,0
smsp__inst_executed_op_surface_ld.sum [inst],0,0
smsp__inst_executed_op_surface_ld.sum.pct_of_peak_sustained_elapsed [%],0,0
smsp__inst_executed_op_surface_red.sum [inst],0,0
smsp__inst_executed_op_surface_red.sum.pct_of_peak_sustained_elapsed [%],0,0
smsp__inst_executed_op_surface_st.sum [inst],0,0
smsp__inst_executed_op_surface_st.sum.pct_of_peak_sustained_elapsed [%],0,0
smsp__inst_executed_op_texture.sum [inst],0,0
smsp__inst_executed_op_texture.sum.pct_of_peak_sustained_elapsed [%],0,0
smsp__inst_issued.avg [inst],"49,386.60","48,301.88"
smsp__inst_issued.max [inst],"1,77,829","1,47,279"
smsp__inst_issued.min [inst],0,0
smsp__inst_issued.sum [inst],"39,50,928","38,64,150"
smsp__issue_active.avg.pct_of_peak_sustained_active [%],10.68,9.92
smsp__issue_active.avg.per_cycle_active,0.11,0.10
smsp__issue_active.max.pct_of_peak_sustained_active [%],38.47,30.25
smsp__issue_active.max.per_cycle_active,0.38,0.30
smsp__issue_active.min.pct_of_peak_sustained_active [%],0,0
smsp__issue_active.min.per_cycle_active,0,0
smsp__issue_active.sum.pct_of_peak_sustained_active [%],10.68,9.92
smsp__issue_active.sum.per_cycle_active,8.55,7.94
smsp__issue_inst0.avg.pct_of_peak_sustained_active [%],89.32,90.08
smsp__issue_inst0.max.pct_of_peak_sustained_active [%],307.88,300.31
smsp__issue_inst0.min.pct_of_peak_sustained_active [%],0,0
smsp__issue_inst0.sum.pct_of_peak_sustained_active [%],89.32,90.08
smsp__maximum_warps_avg_per_active_cycle [warp],12,12
smsp__pcsamp_aggregated_passes [pass],2,2
smsp__pcsamp_buffer_overflow,0,0
smsp__pcsamp_buffer_size_bytes [Mbyte],33.55,33.55
smsp__pcsamp_dropped_bytes [byte],0,0
smsp__pcsamp_interval,5,5
smsp__pcsamp_interval_cycles [cycle],"1,024","1,024"
smsp__pcsamp_sample_count,"11,479 {683}","13,891 {697}"
smsp__pcsamp_warps_issue_stalled_barrier [warp],0 {683},0 {697}
smsp__pcsamp_warps_issue_stalled_barrier_not_issued [warp],0 {683},0 {697}
smsp__pcsamp_warps_issue_stalled_branch_resolving [branches],486 {683},521 {697}
smsp__pcsamp_warps_issue_stalled_branch_resolving_not_issued [branches],444 {683},475 {697}
smsp__pcsamp_warps_issue_stalled_dispatch_stall [warp],18 {683},20 {697}
smsp__pcsamp_warps_issue_stalled_dispatch_stall_not_issued [warp],7 {683},7 {697}
smsp__pcsamp_warps_issue_stalled_drain [warp],0 {683},0 {697}
smsp__pcsamp_warps_issue_stalled_drain_not_issued [warp],0 {683},0 {697}
smsp__pcsamp_warps_issue_stalled_imc_miss [warp],14 {683},13 {697}
smsp__pcsamp_warps_issue_stalled_imc_miss_not_issued [warp],14 {683},13 {697}
smsp__pcsamp_warps_issue_stalled_lg_throttle [warp],239 {683},291 {697}
smsp__pcsamp_warps_issue_stalled_lg_throttle_not_issued [warp],235 {683},287 {697}
smsp__pcsamp_warps_issue_stalled_long_scoreboard [warp],"5,818 {683}","5,767 {697}"
smsp__pcsamp_warps_issue_stalled_long_scoreboard_not_issued [warp],"5,585 {683}","5,544 {697}"
smsp__pcsamp_warps_issue_stalled_math_pipe_throttle [warp],6 {683},4 {697}
smsp__pcsamp_warps_issue_stalled_math_pipe_throttle_not_issued [warp],5 {683},3 {697}
smsp__pcsamp_warps_issue_stalled_membar [warp],"1,910 {683}","4,189 {697}"
smsp__pcsamp_warps_issue_stalled_membar_not_issued [warp],"1,909 {683}","4,189 {697}"
smsp__pcsamp_warps_issue_stalled_mio_throttle [warp],1 {683},4 {697}
smsp__pcsamp_warps_issue_stalled_mio_throttle_not_issued [warp],1 {683},4 {697}
smsp__pcsamp_warps_issue_stalled_misc [warp],6 {683},5 {697}
smsp__pcsamp_warps_issue_stalled_misc_not_issued [warp],6 {683},5 {697}
smsp__pcsamp_warps_issue_stalled_no_instructions [inst],186 {683},215 {697}
smsp__pcsamp_warps_issue_stalled_no_instructions_not_issued [inst],171 {683},203 {697}
smsp__pcsamp_warps_issue_stalled_not_selected [warp],23 {683},15 {697}
smsp__pcsamp_warps_issue_stalled_not_selected_not_issued [warp],0 {683},0 {697}
smsp__pcsamp_warps_issue_stalled_selected [warp],712 {683},770 {697}
smsp__pcsamp_warps_issue_stalled_selected_not_issued [warp],0 {683},0 {697}
smsp__pcsamp_warps_issue_stalled_short_scoreboard [warp],59 {683},54 {697}
smsp__pcsamp_warps_issue_stalled_short_scoreboard_not_issued [warp],56 {683},51 {697}
smsp__pcsamp_warps_issue_stalled_sleeping [warp],0 {683},0 {697}
smsp__pcsamp_warps_issue_stalled_sleeping_not_issued [warp],0 {683},0 {697}
smsp__pcsamp_warps_issue_stalled_tex_throttle [warp],0 {683},0 {697}
smsp__pcsamp_warps_issue_stalled_tex_throttle_not_issued [warp],0 {683},0 {697}
smsp__pcsamp_warps_issue_stalled_wait [warp],"2,001 {683}","2,023 {697}"
smsp__pcsamp_warps_issue_stalled_wait_not_issued [warp],"1,866 {683}","1,902 {697}"
smsp__sass_average_branch_targets_threads_uniform.pct [%],93.62,93.62
smsp__sass_average_data_bytes_per_sector_mem_global_op_ld.max_rate [byte/sector],32,32
smsp__sass_average_data_bytes_per_sector_mem_global_op_ld.ratio [byte/sector],4.04,4.04
smsp__sass_average_data_bytes_per_sector_mem_global_op_st.max_rate [byte/sector],32,32
smsp__sass_average_data_bytes_per_sector_mem_global_op_st.ratio [byte/sector],4,4
smsp__sass_average_data_bytes_per_sector_mem_local_op_ld.max_rate [byte/sector],32,32
smsp__sass_average_data_bytes_per_sector_mem_local_op_ld.ratio [byte/sector],0,0
smsp__sass_average_data_bytes_per_sector_mem_local_op_st.max_rate [byte/sector],32,32
smsp__sass_average_data_bytes_per_sector_mem_local_op_st.ratio [byte/sector],0,0
smsp__sass_branch_targets_threads_divergent.avg [branches],37.15,37.15
smsp__sass_branch_targets_threads_divergent.max [branches],74,74
smsp__sass_branch_targets_threads_divergent.min [branches],0,0
smsp__sass_branch_targets_threads_divergent.sum [branches],"2,972","2,972"
smsp__sass_inst_executed_memdesc_explicit_evict_type,0 {226},0 {226}
smsp__sass_inst_executed_memdesc_explicit_hitprop_evict_first [inst],0 {226},0 {226}
smsp__sass_inst_executed_memdesc_explicit_hitprop_evict_last [inst],0 {226},0 {226}
smsp__sass_inst_executed_memdesc_explicit_hitprop_evict_normal [inst],0 {226},0 {226}
smsp__sass_inst_executed_memdesc_explicit_hitprop_evict_normal_demote [inst],0 {226},0 {226}
smsp__sass_inst_executed_memdesc_explicit_missprop_evict_first [inst],0 {226},0 {226}
smsp__sass_inst_executed_memdesc_explicit_missprop_evict_normal [inst],0 {226},0 {226}
smsp__sass_inst_executed_op_global_ld.sum [inst],"3,62,321","3,62,321"
smsp__sass_inst_executed_op_global_st.sum [inst],"1,01,603","1,01,603"
smsp__sass_inst_executed_op_local_ld.sum [inst],0,0
smsp__sass_inst_executed_op_local_st.sum [inst],0,0
smsp__sass_inst_executed_op_shared_ld.sum [inst],0,0
smsp__sass_inst_executed_op_shared_st.sum [inst],0,0
smsp__sass_l1tex_data_bank_conflicts_pipe_lsu_mem_shared_op_ldgsts.sum,0,0
smsp__sass_l1tex_data_bank_conflicts_pipe_lsu_mem_shared_op_st.sum,0,0
smsp__sass_l1tex_data_pipe_lsu_wavefronts_mem_shared_op_ldgsts.sum,0,0
smsp__sass_l1tex_data_pipe_lsu_wavefronts_mem_shared_op_ldgsts.sum.pct_of_peak_sustained_elapsed [%],0,0
smsp__sass_l1tex_data_pipe_lsu_wavefronts_mem_shared_op_ldgsts_cache_access.sum,0,0
smsp__sass_l1tex_data_pipe_lsu_wavefronts_mem_shared_op_ldgsts_cache_access.sum.pct_of_peak_sustained_elapsed [%],0,0
smsp__sass_l1tex_data_pipe_lsu_wavefronts_mem_shared_op_st.sum,0,0
smsp__sass_l1tex_data_pipe_lsu_wavefronts_mem_shared_op_st.sum.pct_of_peak_sustained_elapsed [%],0,0
smsp__sass_l1tex_m_xbar2l1tex_read_sectors_mem_global_op_ldgsts_cache_bypass.sum [sector],0,0
smsp__sass_l1tex_m_xbar2l1tex_read_sectors_mem_global_op_ldgsts_cache_bypass.sum.pct_of_peak_sustained_elapsed [%],0,0
smsp__sass_thread_inst_executed_op_dadd_pred_on.avg.per_cycle_elapsed [inst/cycle],0,0
smsp__sass_thread_inst_executed_op_dadd_pred_on.max.per_cycle_elapsed [inst/cycle],0,0
smsp__sass_thread_inst_executed_op_dadd_pred_on.min.per_cycle_elapsed [inst/cycle],0,0
smsp__sass_thread_inst_executed_op_dadd_pred_on.sum.per_cycle_elapsed [inst/cycle],0,0
smsp__sass_thread_inst_executed_op_dfma_pred_on.avg.per_cycle_elapsed [inst/cycle],0,0
smsp__sass_thread_inst_executed_op_dfma_pred_on.max.per_cycle_elapsed [inst/cycle],0,0
smsp__sass_thread_inst_executed_op_dfma_pred_on.min.per_cycle_elapsed [inst/cycle],0,0
smsp__sass_thread_inst_executed_op_dfma_pred_on.sum.per_cycle_elapsed [inst/cycle],0,0
smsp__sass_thread_inst_executed_op_dmul_pred_on.avg.per_cycle_elapsed [inst/cycle],0,0
smsp__sass_thread_inst_executed_op_dmul_pred_on.max.per_cycle_elapsed [inst/cycle],0,0
smsp__sass_thread_inst_executed_op_dmul_pred_on.min.per_cycle_elapsed [inst/cycle],0,0
smsp__sass_thread_inst_executed_op_dmul_pred_on.sum.per_cycle_elapsed [inst/cycle],0,0
smsp__sass_thread_inst_executed_op_fadd_pred_on.avg.per_cycle_elapsed [inst/cycle],0.00,0.00
smsp__sass_thread_inst_executed_op_fadd_pred_on.max.per_cycle_elapsed [inst/cycle],0.00,0.00
smsp__sass_thread_inst_executed_op_fadd_pred_on.min.per_cycle_elapsed [inst/cycle],0,0
smsp__sass_thread_inst_executed_op_fadd_pred_on.sum.per_cycle_elapsed [inst/cycle],0.01,0.01
smsp__sass_thread_inst_executed_op_ffma_pred_on.avg.per_cycle_elapsed [inst/cycle],0.01,0.01
smsp__sass_thread_inst_executed_op_ffma_pred_on.max.per_cycle_elapsed [inst/cycle],0.02,0.02
smsp__sass_thread_inst_executed_op_ffma_pred_on.min.per_cycle_elapsed [inst/cycle],0,0
smsp__sass_thread_inst_executed_op_ffma_pred_on.sum.per_cycle_elapsed [inst/cycle],0.72,0.69
smsp__sass_thread_inst_executed_op_fmul_pred_on.avg.per_cycle_elapsed [inst/cycle],0.00,0.00
smsp__sass_thread_inst_executed_op_fmul_pred_on.max.per_cycle_elapsed [inst/cycle],0.00,0.00
smsp__sass_thread_inst_executed_op_fmul_pred_on.min.per_cycle_elapsed [inst/cycle],0,0
smsp__sass_thread_inst_executed_op_fmul_pred_on.sum.per_cycle_elapsed [inst/cycle],0.01,0.01
smsp__sass_thread_inst_executed_op_hadd_pred_on.avg.per_cycle_elapsed [inst/cycle],0,0
smsp__sass_thread_inst_executed_op_hadd_pred_on.max.per_cycle_elapsed [inst/cycle],0,0
smsp__sass_thread_inst_executed_op_hadd_pred_on.min.per_cycle_elapsed [inst/cycle],0,0
smsp__sass_thread_inst_executed_op_hadd_pred_on.sum.per_cycle_elapsed [inst/cycle],0,0
smsp__sass_thread_inst_executed_op_hfma_pred_on.avg.per_cycle_elapsed [inst/cycle],0,0
smsp__sass_thread_inst_executed_op_hfma_pred_on.max.per_cycle_elapsed [inst/cycle],0,0
smsp__sass_thread_inst_executed_op_hfma_pred_on.min.per_cycle_elapsed [inst/cycle],0,0
smsp__sass_thread_inst_executed_op_hfma_pred_on.sum.per_cycle_elapsed [inst/cycle],0,0
smsp__sass_thread_inst_executed_op_hmul_pred_on.avg.per_cycle_elapsed [inst/cycle],0,0
smsp__sass_thread_inst_executed_op_hmul_pred_on.max.per_cycle_elapsed [inst/cycle],0,0
smsp__sass_thread_inst_executed_op_hmul_pred_on.min.per_cycle_elapsed [inst/cycle],0,0
smsp__sass_thread_inst_executed_op_hmul_pred_on.sum.per_cycle_elapsed [inst/cycle],0,0
smsp__thread_inst_executed_per_inst_executed.ratio,8.46,9.12
smsp__thread_inst_executed_pred_on_per_inst_executed.ratio,7.17,7.98
smsp__warps_active.avg.peak_sustained [warp],12,12
smsp__warps_active.avg.per_cycle_active [warp],1.52,1.67
smsp__warps_active.max.peak_sustained [warp],12,12
smsp__warps_active.max.per_cycle_active [warp],4.78,6.13
smsp__warps_active.min.peak_sustained [warp],12,12
smsp__warps_active.min.per_cycle_active [warp],0,0
smsp__warps_active.sum.peak_sustained [warp],960,960
smsp__warps_active.sum.per_cycle_active [warp],121.77,133.50
smsp__warps_eligible.avg.per_cycle_active [warp],0.11,0.11
smsp__warps_eligible.max.per_cycle_active [warp],0.32,0.38
smsp__warps_eligible.min.per_cycle_active [warp],0,0
smsp__warps_eligible.sum.per_cycle_active [warp],8.61,9.11
thread_inst_executed [inst],"80,78,661 {807}","80,78,661 {807}"
thread_inst_executed_true [inst],"79,50,408 {807}","79,50,408 {807}"
warpsampling:smsp__pcsamp_samples_data_dropped [sample],0 {1290},0 {1433}
warpsampling:smsp__pcsamp_warps_issue_stalled_barrier [warp],0 {1290},0 {1433}
warpsampling:smsp__pcsamp_warps_issue_stalled_branch_resolving [branches],"2,059 {1290}","1,933 {1433}"
warpsampling:smsp__pcsamp_warps_issue_stalled_dispatch_stall [warp],82 {1290},109 {1433}
warpsampling:smsp__pcsamp_warps_issue_stalled_drain [warp],0 {1290},0 {1433}
warpsampling:smsp__pcsamp_warps_issue_stalled_imc_miss [warp],30 {1290},41 {1433}
warpsampling:smsp__pcsamp_warps_issue_stalled_lg_throttle [warp],"1,444 {1290}","1,156 {1433}"
warpsampling:smsp__pcsamp_warps_issue_stalled_long_scoreboard [warp],"23,989 {1290}","22,386 {1433}"
warpsampling:smsp__pcsamp_warps_issue_stalled_math_pipe_throttle [warp],21 {1290},21 {1433}
warpsampling:smsp__pcsamp_warps_issue_stalled_membar [warp],"5,378 {1290}","14,426 {1433}"
warpsampling:smsp__pcsamp_warps_issue_stalled_mio_throttle [warp],6 {1290},5 {1433}
warpsampling:smsp__pcsamp_warps_issue_stalled_misc [warp],21 {1290},40 {1433}
warpsampling:smsp__pcsamp_warps_issue_stalled_no_instructions [inst],753 {1290},717 {1433}
warpsampling:smsp__pcsamp_warps_issue_stalled_not_selected [warp],60 {1290},64 {1433}
warpsampling:smsp__pcsamp_warps_issue_stalled_selected [warp],"2,721 {1290}","2,759 {1433}"
warpsampling:smsp__pcsamp_warps_issue_stalled_short_scoreboard [warp],251 {1290},201 {1433}
warpsampling:smsp__pcsamp_warps_issue_stalled_sleeping [warp],0 {1290},0 {1433}
warpsampling:smsp__pcsamp_warps_issue_stalled_tex_throttle [warp],0 {1290},0 {1433}
warpsampling:smsp__pcsamp_warps_issue_stalled_wait [warp],"7,446 {1290}","7,908 {1433}"
