ID,0,1,2,3
Time,2026-Apr-16 14:15:15,2026-Apr-16 14:15:16,2026-Apr-16 14:15:17,2026-Apr-16 14:15:17
API Call ID,644,646,648,658
Estimated Speedup [%],26.79,26.27,26.79,65.09
Runtime Improvement [us],1.88,1.84,1.89,9.27
Issues Detected [issue],8,8,8,18
Function Name,float2half_kernel,float2half_kernel,float2half_kernel,f3s_1tb1rw_kernel
Mangled Name,_Z17float2half_kernelPKfP6__halfi,_Z17float2half_kernelPKfP6__halfi,_Z17float2half_kernelPKfP6__halfi,_Z17f3s_1tb1rw_kernelPK6__halfS1_S1_PfPKiS4_S4_ii
Demangled Name,float2half_kernel..,float2half_kernel..,float2half_kernel..,f3s_1tb1rw_kernel..
Original Demangled Name,"float2half_kernel(const float *, __half *, int)","float2half_kernel(const float *, __half *, int)","float2half_kernel(const float *, __half *, int)","f3s_1tb1rw_kernel(const __half *, const __half *, const __half *, float *, const int *, const int *, const int *, int, int)"
Process,[28652] test_fused_3s_v0.exe,[28652] test_fused_3s_v0.exe,[28652] test_fused_3s_v0.exe,[28652] test_fused_3s_v0.exe
Thread ID [thread],29140,29140,29140,29140
Device Name,NVIDIA GeForce RTX 4050 Laptop GPU,NVIDIA GeForce RTX 4050 Laptop GPU,NVIDIA GeForce RTX 4050 Laptop GPU,NVIDIA GeForce RTX 4050 Laptop GPU
CUprogram,0x1929a81e490,0x1929a81e490,0x1929a81e490,0x1929ac3cd70
CUfunction,0x1929a633cb0,0x1929a633cb0,0x1929a633cb0,0x1929a636800
Grid Offset,"    0,    0,    0","    0,    0,    0","    0,    0,    0","    0,    0,    0"
Grid Size,"  832,    1,    1","  832,    1,    1","  832,    1,    1","  208,    1,    1"
Block Size [block],"  256,    1,    1","  256,    1,    1","  256,    1,    1","  128,    1,    1"
Grid Dimensions,3,3,3,3
Result Type,Kernel: SIMT,Kernel: SIMT,Kernel: SIMT,Kernel: SIMT
gpc__cycles_elapsed.max [cycle],"14,795","14,755","14,849","30,239"
gpu__time_duration.sum [us],7.01,7.01,7.04,14.24
sm__throughput.avg.pct_of_peak_sustained_elapsed [%],13.51,13.55,13.47,16.05
gpu__compute_memory_throughput.avg.pct_of_peak_sustained_elapsed [%],73.21,73.73,73.21,41.60
FBSP.TriageSCG.dramc__read_throughput.avg.pct_of_peak_sustained_elapsed [%],{531},{570},{711},{626}
FBSP.TriageSCG.dramc__throughput.avg.pct_of_peak_sustained_elapsed [%],{531},{570},{711},{626}
FBSP.TriageSCG.dramc__write_throughput.avg.pct_of_peak_sustained_elapsed [%],{531},{570},{711},{626}
FE_B.TriageAC.gr__ctas_launched_queue_sync.avg [block],832 {676},832 {541},832 {611},208 {578}
FE_B.TriageAC.gr__ctas_launched_queue_sync.sum.per_cycle_elapsed [block/cycle],0.45 {531},0.45 {570},0.45 {711},0.11 {626}
LTS.TriageSCG.lts__average_t_sector_hit_rate_realtime.pct [%],{650},{566},{1640},{453}
LTS.TriageSCG.lts__throughput.avg.pct_of_peak_sustained_elapsed [%],{650},{566},{1640},{453}
SM_A.TriageAC.l1tex__data_pipe_lsu_wavefronts.avg.pct_of_peak_sustained_elapsed [%],0.08 {650},0.09 {566},0.03 {1640},1.30 {453}
SM_A.TriageAC.l1tex__lsu_writeback_active.avg.pct_of_peak_sustained_elapsed [%],0.05 {650},0.06 {566},0.02 {1640},0.17 {453}
SM_A.TriageAC.sm__cycles_active.avg.per_cycle_elapsed,5.75 {650},5.84 {566},5.94 {1640},12.70 {453}
SM_A.TriageAC.sm__inst_executed_realtime.avg.per_cycle_active [inst/cycle],2.64 {650},2.60 {566},2.52 {1640},8.03 {453}
SM_A.TriageAC.sm__inst_executed_realtime.avg.per_cycle_elapsed [inst/cycle],2.35 {650},2.35 {566},2.35 {1640},7.82 {453}
SM_A.TriageSCG.l1tex__throughput.avg.pct_of_peak_sustained_elapsed [%],{650},{566},{1640},{453}
SM_A.TriageSCG.sm__inst_executed_pipe_alu_realtime.avg.pct_of_peak_sustained_elapsed [%],0.07 {531},0.07 {570},0.11 {711},0.21 {626}
SM_B.TriageAC.l1tex__t_sector_hit_rate.pct [%],{650},{566},{1640},{453}
SM_C.TriageSCG.smsp__inst_executed_pipe_fmaheavy.avg.pct_of_peak_sustained_elapsed [%],0.04 {531},0.04 {570},0.15 {711},0.22 {626}
SM_C.TriageSCG.smsp__inst_executed_pipe_fmalite.avg.pct_of_peak_sustained_elapsed [%],0 {531},0 {570},0.16 {711},0.02 {626}
TriageAC.tpc__warps_active_realtime.avg.per_cycle_elapsed [warp],233.52 {531},233.32 {570},"1,112.77 {711}",204.57 {626}
TriageAC.tpc__warps_active_realtime.sum.per_cycle_elapsed [warp],"4,670.38 {531}","4,666.36 {570}","22,255.36 {711}","4,091.41 {626}"
breakdown:gpu__compute_memory_throughput.avg.pct_of_peak_sustained_elapsed,"dram__cycles_active.avg.pct_of_peak_sustained_elapsed,fbpa__dram_sectors.avg.pct_of_peak_sustained_elapsed,gpu__compute_memory_access_throughput_internal_activity.avg.pct_of_peak_sustained_elapsed,gpu__compute_memory_request_throughput_internal_activity.avg.pct_of_peak_sustained_elapsed,l1tex__data_bank_reads.avg.pct_of_peak_sustained_elapsed,l1tex__data_bank_writes.avg.pct_of_peak_sustained_elapsed,l1tex__data_pipe_lsu_wavefronts.avg.pct_of_peak_sustained_elapsed,l1tex__data_pipe_tex_wavefronts.avg.pct_of_peak_sustained_elapsed,l1tex__f_wavefronts.avg.pct_of_peak_sustained_elapsed,l1tex__lsu_writeback_active.avg.pct_of_peak_sustained_elapsed,l1tex__lsuin_requests.avg.pct_of_peak_sustained_elapsed,l1tex__m_l1tex2xbar_req_cycles_active.avg.pct_of_peak_sustained_elapsed,l1tex__m_xbar2l1tex_read_sectors.avg.pct_of_peak_sustained_elapsed,l1tex__tex_writeback_active.avg.pct_of_peak_sustained_elapsed,l1tex__texin_sm2tex_req_cycles_active.avg.pct_of_peak_sustained_elapsed,lts__d_atomic_input_cycles_active.avg.pct_of_peak_sustained_elapsed,lts__d_sectors.avg.pct_of_peak_sustained_elapsed,lts__d_sectors_fill_device.avg.pct_of_peak_sustained_elapsed,lts__d_sectors_fill_sysmem.avg.pct_of_peak_sustained_elapsed,lts__lts2xbar_cycles_active.avg.pct_of_peak_sustained_elapsed,lts__t_sectors.avg.pct_of_peak_sustained_elapsed,lts__t_tag_requests.avg.pct_of_peak_sustained_elapsed,lts__xbar2lts_cycles_active.avg.pct_of_peak_sustained_elapsed","dram__cycles_active.avg.pct_of_peak_sustained_elapsed,fbpa__dram_sectors.avg.pct_of_peak_sustained_elapsed,gpu__compute_memory_access_throughput_internal_activity.avg.pct_of_peak_sustained_elapsed,gpu__compute_memory_request_throughput_internal_activity.avg.pct_of_peak_sustained_elapsed,l1tex__data_bank_reads.avg.pct_of_peak_sustained_elapsed,l1tex__data_bank_writes.avg.pct_of_peak_sustained_elapsed,l1tex__data_pipe_lsu_wavefronts.avg.pct_of_peak_sustained_elapsed,l1tex__data_pipe_tex_wavefronts.avg.pct_of_peak_sustained_elapsed,l1tex__f_wavefronts.avg.pct_of_peak_sustained_elapsed,l1tex__lsu_writeback_active.avg.pct_of_peak_sustained_elapsed,l1tex__lsuin_requests.avg.pct_of_peak_sustained_elapsed,l1tex__m_l1tex2xbar_req_cycles_active.avg.pct_of_peak_sustained_elapsed,l1tex__m_xbar2l1tex_read_sectors.avg.pct_of_peak_sustained_elapsed,l1tex__tex_writeback_active.avg.pct_of_peak_sustained_elapsed,l1tex__texin_sm2tex_req_cycles_active.avg.pct_of_peak_sustained_elapsed,lts__d_atomic_input_cycles_active.avg.pct_of_peak_sustained_elapsed,lts__d_sectors.avg.pct_of_peak_sustained_elapsed,lts__d_sectors_fill_device.avg.pct_of_peak_sustained_elapsed,lts__d_sectors_fill_sysmem.avg.pct_of_peak_sustained_elapsed,lts__lts2xbar_cycles_active.avg.pct_of_peak_sustained_elapsed,lts__t_sectors.avg.pct_of_peak_sustained_elapsed,lts__t_tag_requests.avg.pct_of_peak_sustained_elapsed,lts__xbar2lts_cycles_active.avg.pct_of_peak_sustained_elapsed","dram__cycles_active.avg.pct_of_peak_sustained_elapsed,fbpa__dram_sectors.avg.pct_of_peak_sustained_elapsed,gpu__compute_memory_access_throughput_internal_activity.avg.pct_of_peak_sustained_elapsed,gpu__compute_memory_request_throughput_internal_activity.avg.pct_of_peak_sustained_elapsed,l1tex__data_bank_reads.avg.pct_of_peak_sustained_elapsed,l1tex__data_bank_writes.avg.pct_of_peak_sustained_elapsed,l1tex__data_pipe_lsu_wavefronts.avg.pct_of_peak_sustained_elapsed,l1tex__data_pipe_tex_wavefronts.avg.pct_of_peak_sustained_elapsed,l1tex__f_wavefronts.avg.pct_of_peak_sustained_elapsed,l1tex__lsu_writeback_active.avg.pct_of_peak_sustained_elapsed,l1tex__lsuin_requests.avg.pct_of_peak_sustained_elapsed,l1tex__m_l1tex2xbar_req_cycles_active.avg.pct_of_peak_sustained_elapsed,l1tex__m_xbar2l1tex_read_sectors.avg.pct_of_peak_sustained_elapsed,l1tex__tex_writeback_active.avg.pct_of_peak_sustained_elapsed,l1tex__texin_sm2tex_req_cycles_active.avg.pct_of_peak_sustained_elapsed,lts__d_atomic_input_cycles_active.avg.pct_of_peak_sustained_elapsed,lts__d_sectors.avg.pct_of_peak_sustained_elapsed,lts__d_sectors_fill_device.avg.pct_of_peak_sustained_elapsed,lts__d_sectors_fill_sysmem.avg.pct_of_peak_sustained_elapsed,lts__lts2xbar_cycles_active.avg.pct_of_peak_sustained_elapsed,lts__t_sectors.avg.pct_of_peak_sustained_elapsed,lts__t_tag_requests.avg.pct_of_peak_sustained_elapsed,lts__xbar2lts_cycles_active.avg.pct_of_peak_sustained_elapsed","dram__cycles_active.avg.pct_of_peak_sustained_elapsed,fbpa__dram_sectors.avg.pct_of_peak_sustained_elapsed,gpu__compute_memory_access_throughput_internal_activity.avg.pct_of_peak_sustained_elapsed,gpu__compute_memory_request_throughput_internal_activity.avg.pct_of_peak_sustained_elapsed,l1tex__data_bank_reads.avg.pct_of_peak_sustained_elapsed,l1tex__data_bank_writes.avg.pct_of_peak_sustained_elapsed,l1tex__data_pipe_lsu_wavefronts.avg.pct_of_peak_sustained_elapsed,l1tex__data_pipe_tex_wavefronts.avg.pct_of_peak_sustained_elapsed,l1tex__f_wavefronts.avg.pct_of_peak_sustained_elapsed,l1tex__lsu_writeback_active.avg.pct_of_peak_sustained_elapsed,l1tex__lsuin_requests.avg.pct_of_peak_sustained_elapsed,l1tex__m_l1tex2xbar_req_cycles_active.avg.pct_of_peak_sustained_elapsed,l1tex__m_xbar2l1tex_read_sectors.avg.pct_of_peak_sustained_elapsed,l1tex__tex_writeback_active.avg.pct_of_peak_sustained_elapsed,l1tex__texin_sm2tex_req_cycles_active.avg.pct_of_peak_sustained_elapsed,lts__d_atomic_input_cycles_active.avg.pct_of_peak_sustained_elapsed,lts__d_sectors.avg.pct_of_peak_sustained_elapsed,lts__d_sectors_fill_device.avg.pct_of_peak_sustained_elapsed,lts__d_sectors_fill_sysmem.avg.pct_of_peak_sustained_elapsed,lts__lts2xbar_cycles_active.avg.pct_of_peak_sustained_elapsed,lts__t_sectors.avg.pct_of_peak_sustained_elapsed,lts__t_tag_requests.avg.pct_of_peak_sustained_elapsed,lts__xbar2lts_cycles_active.avg.pct_of_peak_sustained_elapsed"
breakdown:gpu__compute_memory_throughput.max.pct_of_peak_sustained_elapsed,"dram__cycles_active.max.pct_of_peak_sustained_elapsed,fbpa__dram_sectors.max.pct_of_peak_sustained_elapsed,gpu__compute_memory_access_throughput_internal_activity.max.pct_of_peak_sustained_elapsed,gpu__compute_memory_request_throughput_internal_activity.max.pct_of_peak_sustained_elapsed,l1tex__data_bank_reads.max.pct_of_peak_sustained_elapsed,l1tex__data_bank_writes.max.pct_of_peak_sustained_elapsed,l1tex__data_pipe_lsu_wavefronts.max.pct_of_peak_sustained_elapsed,l1tex__data_pipe_tex_wavefronts.max.pct_of_peak_sustained_elapsed,l1tex__f_wavefronts.max.pct_of_peak_sustained_elapsed,l1tex__lsu_writeback_active.max.pct_of_peak_sustained_elapsed,l1tex__lsuin_requests.max.pct_of_peak_sustained_elapsed,l1tex__m_l1tex2xbar_req_cycles_active.max.pct_of_peak_sustained_elapsed,l1tex__m_xbar2l1tex_read_sectors.max.pct_of_peak_sustained_elapsed,l1tex__tex_writeback_active.max.pct_of_peak_sustained_elapsed,l1tex__texin_sm2tex_req_cycles_active.max.pct_of_peak_sustained_elapsed,lts__d_atomic_input_cycles_active.max.pct_of_peak_sustained_elapsed,lts__d_sectors.max.pct_of_peak_sustained_elapsed,lts__d_sectors_fill_device.max.pct_of_peak_sustained_elapsed,lts__d_sectors_fill_sysmem.max.pct_of_peak_sustained_elapsed,lts__lts2xbar_cycles_active.max.pct_of_peak_sustained_elapsed,lts__t_sectors.max.pct_of_peak_sustained_elapsed,lts__t_tag_requests.max.pct_of_peak_sustained_elapsed,lts__xbar2lts_cycles_active.max.pct_of_peak_sustained_elapsed","dram__cycles_active.max.pct_of_peak_sustained_elapsed,fbpa__dram_sectors.max.pct_of_peak_sustained_elapsed,gpu__compute_memory_access_throughput_internal_activity.max.pct_of_peak_sustained_elapsed,gpu__compute_memory_request_throughput_internal_activity.max.pct_of_peak_sustained_elapsed,l1tex__data_bank_reads.max.pct_of_peak_sustained_elapsed,l1tex__data_bank_writes.max.pct_of_peak_sustained_elapsed,l1tex__data_pipe_lsu_wavefronts.max.pct_of_peak_sustained_elapsed,l1tex__data_pipe_tex_wavefronts.max.pct_of_peak_sustained_elapsed,l1tex__f_wavefronts.max.pct_of_peak_sustained_elapsed,l1tex__lsu_writeback_active.max.pct_of_peak_sustained_elapsed,l1tex__lsuin_requests.max.pct_of_peak_sustained_elapsed,l1tex__m_l1tex2xbar_req_cycles_active.max.pct_of_peak_sustained_elapsed,l1tex__m_xbar2l1tex_read_sectors.max.pct_of_peak_sustained_elapsed,l1tex__tex_writeback_active.max.pct_of_peak_sustained_elapsed,l1tex__texin_sm2tex_req_cycles_active.max.pct_of_peak_sustained_elapsed,lts__d_atomic_input_cycles_active.max.pct_of_peak_sustained_elapsed,lts__d_sectors.max.pct_of_peak_sustained_elapsed,lts__d_sectors_fill_device.max.pct_of_peak_sustained_elapsed,lts__d_sectors_fill_sysmem.max.pct_of_peak_sustained_elapsed,lts__lts2xbar_cycles_active.max.pct_of_peak_sustained_elapsed,lts__t_sectors.max.pct_of_peak_sustained_elapsed,lts__t_tag_requests.max.pct_of_peak_sustained_elapsed,lts__xbar2lts_cycles_active.max.pct_of_peak_sustained_elapsed","dram__cycles_active.max.pct_of_peak_sustained_elapsed,fbpa__dram_sectors.max.pct_of_peak_sustained_elapsed,gpu__compute_memory_access_throughput_internal_activity.max.pct_of_peak_sustained_elapsed,gpu__compute_memory_request_throughput_internal_activity.max.pct_of_peak_sustained_elapsed,l1tex__data_bank_reads.max.pct_of_peak_sustained_elapsed,l1tex__data_bank_writes.max.pct_of_peak_sustained_elapsed,l1tex__data_pipe_lsu_wavefronts.max.pct_of_peak_sustained_elapsed,l1tex__data_pipe_tex_wavefronts.max.pct_of_peak_sustained_elapsed,l1tex__f_wavefronts.max.pct_of_peak_sustained_elapsed,l1tex__lsu_writeback_active.max.pct_of_peak_sustained_elapsed,l1tex__lsuin_requests.max.pct_of_peak_sustained_elapsed,l1tex__m_l1tex2xbar_req_cycles_active.max.pct_of_peak_sustained_elapsed,l1tex__m_xbar2l1tex_read_sectors.max.pct_of_peak_sustained_elapsed,l1tex__tex_writeback_active.max.pct_of_peak_sustained_elapsed,l1tex__texin_sm2tex_req_cycles_active.max.pct_of_peak_sustained_elapsed,lts__d_atomic_input_cycles_active.max.pct_of_peak_sustained_elapsed,lts__d_sectors.max.pct_of_peak_sustained_elapsed,lts__d_sectors_fill_device.max.pct_of_peak_sustained_elapsed,lts__d_sectors_fill_sysmem.max.pct_of_peak_sustained_elapsed,lts__lts2xbar_cycles_active.max.pct_of_peak_sustained_elapsed,lts__t_sectors.max.pct_of_peak_sustained_elapsed,lts__t_tag_requests.max.pct_of_peak_sustained_elapsed,lts__xbar2lts_cycles_active.max.pct_of_peak_sustained_elapsed","dram__cycles_active.max.pct_of_peak_sustained_elapsed,fbpa__dram_sectors.max.pct_of_peak_sustained_elapsed,gpu__compute_memory_access_throughput_internal_activity.max.pct_of_peak_sustained_elapsed,gpu__compute_memory_request_throughput_internal_activity.max.pct_of_peak_sustained_elapsed,l1tex__data_bank_reads.max.pct_of_peak_sustained_elapsed,l1tex__data_bank_writes.max.pct_of_peak_sustained_elapsed,l1tex__data_pipe_lsu_wavefronts.max.pct_of_peak_sustained_elapsed,l1tex__data_pipe_tex_wavefronts.max.pct_of_peak_sustained_elapsed,l1tex__f_wavefronts.max.pct_of_peak_sustained_elapsed,l1tex__lsu_writeback_active.max.pct_of_peak_sustained_elapsed,l1tex__lsuin_requests.max.pct_of_peak_sustained_elapsed,l1tex__m_l1tex2xbar_req_cycles_active.max.pct_of_peak_sustained_elapsed,l1tex__m_xbar2l1tex_read_sectors.max.pct_of_peak_sustained_elapsed,l1tex__tex_writeback_active.max.pct_of_peak_sustained_elapsed,l1tex__texin_sm2tex_req_cycles_active.max.pct_of_peak_sustained_elapsed,lts__d_atomic_input_cycles_active.max.pct_of_peak_sustained_elapsed,lts__d_sectors.max.pct_of_peak_sustained_elapsed,lts__d_sectors_fill_device.max.pct_of_peak_sustained_elapsed,lts__d_sectors_fill_sysmem.max.pct_of_peak_sustained_elapsed,lts__lts2xbar_cycles_active.max.pct_of_peak_sustained_elapsed,lts__t_sectors.max.pct_of_peak_sustained_elapsed,lts__t_tag_requests.max.pct_of_peak_sustained_elapsed,lts__xbar2lts_cycles_active.max.pct_of_peak_sustained_elapsed"
breakdown:gpu__compute_memory_throughput.min.pct_of_peak_sustained_elapsed,"dram__cycles_active.min.pct_of_peak_sustained_elapsed,fbpa__dram_sectors.min.pct_of_peak_sustained_elapsed,gpu__compute_memory_access_throughput_internal_activity.min.pct_of_peak_sustained_elapsed,gpu__compute_memory_request_throughput_internal_activity.min.pct_of_peak_sustained_elapsed,l1tex__data_bank_reads.min.pct_of_peak_sustained_elapsed,l1tex__data_bank_writes.min.pct_of_peak_sustained_elapsed,l1tex__data_pipe_lsu_wavefronts.min.pct_of_peak_sustained_elapsed,l1tex__data_pipe_tex_wavefronts.min.pct_of_peak_sustained_elapsed,l1tex__f_wavefronts.min.pct_of_peak_sustained_elapsed,l1tex__lsu_writeback_active.min.pct_of_peak_sustained_elapsed,l1tex__lsuin_requests.min.pct_of_peak_sustained_elapsed,l1tex__m_l1tex2xbar_req_cycles_active.min.pct_of_peak_sustained_elapsed,l1tex__m_xbar2l1tex_read_sectors.min.pct_of_peak_sustained_elapsed,l1tex__tex_writeback_active.min.pct_of_peak_sustained_elapsed,l1tex__texin_sm2tex_req_cycles_active.min.pct_of_peak_sustained_elapsed,lts__d_atomic_input_cycles_active.min.pct_of_peak_sustained_elapsed,lts__d_sectors.min.pct_of_peak_sustained_elapsed,lts__d_sectors_fill_device.min.pct_of_peak_sustained_elapsed,lts__d_sectors_fill_sysmem.min.pct_of_peak_sustained_elapsed,lts__lts2xbar_cycles_active.min.pct_of_peak_sustained_elapsed,lts__t_sectors.min.pct_of_peak_sustained_elapsed,lts__t_tag_requests.min.pct_of_peak_sustained_elapsed,lts__xbar2lts_cycles_active.min.pct_of_peak_sustained_elapsed","dram__cycles_active.min.pct_of_peak_sustained_elapsed,fbpa__dram_sectors.min.pct_of_peak_sustained_elapsed,gpu__compute_memory_access_throughput_internal_activity.min.pct_of_peak_sustained_elapsed,gpu__compute_memory_request_throughput_internal_activity.min.pct_of_peak_sustained_elapsed,l1tex__data_bank_reads.min.pct_of_peak_sustained_elapsed,l1tex__data_bank_writes.min.pct_of_peak_sustained_elapsed,l1tex__data_pipe_lsu_wavefronts.min.pct_of_peak_sustained_elapsed,l1tex__data_pipe_tex_wavefronts.min.pct_of_peak_sustained_elapsed,l1tex__f_wavefronts.min.pct_of_peak_sustained_elapsed,l1tex__lsu_writeback_active.min.pct_of_peak_sustained_elapsed,l1tex__lsuin_requests.min.pct_of_peak_sustained_elapsed,l1tex__m_l1tex2xbar_req_cycles_active.min.pct_of_peak_sustained_elapsed,l1tex__m_xbar2l1tex_read_sectors.min.pct_of_peak_sustained_elapsed,l1tex__tex_writeback_active.min.pct_of_peak_sustained_elapsed,l1tex__texin_sm2tex_req_cycles_active.min.pct_of_peak_sustained_elapsed,lts__d_atomic_input_cycles_active.min.pct_of_peak_sustained_elapsed,lts__d_sectors.min.pct_of_peak_sustained_elapsed,lts__d_sectors_fill_device.min.pct_of_peak_sustained_elapsed,lts__d_sectors_fill_sysmem.min.pct_of_peak_sustained_elapsed,lts__lts2xbar_cycles_active.min.pct_of_peak_sustained_elapsed,lts__t_sectors.min.pct_of_peak_sustained_elapsed,lts__t_tag_requests.min.pct_of_peak_sustained_elapsed,lts__xbar2lts_cycles_active.min.pct_of_peak_sustained_elapsed","dram__cycles_active.min.pct_of_peak_sustained_elapsed,fbpa__dram_sectors.min.pct_of_peak_sustained_elapsed,gpu__compute_memory_access_throughput_internal_activity.min.pct_of_peak_sustained_elapsed,gpu__compute_memory_request_throughput_internal_activity.min.pct_of_peak_sustained_elapsed,l1tex__data_bank_reads.min.pct_of_peak_sustained_elapsed,l1tex__data_bank_writes.min.pct_of_peak_sustained_elapsed,l1tex__data_pipe_lsu_wavefronts.min.pct_of_peak_sustained_elapsed,l1tex__data_pipe_tex_wavefronts.min.pct_of_peak_sustained_elapsed,l1tex__f_wavefronts.min.pct_of_peak_sustained_elapsed,l1tex__lsu_writeback_active.min.pct_of_peak_sustained_elapsed,l1tex__lsuin_requests.min.pct_of_peak_sustained_elapsed,l1tex__m_l1tex2xbar_req_cycles_active.min.pct_of_peak_sustained_elapsed,l1tex__m_xbar2l1tex_read_sectors.min.pct_of_peak_sustained_elapsed,l1tex__tex_writeback_active.min.pct_of_peak_sustained_elapsed,l1tex__texin_sm2tex_req_cycles_active.min.pct_of_peak_sustained_elapsed,lts__d_atomic_input_cycles_active.min.pct_of_peak_sustained_elapsed,lts__d_sectors.min.pct_of_peak_sustained_elapsed,lts__d_sectors_fill_device.min.pct_of_peak_sustained_elapsed,lts__d_sectors_fill_sysmem.min.pct_of_peak_sustained_elapsed,lts__lts2xbar_cycles_active.min.pct_of_peak_sustained_elapsed,lts__t_sectors.min.pct_of_peak_sustained_elapsed,lts__t_tag_requests.min.pct_of_peak_sustained_elapsed,lts__xbar2lts_cycles_active.min.pct_of_peak_sustained_elapsed","dram__cycles_active.min.pct_of_peak_sustained_elapsed,fbpa__dram_sectors.min.pct_of_peak_sustained_elapsed,gpu__compute_memory_access_throughput_internal_activity.min.pct_of_peak_sustained_elapsed,gpu__compute_memory_request_throughput_internal_activity.min.pct_of_peak_sustained_elapsed,l1tex__data_bank_reads.min.pct_of_peak_sustained_elapsed,l1tex__data_bank_writes.min.pct_of_peak_sustained_elapsed,l1tex__data_pipe_lsu_wavefronts.min.pct_of_peak_sustained_elapsed,l1tex__data_pipe_tex_wavefronts.min.pct_of_peak_sustained_elapsed,l1tex__f_wavefronts.min.pct_of_peak_sustained_elapsed,l1tex__lsu_writeback_active.min.pct_of_peak_sustained_elapsed,l1tex__lsuin_requests.min.pct_of_peak_sustained_elapsed,l1tex__m_l1tex2xbar_req_cycles_active.min.pct_of_peak_sustained_elapsed,l1tex__m_xbar2l1tex_read_sectors.min.pct_of_peak_sustained_elapsed,l1tex__tex_writeback_active.min.pct_of_peak_sustained_elapsed,l1tex__texin_sm2tex_req_cycles_active.min.pct_of_peak_sustained_elapsed,lts__d_atomic_input_cycles_active.min.pct_of_peak_sustained_elapsed,lts__d_sectors.min.pct_of_peak_sustained_elapsed,lts__d_sectors_fill_device.min.pct_of_peak_sustained_elapsed,lts__d_sectors_fill_sysmem.min.pct_of_peak_sustained_elapsed,lts__lts2xbar_cycles_active.min.pct_of_peak_sustained_elapsed,lts__t_sectors.min.pct_of_peak_sustained_elapsed,lts__t_tag_requests.min.pct_of_peak_sustained_elapsed,lts__xbar2lts_cycles_active.min.pct_of_peak_sustained_elapsed"
breakdown:gpu__compute_memory_throughput.sum.pct_of_peak_sustained_elapsed,"dram__cycles_active.sum.pct_of_peak_sustained_elapsed,fbpa__dram_sectors.sum.pct_of_peak_sustained_elapsed,gpu__compute_memory_access_throughput_internal_activity.sum.pct_of_peak_sustained_elapsed,gpu__compute_memory_request_throughput_internal_activity.sum.pct_of_peak_sustained_elapsed,l1tex__data_bank_reads.sum.pct_of_peak_sustained_elapsed,l1tex__data_bank_writes.sum.pct_of_peak_sustained_elapsed,l1tex__data_pipe_lsu_wavefronts.sum.pct_of_peak_sustained_elapsed,l1tex__data_pipe_tex_wavefronts.sum.pct_of_peak_sustained_elapsed,l1tex__f_wavefronts.sum.pct_of_peak_sustained_elapsed,l1tex__lsu_writeback_active.sum.pct_of_peak_sustained_elapsed,l1tex__lsuin_requests.sum.pct_of_peak_sustained_elapsed,l1tex__m_l1tex2xbar_req_cycles_active.sum.pct_of_peak_sustained_elapsed,l1tex__m_xbar2l1tex_read_sectors.sum.pct_of_peak_sustained_elapsed,l1tex__tex_writeback_active.sum.pct_of_peak_sustained_elapsed,l1tex__texin_sm2tex_req_cycles_active.sum.pct_of_peak_sustained_elapsed,lts__d_atomic_input_cycles_active.sum.pct_of_peak_sustained_elapsed,lts__d_sectors.sum.pct_of_peak_sustained_elapsed,lts__d_sectors_fill_device.sum.pct_of_peak_sustained_elapsed,lts__d_sectors_fill_sysmem.sum.pct_of_peak_sustained_elapsed,lts__lts2xbar_cycles_active.sum.pct_of_peak_sustained_elapsed,lts__t_sectors.sum.pct_of_peak_sustained_elapsed,lts__t_tag_requests.sum.pct_of_peak_sustained_elapsed,lts__xbar2lts_cycles_active.sum.pct_of_peak_sustained_elapsed","dram__cycles_active.sum.pct_of_peak_sustained_elapsed,fbpa__dram_sectors.sum.pct_of_peak_sustained_elapsed,gpu__compute_memory_access_throughput_internal_activity.sum.pct_of_peak_sustained_elapsed,gpu__compute_memory_request_throughput_internal_activity.sum.pct_of_peak_sustained_elapsed,l1tex__data_bank_reads.sum.pct_of_peak_sustained_elapsed,l1tex__data_bank_writes.sum.pct_of_peak_sustained_elapsed,l1tex__data_pipe_lsu_wavefronts.sum.pct_of_peak_sustained_elapsed,l1tex__data_pipe_tex_wavefronts.sum.pct_of_peak_sustained_elapsed,l1tex__f_wavefronts.sum.pct_of_peak_sustained_elapsed,l1tex__lsu_writeback_active.sum.pct_of_peak_sustained_elapsed,l1tex__lsuin_requests.sum.pct_of_peak_sustained_elapsed,l1tex__m_l1tex2xbar_req_cycles_active.sum.pct_of_peak_sustained_elapsed,l1tex__m_xbar2l1tex_read_sectors.sum.pct_of_peak_sustained_elapsed,l1tex__tex_writeback_active.sum.pct_of_peak_sustained_elapsed,l1tex__texin_sm2tex_req_cycles_active.sum.pct_of_peak_sustained_elapsed,lts__d_atomic_input_cycles_active.sum.pct_of_peak_sustained_elapsed,lts__d_sectors.sum.pct_of_peak_sustained_elapsed,lts__d_sectors_fill_device.sum.pct_of_peak_sustained_elapsed,lts__d_sectors_fill_sysmem.sum.pct_of_peak_sustained_elapsed,lts__lts2xbar_cycles_active.sum.pct_of_peak_sustained_elapsed,lts__t_sectors.sum.pct_of_peak_sustained_elapsed,lts__t_tag_requests.sum.pct_of_peak_sustained_elapsed,lts__xbar2lts_cycles_active.sum.pct_of_peak_sustained_elapsed","dram__cycles_active.sum.pct_of_peak_sustained_elapsed,fbpa__dram_sectors.sum.pct_of_peak_sustained_elapsed,gpu__compute_memory_access_throughput_internal_activity.sum.pct_of_peak_sustained_elapsed,gpu__compute_memory_request_throughput_internal_activity.sum.pct_of_peak_sustained_elapsed,l1tex__data_bank_reads.sum.pct_of_peak_sustained_elapsed,l1tex__data_bank_writes.sum.pct_of_peak_sustained_elapsed,l1tex__data_pipe_lsu_wavefronts.sum.pct_of_peak_sustained_elapsed,l1tex__data_pipe_tex_wavefronts.sum.pct_of_peak_sustained_elapsed,l1tex__f_wavefronts.sum.pct_of_peak_sustained_elapsed,l1tex__lsu_writeback_active.sum.pct_of_peak_sustained_elapsed,l1tex__lsuin_requests.sum.pct_of_peak_sustained_elapsed,l1tex__m_l1tex2xbar_req_cycles_active.sum.pct_of_peak_sustained_elapsed,l1tex__m_xbar2l1tex_read_sectors.sum.pct_of_peak_sustained_elapsed,l1tex__tex_writeback_active.sum.pct_of_peak_sustained_elapsed,l1tex__texin_sm2tex_req_cycles_active.sum.pct_of_peak_sustained_elapsed,lts__d_atomic_input_cycles_active.sum.pct_of_peak_sustained_elapsed,lts__d_sectors.sum.pct_of_peak_sustained_elapsed,lts__d_sectors_fill_device.sum.pct_of_peak_sustained_elapsed,lts__d_sectors_fill_sysmem.sum.pct_of_peak_sustained_elapsed,lts__lts2xbar_cycles_active.sum.pct_of_peak_sustained_elapsed,lts__t_sectors.sum.pct_of_peak_sustained_elapsed,lts__t_tag_requests.sum.pct_of_peak_sustained_elapsed,lts__xbar2lts_cycles_active.sum.pct_of_peak_sustained_elapsed","dram__cycles_active.sum.pct_of_peak_sustained_elapsed,fbpa__dram_sectors.sum.pct_of_peak_sustained_elapsed,gpu__compute_memory_access_throughput_internal_activity.sum.pct_of_peak_sustained_elapsed,gpu__compute_memory_request_throughput_internal_activity.sum.pct_of_peak_sustained_elapsed,l1tex__data_bank_reads.sum.pct_of_peak_sustained_elapsed,l1tex__data_bank_writes.sum.pct_of_peak_sustained_elapsed,l1tex__data_pipe_lsu_wavefronts.sum.pct_of_peak_sustained_elapsed,l1tex__data_pipe_tex_wavefronts.sum.pct_of_peak_sustained_elapsed,l1tex__f_wavefronts.sum.pct_of_peak_sustained_elapsed,l1tex__lsu_writeback_active.sum.pct_of_peak_sustained_elapsed,l1tex__lsuin_requests.sum.pct_of_peak_sustained_elapsed,l1tex__m_l1tex2xbar_req_cycles_active.sum.pct_of_peak_sustained_elapsed,l1tex__m_xbar2l1tex_read_sectors.sum.pct_of_peak_sustained_elapsed,l1tex__tex_writeback_active.sum.pct_of_peak_sustained_elapsed,l1tex__texin_sm2tex_req_cycles_active.sum.pct_of_peak_sustained_elapsed,lts__d_atomic_input_cycles_active.sum.pct_of_peak_sustained_elapsed,lts__d_sectors.sum.pct_of_peak_sustained_elapsed,lts__d_sectors_fill_device.sum.pct_of_peak_sustained_elapsed,lts__d_sectors_fill_sysmem.sum.pct_of_peak_sustained_elapsed,lts__lts2xbar_cycles_active.sum.pct_of_peak_sustained_elapsed,lts__t_sectors.sum.pct_of_peak_sustained_elapsed,lts__t_tag_requests.sum.pct_of_peak_sustained_elapsed,lts__xbar2lts_cycles_active.sum.pct_of_peak_sustained_elapsed"
breakdown:sm__throughput.avg.pct_of_peak_sustained_elapsed,"idc__request_cycles_active.avg.pct_of_peak_sustained_elapsed,sm__inst_executed.avg.pct_of_peak_sustained_elapsed,sm__inst_executed_pipe_adu.avg.pct_of_peak_sustained_elapsed,sm__inst_executed_pipe_cbu_pred_on_any.avg.pct_of_peak_sustained_elapsed,sm__inst_executed_pipe_ipa.avg.pct_of_peak_sustained_elapsed,sm__inst_executed_pipe_lsu.avg.pct_of_peak_sustained_elapsed,sm__inst_executed_pipe_tex.avg.pct_of_peak_sustained_elapsed,sm__inst_executed_pipe_uniform.avg.pct_of_peak_sustained_elapsed,sm__inst_executed_pipe_xu.avg.pct_of_peak_sustained_elapsed,sm__instruction_throughput_internal_activity.avg.pct_of_peak_sustained_elapsed,sm__issue_active.avg.pct_of_peak_sustained_elapsed,sm__memory_throughput_internal_activity.avg.pct_of_peak_sustained_elapsed,sm__mio2rf_writeback_active.avg.pct_of_peak_sustained_elapsed,sm__mio_inst_issued.avg.pct_of_peak_sustained_elapsed,sm__mio_pq_read_cycles_active.avg.pct_of_peak_sustained_elapsed,sm__mio_pq_write_cycles_active.avg.pct_of_peak_sustained_elapsed,sm__pipe_alu_cycles_active.avg.pct_of_peak_sustained_elapsed,sm__pipe_fma_cycles_active.avg.pct_of_peak_sustained_elapsed,sm__pipe_fmaheavy_cycles_active.avg.pct_of_peak_sustained_elapsed,sm__pipe_fp64_cycles_active.avg.pct_of_peak_sustained_elapsed,sm__pipe_tensor_cycles_active.avg.pct_of_peak_sustained_elapsed,sm__pipe_tensor_cycles_active_v2.avg.pct_of_peak_sustained_elapsed","idc__request_cycles_active.avg.pct_of_peak_sustained_elapsed,sm__inst_executed.avg.pct_of_peak_sustained_elapsed,sm__inst_executed_pipe_adu.avg.pct_of_peak_sustained_elapsed,sm__inst_executed_pipe_cbu_pred_on_any.avg.pct_of_peak_sustained_elapsed,sm__inst_executed_pipe_ipa.avg.pct_of_peak_sustained_elapsed,sm__inst_executed_pipe_lsu.avg.pct_of_peak_sustained_elapsed,sm__inst_executed_pipe_tex.avg.pct_of_peak_sustained_elapsed,sm__inst_executed_pipe_uniform.avg.pct_of_peak_sustained_elapsed,sm__inst_executed_pipe_xu.avg.pct_of_peak_sustained_elapsed,sm__instruction_throughput_internal_activity.avg.pct_of_peak_sustained_elapsed,sm__issue_active.avg.pct_of_peak_sustained_elapsed,sm__memory_throughput_internal_activity.avg.pct_of_peak_sustained_elapsed,sm__mio2rf_writeback_active.avg.pct_of_peak_sustained_elapsed,sm__mio_inst_issued.avg.pct_of_peak_sustained_elapsed,sm__mio_pq_read_cycles_active.avg.pct_of_peak_sustained_elapsed,sm__mio_pq_write_cycles_active.avg.pct_of_peak_sustained_elapsed,sm__pipe_alu_cycles_active.avg.pct_of_peak_sustained_elapsed,sm__pipe_fma_cycles_active.avg.pct_of_peak_sustained_elapsed,sm__pipe_fmaheavy_cycles_active.avg.pct_of_peak_sustained_elapsed,sm__pipe_fp64_cycles_active.avg.pct_of_peak_sustained_elapsed,sm__pipe_tensor_cycles_active.avg.pct_of_peak_sustained_elapsed,sm__pipe_tensor_cycles_active_v2.avg.pct_of_peak_sustained_elapsed","idc__request_cycles_active.avg.pct_of_peak_sustained_elapsed,sm__inst_executed.avg.pct_of_peak_sustained_elapsed,sm__inst_executed_pipe_adu.avg.pct_of_peak_sustained_elapsed,sm__inst_executed_pipe_cbu_pred_on_any.avg.pct_of_peak_sustained_elapsed,sm__inst_executed_pipe_ipa.avg.pct_of_peak_sustained_elapsed,sm__inst_executed_pipe_lsu.avg.pct_of_peak_sustained_elapsed,sm__inst_executed_pipe_tex.avg.pct_of_peak_sustained_elapsed,sm__inst_executed_pipe_uniform.avg.pct_of_peak_sustained_elapsed,sm__inst_executed_pipe_xu.avg.pct_of_peak_sustained_elapsed,sm__instruction_throughput_internal_activity.avg.pct_of_peak_sustained_elapsed,sm__issue_active.avg.pct_of_peak_sustained_elapsed,sm__memory_throughput_internal_activity.avg.pct_of_peak_sustained_elapsed,sm__mio2rf_writeback_active.avg.pct_of_peak_sustained_elapsed,sm__mio_inst_issued.avg.pct_of_peak_sustained_elapsed,sm__mio_pq_read_cycles_active.avg.pct_of_peak_sustained_elapsed,sm__mio_pq_write_cycles_active.avg.pct_of_peak_sustained_elapsed,sm__pipe_alu_cycles_active.avg.pct_of_peak_sustained_elapsed,sm__pipe_fma_cycles_active.avg.pct_of_peak_sustained_elapsed,sm__pipe_fmaheavy_cycles_active.avg.pct_of_peak_sustained_elapsed,sm__pipe_fp64_cycles_active.avg.pct_of_peak_sustained_elapsed,sm__pipe_tensor_cycles_active.avg.pct_of_peak_sustained_elapsed,sm__pipe_tensor_cycles_active_v2.avg.pct_of_peak_sustained_elapsed","idc__request_cycles_active.avg.pct_of_peak_sustained_elapsed,sm__inst_executed.avg.pct_of_peak_sustained_elapsed,sm__inst_executed_pipe_adu.avg.pct_of_peak_sustained_elapsed,sm__inst_executed_pipe_cbu_pred_on_any.avg.pct_of_peak_sustained_elapsed,sm__inst_executed_pipe_ipa.avg.pct_of_peak_sustained_elapsed,sm__inst_executed_pipe_lsu.avg.pct_of_peak_sustained_elapsed,sm__inst_executed_pipe_tex.avg.pct_of_peak_sustained_elapsed,sm__inst_executed_pipe_uniform.avg.pct_of_peak_sustained_elapsed,sm__inst_executed_pipe_xu.avg.pct_of_peak_sustained_elapsed,sm__instruction_throughput_internal_activity.avg.pct_of_peak_sustained_elapsed,sm__issue_active.avg.pct_of_peak_sustained_elapsed,sm__memory_throughput_internal_activity.avg.pct_of_peak_sustained_elapsed,sm__mio2rf_writeback_active.avg.pct_of_peak_sustained_elapsed,sm__mio_inst_issued.avg.pct_of_peak_sustained_elapsed,sm__mio_pq_read_cycles_active.avg.pct_of_peak_sustained_elapsed,sm__mio_pq_write_cycles_active.avg.pct_of_peak_sustained_elapsed,sm__pipe_alu_cycles_active.avg.pct_of_peak_sustained_elapsed,sm__pipe_fma_cycles_active.avg.pct_of_peak_sustained_elapsed,sm__pipe_fmaheavy_cycles_active.avg.pct_of_peak_sustained_elapsed,sm__pipe_fp64_cycles_active.avg.pct_of_peak_sustained_elapsed,sm__pipe_tensor_cycles_active.avg.pct_of_peak_sustained_elapsed,sm__pipe_tensor_cycles_active_v2.avg.pct_of_peak_sustained_elapsed"
breakdown:sm__throughput.max.pct_of_peak_sustained_elapsed,"idc__request_cycles_active.max.pct_of_peak_sustained_elapsed,sm__inst_executed.max.pct_of_peak_sustained_elapsed,sm__inst_executed_pipe_adu.max.pct_of_peak_sustained_elapsed,sm__inst_executed_pipe_cbu_pred_on_any.max.pct_of_peak_sustained_elapsed,sm__inst_executed_pipe_ipa.max.pct_of_peak_sustained_elapsed,sm__inst_executed_pipe_lsu.max.pct_of_peak_sustained_elapsed,sm__inst_executed_pipe_tex.max.pct_of_peak_sustained_elapsed,sm__inst_executed_pipe_uniform.max.pct_of_peak_sustained_elapsed,sm__inst_executed_pipe_xu.max.pct_of_peak_sustained_elapsed,sm__instruction_throughput_internal_activity.max.pct_of_peak_sustained_elapsed,sm__issue_active.max.pct_of_peak_sustained_elapsed,sm__memory_throughput_internal_activity.max.pct_of_peak_sustained_elapsed,sm__mio2rf_writeback_active.max.pct_of_peak_sustained_elapsed,sm__mio_inst_issued.max.pct_of_peak_sustained_elapsed,sm__mio_pq_read_cycles_active.max.pct_of_peak_sustained_elapsed,sm__mio_pq_write_cycles_active.max.pct_of_peak_sustained_elapsed,sm__pipe_alu_cycles_active.max.pct_of_peak_sustained_elapsed,sm__pipe_fma_cycles_active.max.pct_of_peak_sustained_elapsed,sm__pipe_fmaheavy_cycles_active.max.pct_of_peak_sustained_elapsed,sm__pipe_fp64_cycles_active.max.pct_of_peak_sustained_elapsed,sm__pipe_tensor_cycles_active.max.pct_of_peak_sustained_elapsed,sm__pipe_tensor_cycles_active_v2.max.pct_of_peak_sustained_elapsed","idc__request_cycles_active.max.pct_of_peak_sustained_elapsed,sm__inst_executed.max.pct_of_peak_sustained_elapsed,sm__inst_executed_pipe_adu.max.pct_of_peak_sustained_elapsed,sm__inst_executed_pipe_cbu_pred_on_any.max.pct_of_peak_sustained_elapsed,sm__inst_executed_pipe_ipa.max.pct_of_peak_sustained_elapsed,sm__inst_executed_pipe_lsu.max.pct_of_peak_sustained_elapsed,sm__inst_executed_pipe_tex.max.pct_of_peak_sustained_elapsed,sm__inst_executed_pipe_uniform.max.pct_of_peak_sustained_elapsed,sm__inst_executed_pipe_xu.max.pct_of_peak_sustained_elapsed,sm__instruction_throughput_internal_activity.max.pct_of_peak_sustained_elapsed,sm__issue_active.max.pct_of_peak_sustained_elapsed,sm__memory_throughput_internal_activity.max.pct_of_peak_sustained_elapsed,sm__mio2rf_writeback_active.max.pct_of_peak_sustained_elapsed,sm__mio_inst_issued.max.pct_of_peak_sustained_elapsed,sm__mio_pq_read_cycles_active.max.pct_of_peak_sustained_elapsed,sm__mio_pq_write_cycles_active.max.pct_of_peak_sustained_elapsed,sm__pipe_alu_cycles_active.max.pct_of_peak_sustained_elapsed,sm__pipe_fma_cycles_active.max.pct_of_peak_sustained_elapsed,sm__pipe_fmaheavy_cycles_active.max.pct_of_peak_sustained_elapsed,sm__pipe_fp64_cycles_active.max.pct_of_peak_sustained_elapsed,sm__pipe_tensor_cycles_active.max.pct_of_peak_sustained_elapsed,sm__pipe_tensor_cycles_active_v2.max.pct_of_peak_sustained_elapsed","idc__request_cycles_active.max.pct_of_peak_sustained_elapsed,sm__inst_executed.max.pct_of_peak_sustained_elapsed,sm__inst_executed_pipe_adu.max.pct_of_peak_sustained_elapsed,sm__inst_executed_pipe_cbu_pred_on_any.max.pct_of_peak_sustained_elapsed,sm__inst_executed_pipe_ipa.max.pct_of_peak_sustained_elapsed,sm__inst_executed_pipe_lsu.max.pct_of_peak_sustained_elapsed,sm__inst_executed_pipe_tex.max.pct_of_peak_sustained_elapsed,sm__inst_executed_pipe_uniform.max.pct_of_peak_sustained_elapsed,sm__inst_executed_pipe_xu.max.pct_of_peak_sustained_elapsed,sm__instruction_throughput_internal_activity.max.pct_of_peak_sustained_elapsed,sm__issue_active.max.pct_of_peak_sustained_elapsed,sm__memory_throughput_internal_activity.max.pct_of_peak_sustained_elapsed,sm__mio2rf_writeback_active.max.pct_of_peak_sustained_elapsed,sm__mio_inst_issued.max.pct_of_peak_sustained_elapsed,sm__mio_pq_read_cycles_active.max.pct_of_peak_sustained_elapsed,sm__mio_pq_write_cycles_active.max.pct_of_peak_sustained_elapsed,sm__pipe_alu_cycles_active.max.pct_of_peak_sustained_elapsed,sm__pipe_fma_cycles_active.max.pct_of_peak_sustained_elapsed,sm__pipe_fmaheavy_cycles_active.max.pct_of_peak_sustained_elapsed,sm__pipe_fp64_cycles_active.max.pct_of_peak_sustained_elapsed,sm__pipe_tensor_cycles_active.max.pct_of_peak_sustained_elapsed,sm__pipe_tensor_cycles_active_v2.max.pct_of_peak_sustained_elapsed","idc__request_cycles_active.max.pct_of_peak_sustained_elapsed,sm__inst_executed.max.pct_of_peak_sustained_elapsed,sm__inst_executed_pipe_adu.max.pct_of_peak_sustained_elapsed,sm__inst_executed_pipe_cbu_pred_on_any.max.pct_of_peak_sustained_elapsed,sm__inst_executed_pipe_ipa.max.pct_of_peak_sustained_elapsed,sm__inst_executed_pipe_lsu.max.pct_of_peak_sustained_elapsed,sm__inst_executed_pipe_tex.max.pct_of_peak_sustained_elapsed,sm__inst_executed_pipe_uniform.max.pct_of_peak_sustained_elapsed,sm__inst_executed_pipe_xu.max.pct_of_peak_sustained_elapsed,sm__instruction_throughput_internal_activity.max.pct_of_peak_sustained_elapsed,sm__issue_active.max.pct_of_peak_sustained_elapsed,sm__memory_throughput_internal_activity.max.pct_of_peak_sustained_elapsed,sm__mio2rf_writeback_active.max.pct_of_peak_sustained_elapsed,sm__mio_inst_issued.max.pct_of_peak_sustained_elapsed,sm__mio_pq_read_cycles_active.max.pct_of_peak_sustained_elapsed,sm__mio_pq_write_cycles_active.max.pct_of_peak_sustained_elapsed,sm__pipe_alu_cycles_active.max.pct_of_peak_sustained_elapsed,sm__pipe_fma_cycles_active.max.pct_of_peak_sustained_elapsed,sm__pipe_fmaheavy_cycles_active.max.pct_of_peak_sustained_elapsed,sm__pipe_fp64_cycles_active.max.pct_of_peak_sustained_elapsed,sm__pipe_tensor_cycles_active.max.pct_of_peak_sustained_elapsed,sm__pipe_tensor_cycles_active_v2.max.pct_of_peak_sustained_elapsed"
breakdown:sm__throughput.min.pct_of_peak_sustained_elapsed,"idc__request_cycles_active.min.pct_of_peak_sustained_elapsed,sm__inst_executed.min.pct_of_peak_sustained_elapsed,sm__inst_executed_pipe_adu.min.pct_of_peak_sustained_elapsed,sm__inst_executed_pipe_cbu_pred_on_any.min.pct_of_peak_sustained_elapsed,sm__inst_executed_pipe_ipa.min.pct_of_peak_sustained_elapsed,sm__inst_executed_pipe_lsu.min.pct_of_peak_sustained_elapsed,sm__inst_executed_pipe_tex.min.pct_of_peak_sustained_elapsed,sm__inst_executed_pipe_uniform.min.pct_of_peak_sustained_elapsed,sm__inst_executed_pipe_xu.min.pct_of_peak_sustained_elapsed,sm__instruction_throughput_internal_activity.min.pct_of_peak_sustained_elapsed,sm__issue_active.min.pct_of_peak_sustained_elapsed,sm__memory_throughput_internal_activity.min.pct_of_peak_sustained_elapsed,sm__mio2rf_writeback_active.min.pct_of_peak_sustained_elapsed,sm__mio_inst_issued.min.pct_of_peak_sustained_elapsed,sm__mio_pq_read_cycles_active.min.pct_of_peak_sustained_elapsed,sm__mio_pq_write_cycles_active.min.pct_of_peak_sustained_elapsed,sm__pipe_alu_cycles_active.min.pct_of_peak_sustained_elapsed,sm__pipe_fma_cycles_active.min.pct_of_peak_sustained_elapsed,sm__pipe_fmaheavy_cycles_active.min.pct_of_peak_sustained_elapsed,sm__pipe_fp64_cycles_active.min.pct_of_peak_sustained_elapsed,sm__pipe_tensor_cycles_active.min.pct_of_peak_sustained_elapsed,sm__pipe_tensor_cycles_active_v2.min.pct_of_peak_sustained_elapsed","idc__request_cycles_active.min.pct_of_peak_sustained_elapsed,sm__inst_executed.min.pct_of_peak_sustained_elapsed,sm__inst_executed_pipe_adu.min.pct_of_peak_sustained_elapsed,sm__inst_executed_pipe_cbu_pred_on_any.min.pct_of_peak_sustained_elapsed,sm__inst_executed_pipe_ipa.min.pct_of_peak_sustained_elapsed,sm__inst_executed_pipe_lsu.min.pct_of_peak_sustained_elapsed,sm__inst_executed_pipe_tex.min.pct_of_peak_sustained_elapsed,sm__inst_executed_pipe_uniform.min.pct_of_peak_sustained_elapsed,sm__inst_executed_pipe_xu.min.pct_of_peak_sustained_elapsed,sm__instruction_throughput_internal_activity.min.pct_of_peak_sustained_elapsed,sm__issue_active.min.pct_of_peak_sustained_elapsed,sm__memory_throughput_internal_activity.min.pct_of_peak_sustained_elapsed,sm__mio2rf_writeback_active.min.pct_of_peak_sustained_elapsed,sm__mio_inst_issued.min.pct_of_peak_sustained_elapsed,sm__mio_pq_read_cycles_active.min.pct_of_peak_sustained_elapsed,sm__mio_pq_write_cycles_active.min.pct_of_peak_sustained_elapsed,sm__pipe_alu_cycles_active.min.pct_of_peak_sustained_elapsed,sm__pipe_fma_cycles_active.min.pct_of_peak_sustained_elapsed,sm__pipe_fmaheavy_cycles_active.min.pct_of_peak_sustained_elapsed,sm__pipe_fp64_cycles_active.min.pct_of_peak_sustained_elapsed,sm__pipe_tensor_cycles_active.min.pct_of_peak_sustained_elapsed,sm__pipe_tensor_cycles_active_v2.min.pct_of_peak_sustained_elapsed","idc__request_cycles_active.min.pct_of_peak_sustained_elapsed,sm__inst_executed.min.pct_of_peak_sustained_elapsed,sm__inst_executed_pipe_adu.min.pct_of_peak_sustained_elapsed,sm__inst_executed_pipe_cbu_pred_on_any.min.pct_of_peak_sustained_elapsed,sm__inst_executed_pipe_ipa.min.pct_of_peak_sustained_elapsed,sm__inst_executed_pipe_lsu.min.pct_of_peak_sustained_elapsed,sm__inst_executed_pipe_tex.min.pct_of_peak_sustained_elapsed,sm__inst_executed_pipe_uniform.min.pct_of_peak_sustained_elapsed,sm__inst_executed_pipe_xu.min.pct_of_peak_sustained_elapsed,sm__instruction_throughput_internal_activity.min.pct_of_peak_sustained_elapsed,sm__issue_active.min.pct_of_peak_sustained_elapsed,sm__memory_throughput_internal_activity.min.pct_of_peak_sustained_elapsed,sm__mio2rf_writeback_active.min.pct_of_peak_sustained_elapsed,sm__mio_inst_issued.min.pct_of_peak_sustained_elapsed,sm__mio_pq_read_cycles_active.min.pct_of_peak_sustained_elapsed,sm__mio_pq_write_cycles_active.min.pct_of_peak_sustained_elapsed,sm__pipe_alu_cycles_active.min.pct_of_peak_sustained_elapsed,sm__pipe_fma_cycles_active.min.pct_of_peak_sustained_elapsed,sm__pipe_fmaheavy_cycles_active.min.pct_of_peak_sustained_elapsed,sm__pipe_fp64_cycles_active.min.pct_of_peak_sustained_elapsed,sm__pipe_tensor_cycles_active.min.pct_of_peak_sustained_elapsed,sm__pipe_tensor_cycles_active_v2.min.pct_of_peak_sustained_elapsed","idc__request_cycles_active.min.pct_of_peak_sustained_elapsed,sm__inst_executed.min.pct_of_peak_sustained_elapsed,sm__inst_executed_pipe_adu.min.pct_of_peak_sustained_elapsed,sm__inst_executed_pipe_cbu_pred_on_any.min.pct_of_peak_sustained_elapsed,sm__inst_executed_pipe_ipa.min.pct_of_peak_sustained_elapsed,sm__inst_executed_pipe_lsu.min.pct_of_peak_sustained_elapsed,sm__inst_executed_pipe_tex.min.pct_of_peak_sustained_elapsed,sm__inst_executed_pipe_uniform.min.pct_of_peak_sustained_elapsed,sm__inst_executed_pipe_xu.min.pct_of_peak_sustained_elapsed,sm__instruction_throughput_internal_activity.min.pct_of_peak_sustained_elapsed,sm__issue_active.min.pct_of_peak_sustained_elapsed,sm__memory_throughput_internal_activity.min.pct_of_peak_sustained_elapsed,sm__mio2rf_writeback_active.min.pct_of_peak_sustained_elapsed,sm__mio_inst_issued.min.pct_of_peak_sustained_elapsed,sm__mio_pq_read_cycles_active.min.pct_of_peak_sustained_elapsed,sm__mio_pq_write_cycles_active.min.pct_of_peak_sustained_elapsed,sm__pipe_alu_cycles_active.min.pct_of_peak_sustained_elapsed,sm__pipe_fma_cycles_active.min.pct_of_peak_sustained_elapsed,sm__pipe_fmaheavy_cycles_active.min.pct_of_peak_sustained_elapsed,sm__pipe_fp64_cycles_active.min.pct_of_peak_sustained_elapsed,sm__pipe_tensor_cycles_active.min.pct_of_peak_sustained_elapsed,sm__pipe_tensor_cycles_active_v2.min.pct_of_peak_sustained_elapsed"
breakdown:sm__throughput.sum.pct_of_peak_sustained_elapsed,"idc__request_cycles_active.sum.pct_of_peak_sustained_elapsed,sm__inst_executed.sum.pct_of_peak_sustained_elapsed,sm__inst_executed_pipe_adu.sum.pct_of_peak_sustained_elapsed,sm__inst_executed_pipe_cbu_pred_on_any.sum.pct_of_peak_sustained_elapsed,sm__inst_executed_pipe_ipa.sum.pct_of_peak_sustained_elapsed,sm__inst_executed_pipe_lsu.sum.pct_of_peak_sustained_elapsed,sm__inst_executed_pipe_tex.sum.pct_of_peak_sustained_elapsed,sm__inst_executed_pipe_uniform.sum.pct_of_peak_sustained_elapsed,sm__inst_executed_pipe_xu.sum.pct_of_peak_sustained_elapsed,sm__instruction_throughput_internal_activity.sum.pct_of_peak_sustained_elapsed,sm__issue_active.sum.pct_of_peak_sustained_elapsed,sm__memory_throughput_internal_activity.sum.pct_of_peak_sustained_elapsed,sm__mio2rf_writeback_active.sum.pct_of_peak_sustained_elapsed,sm__mio_inst_issued.sum.pct_of_peak_sustained_elapsed,sm__mio_pq_read_cycles_active.sum.pct_of_peak_sustained_elapsed,sm__mio_pq_write_cycles_active.sum.pct_of_peak_sustained_elapsed,sm__pipe_alu_cycles_active.sum.pct_of_peak_sustained_elapsed,sm__pipe_fma_cycles_active.sum.pct_of_peak_sustained_elapsed,sm__pipe_fmaheavy_cycles_active.sum.pct_of_peak_sustained_elapsed,sm__pipe_fp64_cycles_active.sum.pct_of_peak_sustained_elapsed,sm__pipe_tensor_cycles_active.sum.pct_of_peak_sustained_elapsed,sm__pipe_tensor_cycles_active_v2.sum.pct_of_peak_sustained_elapsed","idc__request_cycles_active.sum.pct_of_peak_sustained_elapsed,sm__inst_executed.sum.pct_of_peak_sustained_elapsed,sm__inst_executed_pipe_adu.sum.pct_of_peak_sustained_elapsed,sm__inst_executed_pipe_cbu_pred_on_any.sum.pct_of_peak_sustained_elapsed,sm__inst_executed_pipe_ipa.sum.pct_of_peak_sustained_elapsed,sm__inst_executed_pipe_lsu.sum.pct_of_peak_sustained_elapsed,sm__inst_executed_pipe_tex.sum.pct_of_peak_sustained_elapsed,sm__inst_executed_pipe_uniform.sum.pct_of_peak_sustained_elapsed,sm__inst_executed_pipe_xu.sum.pct_of_peak_sustained_elapsed,sm__instruction_throughput_internal_activity.sum.pct_of_peak_sustained_elapsed,sm__issue_active.sum.pct_of_peak_sustained_elapsed,sm__memory_throughput_internal_activity.sum.pct_of_peak_sustained_elapsed,sm__mio2rf_writeback_active.sum.pct_of_peak_sustained_elapsed,sm__mio_inst_issued.sum.pct_of_peak_sustained_elapsed,sm__mio_pq_read_cycles_active.sum.pct_of_peak_sustained_elapsed,sm__mio_pq_write_cycles_active.sum.pct_of_peak_sustained_elapsed,sm__pipe_alu_cycles_active.sum.pct_of_peak_sustained_elapsed,sm__pipe_fma_cycles_active.sum.pct_of_peak_sustained_elapsed,sm__pipe_fmaheavy_cycles_active.sum.pct_of_peak_sustained_elapsed,sm__pipe_fp64_cycles_active.sum.pct_of_peak_sustained_elapsed,sm__pipe_tensor_cycles_active.sum.pct_of_peak_sustained_elapsed,sm__pipe_tensor_cycles_active_v2.sum.pct_of_peak_sustained_elapsed","idc__request_cycles_active.sum.pct_of_peak_sustained_elapsed,sm__inst_executed.sum.pct_of_peak_sustained_elapsed,sm__inst_executed_pipe_adu.sum.pct_of_peak_sustained_elapsed,sm__inst_executed_pipe_cbu_pred_on_any.sum.pct_of_peak_sustained_elapsed,sm__inst_executed_pipe_ipa.sum.pct_of_peak_sustained_elapsed,sm__inst_executed_pipe_lsu.sum.pct_of_peak_sustained_elapsed,sm__inst_executed_pipe_tex.sum.pct_of_peak_sustained_elapsed,sm__inst_executed_pipe_uniform.sum.pct_of_peak_sustained_elapsed,sm__inst_executed_pipe_xu.sum.pct_of_peak_sustained_elapsed,sm__instruction_throughput_internal_activity.sum.pct_of_peak_sustained_elapsed,sm__issue_active.sum.pct_of_peak_sustained_elapsed,sm__memory_throughput_internal_activity.sum.pct_of_peak_sustained_elapsed,sm__mio2rf_writeback_active.sum.pct_of_peak_sustained_elapsed,sm__mio_inst_issued.sum.pct_of_peak_sustained_elapsed,sm__mio_pq_read_cycles_active.sum.pct_of_peak_sustained_elapsed,sm__mio_pq_write_cycles_active.sum.pct_of_peak_sustained_elapsed,sm__pipe_alu_cycles_active.sum.pct_of_peak_sustained_elapsed,sm__pipe_fma_cycles_active.sum.pct_of_peak_sustained_elapsed,sm__pipe_fmaheavy_cycles_active.sum.pct_of_peak_sustained_elapsed,sm__pipe_fp64_cycles_active.sum.pct_of_peak_sustained_elapsed,sm__pipe_tensor_cycles_active.sum.pct_of_peak_sustained_elapsed,sm__pipe_tensor_cycles_active_v2.sum.pct_of_peak_sustained_elapsed","idc__request_cycles_active.sum.pct_of_peak_sustained_elapsed,sm__inst_executed.sum.pct_of_peak_sustained_elapsed,sm__inst_executed_pipe_adu.sum.pct_of_peak_sustained_elapsed,sm__inst_executed_pipe_cbu_pred_on_any.sum.pct_of_peak_sustained_elapsed,sm__inst_executed_pipe_ipa.sum.pct_of_peak_sustained_elapsed,sm__inst_executed_pipe_lsu.sum.pct_of_peak_sustained_elapsed,sm__inst_executed_pipe_tex.sum.pct_of_peak_sustained_elapsed,sm__inst_executed_pipe_uniform.sum.pct_of_peak_sustained_elapsed,sm__inst_executed_pipe_xu.sum.pct_of_peak_sustained_elapsed,sm__instruction_throughput_internal_activity.sum.pct_of_peak_sustained_elapsed,sm__issue_active.sum.pct_of_peak_sustained_elapsed,sm__memory_throughput_internal_activity.sum.pct_of_peak_sustained_elapsed,sm__mio2rf_writeback_active.sum.pct_of_peak_sustained_elapsed,sm__mio_inst_issued.sum.pct_of_peak_sustained_elapsed,sm__mio_pq_read_cycles_active.sum.pct_of_peak_sustained_elapsed,sm__mio_pq_write_cycles_active.sum.pct_of_peak_sustained_elapsed,sm__pipe_alu_cycles_active.sum.pct_of_peak_sustained_elapsed,sm__pipe_fma_cycles_active.sum.pct_of_peak_sustained_elapsed,sm__pipe_fmaheavy_cycles_active.sum.pct_of_peak_sustained_elapsed,sm__pipe_fp64_cycles_active.sum.pct_of_peak_sustained_elapsed,sm__pipe_tensor_cycles_active.sum.pct_of_peak_sustained_elapsed,sm__pipe_tensor_cycles_active_v2.sum.pct_of_peak_sustained_elapsed"
c2clink__enabled_mask,0,0,0,0
c2clink__present,0,0,0,0
derived__avg_thread_executed [thread],480 {15},480 {15},480 {15},"15,184 {601}"
derived__avg_thread_executed_true [thread],448 {15},448 {15},448 {15},"14,868 {601}"
derived__avg_thread_unexecuted_true [thread],32 {15},32 {15},32 {15},"4,364 {601}"
derived__derivative_avg_thread_executed_true [thread],64 {15},64 {15},64 {15},728 {601}
derived__l1tex__lsu_writeback_bytes_mem_lg.sum.peak_sustained,"2,560","2,560","2,560","2,560"
derived__l1tex__lsu_writeback_bytes_mem_lg.sum.per_second,"2,43,14,15,52,511.42","2,43,14,15,52,511.42","2,42,03,63,63,636.36","1,90,30,11,23,595.51"
derived__local_spilling_requests,0,0,0,0
derived__local_spilling_requests_pct [%],0,0,0,0
derived__lts__lts2xbar_bytes.sum.peak_sustained [bytes],768,768,768,768
derived__lts__lts2xbar_bytes.sum.per_second [Gbytes],115.93,115.38,114.86,38.63
derived__lts__t_sectors_lookup_miss_data_promoted_pct [%],0,0,0,0
derived__memory_l1_conflicts_shared_nway,0 {15},0 {15},0 {15},313 {37}
derived__memory_l1_wavefronts_shared_excessive,0,0,0,"52,416 {37}"
derived__memory_l2_theoretical_sectors_global_excessive [Kbyte],0 {2},0 {2},0 {2},26.62 {65}
derived__pct_occupancy_per_block_size [%],"5,151 {65}","5,151 {65}","5,151 {65}","2,572 {65}"
derived__pct_occupancy_per_register_count [%/register],"10,252 {257}","10,252 {257}","10,252 {257}","8,754 {257}"
derived__pct_occupancy_per_shared_mem_size [%/Kbyte],2.39 {200},2.39 {200},2.39 {200},3.32 {200}
derived__shared_spilling_requests,0,0,0,0
derived__shared_spilling_requests_pct [%],0,0,0,0
derived__sm__sass_thread_inst_executed_op_dfma_pred_on_x2 [inst],80,80,80,80
derived__sm__sass_thread_inst_executed_op_ffma_pred_on_x2 [inst],"5,120","5,120","5,120","5,120"
derived__sm__sass_thread_inst_executed_op_hfma_pred_on_x4 [inst],"5,120","5,120","5,120","5,120"
derived__smsp__inst_executed_op_branch_pct [%],0.13,0.13,0.13,0.04
derived__smsp__sass_thread_inst_executed_op_dfma_pred_on_x2 [inst],0,0,0,0
derived__smsp__sass_thread_inst_executed_op_ffma_pred_on_x2 [inst],0,0,0,0
derived__smsp__sass_thread_inst_executed_op_hadd_pred_on_x2 [inst],0,0,0,0
derived__smsp__sass_thread_inst_executed_op_hfma_pred_on_x4 [inst],0,0,0,0
derived__smsp__sass_thread_inst_executed_op_hmul_pred_on_x2 [inst],0,0,0,0
derived_tempMetric0,"13,312","13,312","13,312","13,936"
derived_tempMetric1,"99,840","99,840","99,840","3,31,968"
derived_tempMetric2,0,0,0,0
derived_tempMetric3,0,0,0,0
derived_tempMetric4,0,0,0,0
derived_tempMetric5,0,0,0,0
device__attribute_architecture,400,400,400,400
device__attribute_async_engine_count,1,1,1,1
device__attribute_can_flush_remote_writes,0,0,0,0
device__attribute_can_map_host_memory,1,1,1,1
device__attribute_can_tex2d_gather,1,1,1,1
device__attribute_can_use_64_bit_stream_mem_ops,1,1,1,1
device__attribute_can_use_64_bit_stream_mem_ops_v1,0,0,0,0
device__attribute_can_use_host_pointer_for_registered_mem,0,0,0,0
device__attribute_can_use_stream_mem_ops_v1,0,0,0,0
device__attribute_can_use_stream_wait_value_nor,1,1,1,1
device__attribute_can_use_stream_wait_value_nor_v1,0,0,0,0
device__attribute_chip,407,407,407,407
device__attribute_clock_rate,"21,30,000","21,30,000","21,30,000","21,30,000"
device__attribute_cluster_launch,0,0,0,0
device__attribute_compute_capability_major,8,8,8,8
device__attribute_compute_capability_minor,9,9,9,9
device__attribute_compute_mode,0,0,0,0
device__attribute_compute_preemption_supported,1,1,1,1
device__attribute_concurrent_kernels,1,1,1,1
device__attribute_concurrent_managed_access,0,0,0,0
device__attribute_confidential_computing_mode,No-CC,No-CC,No-CC,No-CC
device__attribute_cooperative_launch,1,1,1,1
device__attribute_cooperative_multi_device_launch,0,0,0,0
device__attribute_deferred_mapping_cuda_array_supported,1,1,1,1
device__attribute_device_index,0,0,0,0
device__attribute_direct_managed_mem_access_from_host,0,0,0,0
device__attribute_display_name,NVIDIA GeForce RTX 4050 Laptop GPU,NVIDIA GeForce RTX 4050 Laptop GPU,NVIDIA GeForce RTX 4050 Laptop GPU,NVIDIA GeForce RTX 4050 Laptop GPU
device__attribute_dma_buf_supported,0,0,0,0
device__attribute_ecc_enabled,0,0,0,0
device__attribute_fb_bus_width,96,96,96,96
device__attribute_fbp_count,2,2,2,2
device__attribute_generic_compression_supported,1,1,1,1
device__attribute_global_l1_cache_supported,1,1,1,1
device__attribute_global_memory_bus_width,96,96,96,96
device__attribute_gpu_direct_rdma_flush_writes_options,0,0,0,0
device__attribute_gpu_direct_rdma_supported,0,0,0,0
device__attribute_gpu_direct_rdma_with_cuda_vmm_supported,0,0,0,0
device__attribute_gpu_direct_rdma_writes_ordering,0,0,0,0
device__attribute_gpu_overlap,1,1,1,1
device__attribute_gpu_pci_device_id,"68,16,44,254","68,16,44,254","68,16,44,254","68,16,44,254"
device__attribute_gpu_pci_ext_device_id,"10,401","10,401","10,401","10,401"
device__attribute_gpu_pci_ext_downstream_link_rate,"32,000","32,000","32,000","32,000"
device__attribute_gpu_pci_ext_downstream_link_width,8,8,8,8
device__attribute_gpu_pci_ext_gen,3,3,3,3
device__attribute_gpu_pci_ext_gpu_gen,3,3,3,3
device__attribute_gpu_pci_ext_gpu_link_rate,"16,000","16,000","16,000","16,000"
device__attribute_gpu_pci_ext_gpu_link_width,8,8,8,8
device__attribute_gpu_pci_revision_id,161,161,161,161
device__attribute_gpu_pci_sub_system_id,"2,34,36,37,052","2,34,36,37,052","2,34,36,37,052","2,34,36,37,052"
device__attribute_handle_type_fabric_supported,0,0,0,0
device__attribute_handle_type_posix_file_descriptor_supported,0,0,0,0
device__attribute_handle_type_win32_handle_supported,1,1,1,1
device__attribute_handle_type_win32_kmt_handle_supported,1,1,1,1
device__attribute_host_native_atomic_supported,0,0,0,0
device__attribute_host_numa_id,0,0,0,0
device__attribute_host_register_supported,1,1,1,1
device__attribute_implementation,407,407,407,407
device__attribute_integrated,0,0,0,0
device__attribute_ipc_event_supported,1,1,1,1
device__attribute_kernel_exec_timeout,1,1,1,1
device__attribute_l2_cache_size,"2,51,65,824","2,51,65,824","2,51,65,824","2,51,65,824"
device__attribute_l2s_count,16,16,16,16
device__attribute_limits_max_cta_per_sm,24,24,24,24
device__attribute_limits_num_tpcs,10,10,10,10
device__attribute_local_l1_cache_supported,1,1,1,1
device__attribute_managed_memory,1,1,1,1
device__attribute_max_access_policy_window_size,"13,42,13,632","13,42,13,632","13,42,13,632","13,42,13,632"
device__attribute_max_block_dim_x,"1,024","1,024","1,024","1,024"
device__attribute_max_block_dim_y,"1,024","1,024","1,024","1,024"
device__attribute_max_block_dim_z,64,64,64,64
device__attribute_max_blocks_per_multiprocessor,24,24,24,24
device__attribute_max_gpu_frequency_khz,"21,30,000","21,30,000","21,30,000","21,30,000"
device__attribute_max_grid_dim_x,"2,14,74,83,647","2,14,74,83,647","2,14,74,83,647","2,14,74,83,647"
device__attribute_max_grid_dim_y,"65,535","65,535","65,535","65,535"
device__attribute_max_grid_dim_z,"65,535","65,535","65,535","65,535"
device__attribute_max_ipc_per_multiprocessor,4,4,4,4
device__attribute_max_ipc_per_scheduler,1,1,1,1
device__attribute_max_mem_frequency_khz,"80,01,000","80,01,000","80,01,000","80,01,000"
device__attribute_max_persisting_l2_cache_size,"1,73,01,504","1,73,01,504","1,73,01,504","1,73,01,504"
device__attribute_max_pitch,"2,14,74,83,647","2,14,74,83,647","2,14,74,83,647","2,14,74,83,647"
device__attribute_max_registers_per_block,"65,536","65,536","65,536","65,536"
device__attribute_max_registers_per_multiprocessor,"65,536","65,536","65,536","65,536"
device__attribute_max_registers_per_thread,255,255,255,255
device__attribute_max_shared_memory_per_block,"49,152","49,152","49,152","49,152"
device__attribute_max_shared_memory_per_block_optin,"1,01,376","1,01,376","1,01,376","1,01,376"
device__attribute_max_shared_memory_per_multiprocessor,"1,02,400","1,02,400","1,02,400","1,02,400"
device__attribute_max_threads_per_block,"1,024","1,024","1,024","1,024"
device__attribute_max_threads_per_multiprocessor,"1,536","1,536","1,536","1,536"
device__attribute_max_warps_per_multiprocessor,48,48,48,48
device__attribute_max_warps_per_scheduler,12,12,12,12
device__attribute_maximum_surface1d_layered_layers,"2,048","2,048","2,048","2,048"
device__attribute_maximum_surface1d_layered_width,"32,768","32,768","32,768","32,768"
device__attribute_maximum_surface1d_width,"32,768","32,768","32,768","32,768"
device__attribute_maximum_surface2d_height,"65,536","65,536","65,536","65,536"
device__attribute_maximum_surface2d_layered_height,"32,768","32,768","32,768","32,768"
device__attribute_maximum_surface2d_layered_layers,"2,048","2,048","2,048","2,048"
device__attribute_maximum_surface2d_layered_width,"32,768","32,768","32,768","32,768"
device__attribute_maximum_surface2d_width,"1,31,072","1,31,072","1,31,072","1,31,072"
device__attribute_maximum_surface3d_depth,"16,384","16,384","16,384","16,384"
device__attribute_maximum_surface3d_height,"16,384","16,384","16,384","16,384"
device__attribute_maximum_surface3d_width,"16,384","16,384","16,384","16,384"
device__attribute_maximum_surfacecubemap_layered_layers,"2,046","2,046","2,046","2,046"
device__attribute_maximum_surfacecubemap_layered_width,"32,768","32,768","32,768","32,768"
device__attribute_maximum_surfacecubemap_width,"32,768","32,768","32,768","32,768"
device__attribute_maximum_texture1d_layered_layers,"2,048","2,048","2,048","2,048"
device__attribute_maximum_texture1d_layered_width,"32,768","32,768","32,768","32,768"
device__attribute_maximum_texture1d_linear_width,"26,84,35,456","26,84,35,456","26,84,35,456","26,84,35,456"
device__attribute_maximum_texture1d_mipmapped_width,"32,768","32,768","32,768","32,768"
device__attribute_maximum_texture1d_width,"1,31,072","1,31,072","1,31,072","1,31,072"
device__attribute_maximum_texture2d_gather_height,"32,768","32,768","32,768","32,768"
device__attribute_maximum_texture2d_gather_width,"32,768","32,768","32,768","32,768"
device__attribute_maximum_texture2d_height,"65,536","65,536","65,536","65,536"
device__attribute_maximum_texture2d_layered_height,"32,768","32,768","32,768","32,768"
device__attribute_maximum_texture2d_layered_layers,"2,048","2,048","2,048","2,048"
device__attribute_maximum_texture2d_layered_width,"32,768","32,768","32,768","32,768"
device__attribute_maximum_texture2d_linear_height,"65,000","65,000","65,000","65,000"
device__attribute_maximum_texture2d_linear_pitch,"20,97,120","20,97,120","20,97,120","20,97,120"
device__attribute_maximum_texture2d_linear_width,"1,31,072","1,31,072","1,31,072","1,31,072"
device__attribute_maximum_texture2d_mipmapped_height,"32,768","32,768","32,768","32,768"
device__attribute_maximum_texture2d_mipmapped_width,"32,768","32,768","32,768","32,768"
device__attribute_maximum_texture2d_width,"1,31,072","1,31,072","1,31,072","1,31,072"
device__attribute_maximum_texture3d_depth,"16,384","16,384","16,384","16,384"
device__attribute_maximum_texture3d_depth_alternate,"32,768","32,768","32,768","32,768"
device__attribute_maximum_texture3d_height,"16,384","16,384","16,384","16,384"
device__attribute_maximum_texture3d_height_alternate,"8,192","8,192","8,192","8,192"
device__attribute_maximum_texture3d_width,"16,384","16,384","16,384","16,384"
device__attribute_maximum_texture3d_width_alternate,"8,192","8,192","8,192","8,192"
device__attribute_maximum_texturecubemap_layered_layers,"2,046","2,046","2,046","2,046"
device__attribute_maximum_texturecubemap_layered_width,"32,768","32,768","32,768","32,768"
device__attribute_maximum_texturecubemap_width,"32,768","32,768","32,768","32,768"
device__attribute_mem_sync_domain_count,1,1,1,1
device__attribute_memory_clock_rate,"80,01,000","80,01,000","80,01,000","80,01,000"
device__attribute_memory_pools_supported,1,1,1,1
device__attribute_mempool_supported_handle_types,0,0,0,0
device__attribute_mps_enabled,0,0,0,0
device__attribute_multi_gpu_board,0,0,0,0
device__attribute_multi_gpu_board_group_id,0,0,0,0
device__attribute_multicast_supported,0,0,0,0
device__attribute_multiprocessor_count,20,20,20,20
device__attribute_num_l2s_per_fbp,8,8,8,8
device__attribute_num_schedulers_per_multiprocessor,4,4,4,4
device__attribute_num_tex_per_multiprocessor,1,1,1,1
device__attribute_numa_config,0,0,0,0
device__attribute_pageable_memory_access,0,0,0,0
device__attribute_pageable_memory_access_uses_host_page_tables,0,0,0,0
device__attribute_pci_bus_id,1,1,1,1
device__attribute_pci_device_id,0,0,0,0
device__attribute_pci_domain_id,0,0,0,0
device__attribute_ram_location,1,1,1,1
device__attribute_ram_type,17,17,17,17
device__attribute_reserved_shared_memory_per_block,"1,024","1,024","1,024","1,024"
device__attribute_sass_level,8,8,8,8
device__attribute_single_to_double_precision_perf_ratio,64,64,64,64
device__attribute_sparse_cuda_array_supported,1,1,1,1
device__attribute_stream_priorities_supported,1,1,1,1
device__attribute_surface_alignment,512,512,512,512
device__attribute_tcc_driver,0,0,0,0
device__attribute_tensor_map_access_supported,0,0,0,0
device__attribute_texture_alignment,512,512,512,512
device__attribute_texture_pitch_alignment,32,32,32,32
device__attribute_total_constant_memory,"65,536","65,536","65,536","65,536"
device__attribute_total_memory,"6,43,87,80,928","6,43,87,80,928","6,43,87,80,928","6,43,87,80,928"
device__attribute_unified_addressing,1,1,1,1
device__attribute_unified_function_pointers,0,0,0,0
device__attribute_virtual_address_management_supported,1,1,1,1
device__attribute_warp_size,32,32,32,32
dram__bytes.avg.peak_sustained [byte/cycle],8,8,8,8
dram__bytes.avg.per_second [Gbyte/s],40.65,40.65,40.47,10.41
dram__bytes.max.peak_sustained [byte/cycle],8,8,8,8
dram__bytes.max.per_second [Gbyte/s],40.89,40.73,40.71,10.48
dram__bytes.min.peak_sustained [byte/cycle],8,8,8,8
dram__bytes.min.per_second [Gbyte/s],40.44,40.60,40.15,10.27
dram__bytes.sum.peak_sustained [byte/cycle],24,24,24,24
dram__bytes.sum.per_second [Gbyte/s],121.95,121.95,121.40,31.23
dram__bytes_read.sum [Kbyte],854.66,854.66,854.66,444.67
dram__bytes_read.sum.pct_of_peak_sustained_elapsed [%],73.21,73.73,73.21,18.65
dram__bytes_read.sum.per_second [Gbyte/s],121.95,121.95,121.40,31.23
dram__bytes_write.sum [byte],0,0,0,0
dram__bytes_write.sum.pct_of_peak_sustained_elapsed [%],0,0,0,0
dram__bytes_write.sum.per_second [byte/s],0,0,0,0
dram__cycles_active.avg [cycle],"35,610.67","35,610.67","35,610.67","18,528"
dram__cycles_active.avg.pct_of_peak_sustained_elapsed [%],73.21,73.73,73.21,18.65
dram__cycles_active.max [cycle],"35,824","35,680","35,824","18,656"
dram__cycles_active.max.pct_of_peak_sustained_elapsed [%],73.65,73.87,73.65,18.78
dram__cycles_active.min [cycle],"35,424","35,568","35,328","18,272"
dram__cycles_active.min.pct_of_peak_sustained_elapsed [%],72.83,73.64,72.63,18.40
dram__cycles_active.sum [cycle],"1,06,832","1,06,832","1,06,832","55,584"
dram__cycles_active.sum.pct_of_peak_sustained_elapsed [%],73.21,73.73,73.21,18.65
dram__cycles_elapsed.avg [cycle],"48,640","48,298.67","48,640","99,328"
dram__cycles_elapsed.avg.per_second [Ghz],6.94,6.89,6.91,6.98
dram__cycles_elapsed.max [cycle],"48,640","48,640","48,640","99,328"
dram__cycles_elapsed.max.per_second [Ghz],6.94,6.94,6.91,6.98
dram__cycles_elapsed.min [cycle],"48,640","48,128","48,640","99,328"
dram__cycles_elapsed.min.per_second [Ghz],6.94,6.87,6.91,6.98
dram__cycles_elapsed.sum [cycle],"1,45,920","1,44,896","1,45,920","2,97,984"
dram__cycles_elapsed.sum.per_second [Ghz],20.82,20.68,20.73,20.93
dram__sectors_read.sum [sector],"26,708","26,708","26,708","13,896"
dram__sectors_write.sum [sector],0,0,0,0
fbpa__dram_sectors.avg.pct_of_peak_sustained_elapsed [%],24.94,25.02,24.87,6.35
fbpa__dram_sectors.max.pct_of_peak_sustained_elapsed [%],33.15,33.38,33.06,8.44
fbpa__dram_sectors.min.pct_of_peak_sustained_elapsed [%],16.73,16.66,16.68,4.26
fbpa__dram_sectors.sum.pct_of_peak_sustained_elapsed [%],24.94,25.02,24.87,6.35
gcc__average_cache_request_hit_rate.pct [%],41.29,38.71,39.68,83.18
gcc__cache_requests_type_constant.sum [request],240,240,240,320
gcc__cache_requests_type_constant.sum.pct_of_peak_sustained_elapsed [%],1.08,1.09,1.08,0.71
gcc__cache_requests_type_instruction.sum [request],57,59,58,770
gcc__cache_requests_type_instruction.sum.pct_of_peak_sustained_elapsed [%],0.26,0.27,0.26,1.70
gcc__xbar2gcc_sectors.sum [sector],288,288,288,"1,176"
gcc__xbar2gcc_sectors.sum.pct_of_peak_sustained_elapsed [%],0.65,0.65,0.65,1.30
gpc__cycles_elapsed.avg [cycle],"14,782.33","14,729","14,825.33","30,191"
gpc__cycles_elapsed.avg.per_second [Ghz],2.11,2.10,2.11,2.12
gpc__cycles_elapsed.max.per_second [Ghz],2.11,2.11,2.11,2.12
gpc__cycles_elapsed.min [cycle],"14,770","14,714","14,813","30,155"
gpc__cycles_elapsed.min.per_second [Ghz],2.11,2.10,2.10,2.12
gpc__cycles_elapsed.sum [cycle],"44,347","44,187","44,476","90,573"
gpc__cycles_elapsed.sum.per_second [Ghz],6.33,6.31,6.32,6.36
gpu__compute_memory_access_throughput.avg.pct_of_peak_sustained_elapsed [%],12.62,12.68,12.58,41.60
gpu__compute_memory_access_throughput.max.pct_of_peak_sustained_elapsed [%],12.77,12.87,12.76,52.15
gpu__compute_memory_access_throughput.min.pct_of_peak_sustained_elapsed [%],12.44,12.54,12.41,31.93
gpu__compute_memory_access_throughput.sum.pct_of_peak_sustained_elapsed [%],12.62,12.68,12.58,41.60
gpu__compute_memory_access_throughput_internal_activity.avg.pct_of_peak_sustained_elapsed [%],7.42,7.31,7.36,20.56
gpu__compute_memory_access_throughput_internal_activity.max.pct_of_peak_sustained_elapsed [%],7.70,7.55,7.66,22.92
gpu__compute_memory_access_throughput_internal_activity.min.pct_of_peak_sustained_elapsed [%],7.19,7.13,7.21,19.01
gpu__compute_memory_access_throughput_internal_activity.sum.pct_of_peak_sustained_elapsed [%],7.42,7.31,7.36,20.56
gpu__compute_memory_request_throughput.avg.pct_of_peak_sustained_elapsed [%],73.21,73.73,73.21,28.22
gpu__compute_memory_request_throughput.max.pct_of_peak_sustained_elapsed [%],73.65,73.87,73.65,29.60
gpu__compute_memory_request_throughput.min.pct_of_peak_sustained_elapsed [%],72.83,73.64,72.63,27.48
gpu__compute_memory_request_throughput.sum.pct_of_peak_sustained_elapsed [%],73.21,73.73,73.21,28.22
gpu__compute_memory_request_throughput_internal_activity.avg.pct_of_peak_sustained_elapsed [%],0,0,0,0
gpu__compute_memory_request_throughput_internal_activity.max.pct_of_peak_sustained_elapsed [%],0,0,0,0
gpu__compute_memory_request_throughput_internal_activity.min.pct_of_peak_sustained_elapsed [%],0,0,0,0
gpu__compute_memory_request_throughput_internal_activity.sum.pct_of_peak_sustained_elapsed [%],0,0,0,0
gpu__compute_memory_throughput.max.pct_of_peak_sustained_elapsed [%],73.65,73.87,73.65,52.15
gpu__compute_memory_throughput.min.pct_of_peak_sustained_elapsed [%],72.83,73.64,72.63,31.93
gpu__compute_memory_throughput.sum.pct_of_peak_sustained_elapsed [%],73.21,73.73,73.21,41.60
gpu__dram_throughput.avg.pct_of_peak_sustained_elapsed [%],73.21,73.73,73.21,18.65
gpu__dram_throughput.max.pct_of_peak_sustained_elapsed [%],73.65,73.87,73.65,18.78
gpu__dram_throughput.min.pct_of_peak_sustained_elapsed [%],72.83,73.64,72.63,18.40
gpu__dram_throughput.sum.pct_of_peak_sustained_elapsed [%],73.21,73.73,73.21,18.65
gpu__time_duration.avg [us],7.01,7.01,7.04,14.24
gpu__time_duration.max [us],7.01,7.01,7.04,14.24
gpu__time_duration.min [us],7.01,7.01,7.04,14.24
group:memory__chart,"dram__bytes_read.sum,dram__bytes_read.sum.pct_of_peak_sustained_elapsed,dram__bytes_read.sum.per_second,dram__bytes_write.sum,dram__bytes_write.sum.pct_of_peak_sustained_elapsed,dram__bytes_write.sum.per_second,gcc__average_cache_request_hit_rate.pct,gcc__cache_requests_type_constant.sum,gcc__cache_requests_type_constant.sum.pct_of_peak_sustained_elapsed,gcc__cache_requests_type_instruction.sum,gcc__cache_requests_type_instruction.sum.pct_of_peak_sustained_elapsed,gcc__xbar2gcc_sectors.sum,gcc__xbar2gcc_sectors.sum.pct_of_peak_sustained_elapsed,idc__request_hit_rate.pct,idc__requests.sum,idc__requests.sum.pct_of_peak_sustained_elapsed,l1tex__data_pipe_lsu_wavefronts_mem_shared.sum.pct_of_peak_sustained_elapsed,l1tex__m_l1tex2xbar_write_bytes.sum,l1tex__m_l1tex2xbar_write_bytes.sum.pct_of_peak_sustained_elapsed,l1tex__m_l1tex2xbar_write_bytes.sum.per_second,l1tex__m_xbar2l1tex_read_bytes.sum,l1tex__m_xbar2l1tex_read_bytes.sum.pct_of_peak_sustained_elapsed,l1tex__m_xbar2l1tex_read_bytes.sum.per_second,l1tex__t_requests_pipe_lsu_mem_global_op_atom.sum,l1tex__t_requests_pipe_lsu_mem_global_op_atom.sum.pct_of_peak_sustained_elapsed,l1tex__t_requests_pipe_lsu_mem_global_op_ld.sum,l1tex__t_requests_pipe_lsu_mem_global_op_ld.sum.pct_of_peak_sustained_elapsed,l1tex__t_requests_pipe_lsu_mem_global_op_red.sum,l1tex__t_requests_pipe_lsu_mem_global_op_red.sum.pct_of_peak_sustained_elapsed,l1tex__t_requests_pipe_lsu_mem_global_op_st.sum,l1tex__t_requests_pipe_lsu_mem_global_op_st.sum.pct_of_peak_sustained_elapsed,l1tex__t_requests_pipe_lsu_mem_local_op_ld.sum,l1tex__t_requests_pipe_lsu_mem_local_op_ld.sum.pct_of_peak_sustained_elapsed,l1tex__t_requests_pipe_lsu_mem_local_op_st.sum,l1tex__t_requests_pipe_lsu_mem_local_op_st.sum.pct_of_peak_sustained_elapsed,l1tex__t_requests_pipe_tex_mem_surface_op_atom.sum,l1tex__t_requests_pipe_tex_mem_surface_op_atom.sum.pct_of_peak_sustained_elapsed,l1tex__t_requests_pipe_tex_mem_surface_op_ld.sum,l1tex__t_requests_pipe_tex_mem_surface_op_ld.sum.pct_of_peak_sustained_elapsed,l1tex__t_requests_pipe_tex_mem_surface_op_red.sum,l1tex__t_requests_pipe_tex_mem_surface_op_red.sum.pct_of_peak_sustained_elapsed,l1tex__t_requests_pipe_tex_mem_surface_op_st.sum,l1tex__t_requests_pipe_tex_mem_surface_op_st.sum.pct_of_peak_sustained_elapsed,l1tex__t_requests_pipe_tex_mem_texture.sum,l1tex__t_requests_pipe_tex_mem_texture.sum.pct_of_peak_sustained_elapsed,l1tex__t_sector_hit_rate.pct,lts__average_gcomp_input_sector_success_rate.pct,lts__average_gcomp_output_sector_compression_achieved_rate.ratio,lts__gcomp_input_sectors.sum,lts__gcomp_input_sectors.sum.pct_of_peak_sustained_elapsed,lts__gcomp_input_sectors.sum.per_second,lts__gcomp_output_sectors.sum,lts__gcomp_output_sectors.sum.pct_of_peak_sustained_elapsed,lts__gcomp_output_sectors.sum.per_second,lts__t_sector_hit_rate.pct,lts__t_sectors_srcunit_tex_aperture_peer_op_atom.sum,lts__t_sectors_srcunit_tex_aperture_peer_op_atom.sum.pct_of_peak_sustained_elapsed,lts__t_sectors_srcunit_tex_aperture_peer_op_atom.sum.per_second,lts__t_sectors_srcunit_tex_aperture_peer_op_read_lookup_miss.sum,lts__t_sectors_srcunit_tex_aperture_peer_op_read_lookup_miss.sum.pct_of_peak_sustained_elapsed,lts__t_sectors_srcunit_tex_aperture_peer_op_read_lookup_miss.sum.per_second,lts__t_sectors_srcunit_tex_aperture_peer_op_red.sum,lts__t_sectors_srcunit_tex_aperture_peer_op_red.sum.pct_of_peak_sustained_elapsed,lts__t_sectors_srcunit_tex_aperture_peer_op_red.sum.per_second,lts__t_sectors_srcunit_tex_aperture_peer_op_write.sum,lts__t_sectors_srcunit_tex_aperture_peer_op_write.sum.pct_of_peak_sustained_elapsed,lts__t_sectors_srcunit_tex_aperture_peer_op_write.sum.per_second,lts__t_sectors_srcunit_tex_aperture_sysmem_op_atom.sum,lts__t_sectors_srcunit_tex_aperture_sysmem_op_atom.sum.pct_of_peak_sustained_elapsed,lts__t_sectors_srcunit_tex_aperture_sysmem_op_atom.sum.per_second,lts__t_sectors_srcunit_tex_aperture_sysmem_op_read_lookup_miss.sum,lts__t_sectors_srcunit_tex_aperture_sysmem_op_read_lookup_miss.sum.pct_of_peak_sustained_elapsed,lts__t_sectors_srcunit_tex_aperture_sysmem_op_read_lookup_miss.sum.per_second,lts__t_sectors_srcunit_tex_aperture_sysmem_op_red.sum,lts__t_sectors_srcunit_tex_aperture_sysmem_op_red.sum.pct_of_peak_sustained_elapsed,lts__t_sectors_srcunit_tex_aperture_sysmem_op_red.sum.per_second,lts__t_sectors_srcunit_tex_aperture_sysmem_op_write.sum,lts__t_sectors_srcunit_tex_aperture_sysmem_op_write.sum.pct_of_peak_sustained_elapsed,lts__t_sectors_srcunit_tex_aperture_sysmem_op_write.sum.per_second,lts__t_sectors_srcunit_tex_op_read.avg.pct_of_peak_sustained_elapsed,lts__t_sectors_srcunit_tex_op_read.sum,lts__t_sectors_srcunit_tex_op_write.avg.pct_of_peak_sustained_elapsed,lts__t_sectors_srcunit_tex_op_write.sum,sm__icc_request_hit_rate.pct,sm__icc_requests.sum,sm__icc_requests.sum.pct_of_peak_sustained_elapsed,sm__sass_l1tex_m_xbar2l1tex_read_bytes_mem_global_op_ldgsts_cache_bypass.sum,sm__sass_l1tex_m_xbar2l1tex_read_bytes_mem_global_op_ldgsts_cache_bypass...","dram__bytes_read.sum,dram__bytes_read.sum.pct_of_peak_sustained_elapsed,dram__bytes_read.sum.per_second,dram__bytes_write.sum,dram__bytes_write.sum.pct_of_peak_sustained_elapsed,dram__bytes_write.sum.per_second,gcc__average_cache_request_hit_rate.pct,gcc__cache_requests_type_constant.sum,gcc__cache_requests_type_constant.sum.pct_of_peak_sustained_elapsed,gcc__cache_requests_type_instruction.sum,gcc__cache_requests_type_instruction.sum.pct_of_peak_sustained_elapsed,gcc__xbar2gcc_sectors.sum,gcc__xbar2gcc_sectors.sum.pct_of_peak_sustained_elapsed,idc__request_hit_rate.pct,idc__requests.sum,idc__requests.sum.pct_of_peak_sustained_elapsed,l1tex__data_pipe_lsu_wavefronts_mem_shared.sum.pct_of_peak_sustained_elapsed,l1tex__m_l1tex2xbar_write_bytes.sum,l1tex__m_l1tex2xbar_write_bytes.sum.pct_of_peak_sustained_elapsed,l1tex__m_l1tex2xbar_write_bytes.sum.per_second,l1tex__m_xbar2l1tex_read_bytes.sum,l1tex__m_xbar2l1tex_read_bytes.sum.pct_of_peak_sustained_elapsed,l1tex__m_xbar2l1tex_read_bytes.sum.per_second,l1tex__t_requests_pipe_lsu_mem_global_op_atom.sum,l1tex__t_requests_pipe_lsu_mem_global_op_atom.sum.pct_of_peak_sustained_elapsed,l1tex__t_requests_pipe_lsu_mem_global_op_ld.sum,l1tex__t_requests_pipe_lsu_mem_global_op_ld.sum.pct_of_peak_sustained_elapsed,l1tex__t_requests_pipe_lsu_mem_global_op_red.sum,l1tex__t_requests_pipe_lsu_mem_global_op_red.sum.pct_of_peak_sustained_elapsed,l1tex__t_requests_pipe_lsu_mem_global_op_st.sum,l1tex__t_requests_pipe_lsu_mem_global_op_st.sum.pct_of_peak_sustained_elapsed,l1tex__t_requests_pipe_lsu_mem_local_op_ld.sum,l1tex__t_requests_pipe_lsu_mem_local_op_ld.sum.pct_of_peak_sustained_elapsed,l1tex__t_requests_pipe_lsu_mem_local_op_st.sum,l1tex__t_requests_pipe_lsu_mem_local_op_st.sum.pct_of_peak_sustained_elapsed,l1tex__t_requests_pipe_tex_mem_surface_op_atom.sum,l1tex__t_requests_pipe_tex_mem_surface_op_atom.sum.pct_of_peak_sustained_elapsed,l1tex__t_requests_pipe_tex_mem_surface_op_ld.sum,l1tex__t_requests_pipe_tex_mem_surface_op_ld.sum.pct_of_peak_sustained_elapsed,l1tex__t_requests_pipe_tex_mem_surface_op_red.sum,l1tex__t_requests_pipe_tex_mem_surface_op_red.sum.pct_of_peak_sustained_elapsed,l1tex__t_requests_pipe_tex_mem_surface_op_st.sum,l1tex__t_requests_pipe_tex_mem_surface_op_st.sum.pct_of_peak_sustained_elapsed,l1tex__t_requests_pipe_tex_mem_texture.sum,l1tex__t_requests_pipe_tex_mem_texture.sum.pct_of_peak_sustained_elapsed,l1tex__t_sector_hit_rate.pct,lts__average_gcomp_input_sector_success_rate.pct,lts__average_gcomp_output_sector_compression_achieved_rate.ratio,lts__gcomp_input_sectors.sum,lts__gcomp_input_sectors.sum.pct_of_peak_sustained_elapsed,lts__gcomp_input_sectors.sum.per_second,lts__gcomp_output_sectors.sum,lts__gcomp_output_sectors.sum.pct_of_peak_sustained_elapsed,lts__gcomp_output_sectors.sum.per_second,lts__t_sector_hit_rate.pct,lts__t_sectors_srcunit_tex_aperture_peer_op_atom.sum,lts__t_sectors_srcunit_tex_aperture_peer_op_atom.sum.pct_of_peak_sustained_elapsed,lts__t_sectors_srcunit_tex_aperture_peer_op_atom.sum.per_second,lts__t_sectors_srcunit_tex_aperture_peer_op_read_lookup_miss.sum,lts__t_sectors_srcunit_tex_aperture_peer_op_read_lookup_miss.sum.pct_of_peak_sustained_elapsed,lts__t_sectors_srcunit_tex_aperture_peer_op_read_lookup_miss.sum.per_second,lts__t_sectors_srcunit_tex_aperture_peer_op_red.sum,lts__t_sectors_srcunit_tex_aperture_peer_op_red.sum.pct_of_peak_sustained_elapsed,lts__t_sectors_srcunit_tex_aperture_peer_op_red.sum.per_second,lts__t_sectors_srcunit_tex_aperture_peer_op_write.sum,lts__t_sectors_srcunit_tex_aperture_peer_op_write.sum.pct_of_peak_sustained_elapsed,lts__t_sectors_srcunit_tex_aperture_peer_op_write.sum.per_second,lts__t_sectors_srcunit_tex_aperture_sysmem_op_atom.sum,lts__t_sectors_srcunit_tex_aperture_sysmem_op_atom.sum.pct_of_peak_sustained_elapsed,lts__t_sectors_srcunit_tex_aperture_sysmem_op_atom.sum.per_second,lts__t_sectors_srcunit_tex_aperture_sysmem_op_read_lookup_miss.sum,lts__t_sectors_srcunit_tex_aperture_sysmem_op_read_lookup_miss.sum.pct_of_peak_sustained_elapsed,lts__t_sectors_srcunit_tex_aperture_sysmem_op_read_lookup_miss.sum.per_second,lts__t_sectors_srcunit_tex_aperture_sysmem_op_red.sum,lts__t_sectors_srcunit_tex_aperture_sysmem_op_red.sum.pct_of_peak_sustained_elapsed,lts__t_sectors_srcunit_tex_aperture_sysmem_op_red.sum.per_second,lts__t_sectors_srcunit_tex_aperture_sysmem_op_write.sum,lts__t_sectors_srcunit_tex_aperture_sysmem_op_write.sum.pct_of_peak_sustained_elapsed,lts__t_sectors_srcunit_tex_aperture_sysmem_op_write.sum.per_second,lts__t_sectors_srcunit_tex_op_read.avg.pct_of_peak_sustained_elapsed,lts__t_sectors_srcunit_tex_op_read.sum,lts__t_sectors_srcunit_tex_op_write.avg.pct_of_peak_sustained_elapsed,lts__t_sectors_srcunit_tex_op_write.sum,sm__icc_request_hit_rate.pct,sm__icc_requests.sum,sm__icc_requests.sum.pct_of_peak_sustained_elapsed,sm__sass_l1tex_m_xbar2l1tex_read_bytes_mem_global_op_ldgsts_cache_bypass.sum,sm__sass_l1tex_m_xbar2l1tex_read_bytes_mem_global_op_ldgsts_cache_bypass...","dram__bytes_read.sum,dram__bytes_read.sum.pct_of_peak_sustained_elapsed,dram__bytes_read.sum.per_second,dram__bytes_write.sum,dram__bytes_write.sum.pct_of_peak_sustained_elapsed,dram__bytes_write.sum.per_second,gcc__average_cache_request_hit_rate.pct,gcc__cache_requests_type_constant.sum,gcc__cache_requests_type_constant.sum.pct_of_peak_sustained_elapsed,gcc__cache_requests_type_instruction.sum,gcc__cache_requests_type_instruction.sum.pct_of_peak_sustained_elapsed,gcc__xbar2gcc_sectors.sum,gcc__xbar2gcc_sectors.sum.pct_of_peak_sustained_elapsed,idc__request_hit_rate.pct,idc__requests.sum,idc__requests.sum.pct_of_peak_sustained_elapsed,l1tex__data_pipe_lsu_wavefronts_mem_shared.sum.pct_of_peak_sustained_elapsed,l1tex__m_l1tex2xbar_write_bytes.sum,l1tex__m_l1tex2xbar_write_bytes.sum.pct_of_peak_sustained_elapsed,l1tex__m_l1tex2xbar_write_bytes.sum.per_second,l1tex__m_xbar2l1tex_read_bytes.sum,l1tex__m_xbar2l1tex_read_bytes.sum.pct_of_peak_sustained_elapsed,l1tex__m_xbar2l1tex_read_bytes.sum.per_second,l1tex__t_requests_pipe_lsu_mem_global_op_atom.sum,l1tex__t_requests_pipe_lsu_mem_global_op_atom.sum.pct_of_peak_sustained_elapsed,l1tex__t_requests_pipe_lsu_mem_global_op_ld.sum,l1tex__t_requests_pipe_lsu_mem_global_op_ld.sum.pct_of_peak_sustained_elapsed,l1tex__t_requests_pipe_lsu_mem_global_op_red.sum,l1tex__t_requests_pipe_lsu_mem_global_op_red.sum.pct_of_peak_sustained_elapsed,l1tex__t_requests_pipe_lsu_mem_global_op_st.sum,l1tex__t_requests_pipe_lsu_mem_global_op_st.sum.pct_of_peak_sustained_elapsed,l1tex__t_requests_pipe_lsu_mem_local_op_ld.sum,l1tex__t_requests_pipe_lsu_mem_local_op_ld.sum.pct_of_peak_sustained_elapsed,l1tex__t_requests_pipe_lsu_mem_local_op_st.sum,l1tex__t_requests_pipe_lsu_mem_local_op_st.sum.pct_of_peak_sustained_elapsed,l1tex__t_requests_pipe_tex_mem_surface_op_atom.sum,l1tex__t_requests_pipe_tex_mem_surface_op_atom.sum.pct_of_peak_sustained_elapsed,l1tex__t_requests_pipe_tex_mem_surface_op_ld.sum,l1tex__t_requests_pipe_tex_mem_surface_op_ld.sum.pct_of_peak_sustained_elapsed,l1tex__t_requests_pipe_tex_mem_surface_op_red.sum,l1tex__t_requests_pipe_tex_mem_surface_op_red.sum.pct_of_peak_sustained_elapsed,l1tex__t_requests_pipe_tex_mem_surface_op_st.sum,l1tex__t_requests_pipe_tex_mem_surface_op_st.sum.pct_of_peak_sustained_elapsed,l1tex__t_requests_pipe_tex_mem_texture.sum,l1tex__t_requests_pipe_tex_mem_texture.sum.pct_of_peak_sustained_elapsed,l1tex__t_sector_hit_rate.pct,lts__average_gcomp_input_sector_success_rate.pct,lts__average_gcomp_output_sector_compression_achieved_rate.ratio,lts__gcomp_input_sectors.sum,lts__gcomp_input_sectors.sum.pct_of_peak_sustained_elapsed,lts__gcomp_input_sectors.sum.per_second,lts__gcomp_output_sectors.sum,lts__gcomp_output_sectors.sum.pct_of_peak_sustained_elapsed,lts__gcomp_output_sectors.sum.per_second,lts__t_sector_hit_rate.pct,lts__t_sectors_srcunit_tex_aperture_peer_op_atom.sum,lts__t_sectors_srcunit_tex_aperture_peer_op_atom.sum.pct_of_peak_sustained_elapsed,lts__t_sectors_srcunit_tex_aperture_peer_op_atom.sum.per_second,lts__t_sectors_srcunit_tex_aperture_peer_op_read_lookup_miss.sum,lts__t_sectors_srcunit_tex_aperture_peer_op_read_lookup_miss.sum.pct_of_peak_sustained_elapsed,lts__t_sectors_srcunit_tex_aperture_peer_op_read_lookup_miss.sum.per_second,lts__t_sectors_srcunit_tex_aperture_peer_op_red.sum,lts__t_sectors_srcunit_tex_aperture_peer_op_red.sum.pct_of_peak_sustained_elapsed,lts__t_sectors_srcunit_tex_aperture_peer_op_red.sum.per_second,lts__t_sectors_srcunit_tex_aperture_peer_op_write.sum,lts__t_sectors_srcunit_tex_aperture_peer_op_write.sum.pct_of_peak_sustained_elapsed,lts__t_sectors_srcunit_tex_aperture_peer_op_write.sum.per_second,lts__t_sectors_srcunit_tex_aperture_sysmem_op_atom.sum,lts__t_sectors_srcunit_tex_aperture_sysmem_op_atom.sum.pct_of_peak_sustained_elapsed,lts__t_sectors_srcunit_tex_aperture_sysmem_op_atom.sum.per_second,lts__t_sectors_srcunit_tex_aperture_sysmem_op_read_lookup_miss.sum,lts__t_sectors_srcunit_tex_aperture_sysmem_op_read_lookup_miss.sum.pct_of_peak_sustained_elapsed,lts__t_sectors_srcunit_tex_aperture_sysmem_op_read_lookup_miss.sum.per_second,lts__t_sectors_srcunit_tex_aperture_sysmem_op_red.sum,lts__t_sectors_srcunit_tex_aperture_sysmem_op_red.sum.pct_of_peak_sustained_elapsed,lts__t_sectors_srcunit_tex_aperture_sysmem_op_red.sum.per_second,lts__t_sectors_srcunit_tex_aperture_sysmem_op_write.sum,lts__t_sectors_srcunit_tex_aperture_sysmem_op_write.sum.pct_of_peak_sustained_elapsed,lts__t_sectors_srcunit_tex_aperture_sysmem_op_write.sum.per_second,lts__t_sectors_srcunit_tex_op_read.avg.pct_of_peak_sustained_elapsed,lts__t_sectors_srcunit_tex_op_read.sum,lts__t_sectors_srcunit_tex_op_write.avg.pct_of_peak_sustained_elapsed,lts__t_sectors_srcunit_tex_op_write.sum,sm__icc_request_hit_rate.pct,sm__icc_requests.sum,sm__icc_requests.sum.pct_of_peak_sustained_elapsed,sm__sass_l1tex_m_xbar2l1tex_read_bytes_mem_global_op_ldgsts_cache_bypass.sum,sm__sass_l1tex_m_xbar2l1tex_read_bytes_mem_global_op_ldgsts_cache_bypass...","dram__bytes_read.sum,dram__bytes_read.sum.pct_of_peak_sustained_elapsed,dram__bytes_read.sum.per_second,dram__bytes_write.sum,dram__bytes_write.sum.pct_of_peak_sustained_elapsed,dram__bytes_write.sum.per_second,gcc__average_cache_request_hit_rate.pct,gcc__cache_requests_type_constant.sum,gcc__cache_requests_type_constant.sum.pct_of_peak_sustained_elapsed,gcc__cache_requests_type_instruction.sum,gcc__cache_requests_type_instruction.sum.pct_of_peak_sustained_elapsed,gcc__xbar2gcc_sectors.sum,gcc__xbar2gcc_sectors.sum.pct_of_peak_sustained_elapsed,idc__request_hit_rate.pct,idc__requests.sum,idc__requests.sum.pct_of_peak_sustained_elapsed,l1tex__data_pipe_lsu_wavefronts_mem_shared.sum.pct_of_peak_sustained_elapsed,l1tex__m_l1tex2xbar_write_bytes.sum,l1tex__m_l1tex2xbar_write_bytes.sum.pct_of_peak_sustained_elapsed,l1tex__m_l1tex2xbar_write_bytes.sum.per_second,l1tex__m_xbar2l1tex_read_bytes.sum,l1tex__m_xbar2l1tex_read_bytes.sum.pct_of_peak_sustained_elapsed,l1tex__m_xbar2l1tex_read_bytes.sum.per_second,l1tex__t_requests_pipe_lsu_mem_global_op_atom.sum,l1tex__t_requests_pipe_lsu_mem_global_op_atom.sum.pct_of_peak_sustained_elapsed,l1tex__t_requests_pipe_lsu_mem_global_op_ld.sum,l1tex__t_requests_pipe_lsu_mem_global_op_ld.sum.pct_of_peak_sustained_elapsed,l1tex__t_requests_pipe_lsu_mem_global_op_red.sum,l1tex__t_requests_pipe_lsu_mem_global_op_red.sum.pct_of_peak_sustained_elapsed,l1tex__t_requests_pipe_lsu_mem_global_op_st.sum,l1tex__t_requests_pipe_lsu_mem_global_op_st.sum.pct_of_peak_sustained_elapsed,l1tex__t_requests_pipe_lsu_mem_local_op_ld.sum,l1tex__t_requests_pipe_lsu_mem_local_op_ld.sum.pct_of_peak_sustained_elapsed,l1tex__t_requests_pipe_lsu_mem_local_op_st.sum,l1tex__t_requests_pipe_lsu_mem_local_op_st.sum.pct_of_peak_sustained_elapsed,l1tex__t_requests_pipe_tex_mem_surface_op_atom.sum,l1tex__t_requests_pipe_tex_mem_surface_op_atom.sum.pct_of_peak_sustained_elapsed,l1tex__t_requests_pipe_tex_mem_surface_op_ld.sum,l1tex__t_requests_pipe_tex_mem_surface_op_ld.sum.pct_of_peak_sustained_elapsed,l1tex__t_requests_pipe_tex_mem_surface_op_red.sum,l1tex__t_requests_pipe_tex_mem_surface_op_red.sum.pct_of_peak_sustained_elapsed,l1tex__t_requests_pipe_tex_mem_surface_op_st.sum,l1tex__t_requests_pipe_tex_mem_surface_op_st.sum.pct_of_peak_sustained_elapsed,l1tex__t_requests_pipe_tex_mem_texture.sum,l1tex__t_requests_pipe_tex_mem_texture.sum.pct_of_peak_sustained_elapsed,l1tex__t_sector_hit_rate.pct,lts__average_gcomp_input_sector_success_rate.pct,lts__average_gcomp_output_sector_compression_achieved_rate.ratio,lts__gcomp_input_sectors.sum,lts__gcomp_input_sectors.sum.pct_of_peak_sustained_elapsed,lts__gcomp_input_sectors.sum.per_second,lts__gcomp_output_sectors.sum,lts__gcomp_output_sectors.sum.pct_of_peak_sustained_elapsed,lts__gcomp_output_sectors.sum.per_second,lts__t_sector_hit_rate.pct,lts__t_sectors_srcunit_tex_aperture_peer_op_atom.sum,lts__t_sectors_srcunit_tex_aperture_peer_op_atom.sum.pct_of_peak_sustained_elapsed,lts__t_sectors_srcunit_tex_aperture_peer_op_atom.sum.per_second,lts__t_sectors_srcunit_tex_aperture_peer_op_read_lookup_miss.sum,lts__t_sectors_srcunit_tex_aperture_peer_op_read_lookup_miss.sum.pct_of_peak_sustained_elapsed,lts__t_sectors_srcunit_tex_aperture_peer_op_read_lookup_miss.sum.per_second,lts__t_sectors_srcunit_tex_aperture_peer_op_red.sum,lts__t_sectors_srcunit_tex_aperture_peer_op_red.sum.pct_of_peak_sustained_elapsed,lts__t_sectors_srcunit_tex_aperture_peer_op_red.sum.per_second,lts__t_sectors_srcunit_tex_aperture_peer_op_write.sum,lts__t_sectors_srcunit_tex_aperture_peer_op_write.sum.pct_of_peak_sustained_elapsed,lts__t_sectors_srcunit_tex_aperture_peer_op_write.sum.per_second,lts__t_sectors_srcunit_tex_aperture_sysmem_op_atom.sum,lts__t_sectors_srcunit_tex_aperture_sysmem_op_atom.sum.pct_of_peak_sustained_elapsed,lts__t_sectors_srcunit_tex_aperture_sysmem_op_atom.sum.per_second,lts__t_sectors_srcunit_tex_aperture_sysmem_op_read_lookup_miss.sum,lts__t_sectors_srcunit_tex_aperture_sysmem_op_read_lookup_miss.sum.pct_of_peak_sustained_elapsed,lts__t_sectors_srcunit_tex_aperture_sysmem_op_read_lookup_miss.sum.per_second,lts__t_sectors_srcunit_tex_aperture_sysmem_op_red.sum,lts__t_sectors_srcunit_tex_aperture_sysmem_op_red.sum.pct_of_peak_sustained_elapsed,lts__t_sectors_srcunit_tex_aperture_sysmem_op_red.sum.per_second,lts__t_sectors_srcunit_tex_aperture_sysmem_op_write.sum,lts__t_sectors_srcunit_tex_aperture_sysmem_op_write.sum.pct_of_peak_sustained_elapsed,lts__t_sectors_srcunit_tex_aperture_sysmem_op_write.sum.per_second,lts__t_sectors_srcunit_tex_op_read.avg.pct_of_peak_sustained_elapsed,lts__t_sectors_srcunit_tex_op_read.sum,lts__t_sectors_srcunit_tex_op_write.avg.pct_of_peak_sustained_elapsed,lts__t_sectors_srcunit_tex_op_write.sum,sm__icc_request_hit_rate.pct,sm__icc_requests.sum,sm__icc_requests.sum.pct_of_peak_sustained_elapsed,sm__sass_l1tex_m_xbar2l1tex_read_bytes_mem_global_op_ldgsts_cache_bypass.sum,sm__sass_l1tex_m_xbar2l1tex_read_bytes_mem_global_op_ldgsts_cache_bypass..."
group:memory__dram_table,"dram__bytes_read.sum,dram__bytes_read.sum.pct_of_peak_sustained_elapsed,dram__bytes_read.sum.per_second,dram__bytes_write.sum,dram__bytes_write.sum.pct_of_peak_sustained_elapsed,dram__bytes_write.sum.per_second,dram__sectors_read.sum,dram__sectors_write.sum","dram__bytes_read.sum,dram__bytes_read.sum.pct_of_peak_sustained_elapsed,dram__bytes_read.sum.per_second,dram__bytes_write.sum,dram__bytes_write.sum.pct_of_peak_sustained_elapsed,dram__bytes_write.sum.per_second,dram__sectors_read.sum,dram__sectors_write.sum","dram__bytes_read.sum,dram__bytes_read.sum.pct_of_peak_sustained_elapsed,dram__bytes_read.sum.per_second,dram__bytes_write.sum,dram__bytes_write.sum.pct_of_peak_sustained_elapsed,dram__bytes_write.sum.per_second,dram__sectors_read.sum,dram__sectors_write.sum","dram__bytes_read.sum,dram__bytes_read.sum.pct_of_peak_sustained_elapsed,dram__bytes_read.sum.per_second,dram__bytes_write.sum,dram__bytes_write.sum.pct_of_peak_sustained_elapsed,dram__bytes_write.sum.per_second,dram__sectors_read.sum,dram__sectors_write.sum"
group:memory__first_level_cache_table,"l1tex__lsu_writeback_active_mem_lg.sum,l1tex__lsu_writeback_active_mem_lg.sum.pct_of_peak_sustained_elapsed,l1tex__m_l1tex2xbar_write_sectors_mem_global_op_atom.sum,l1tex__m_l1tex2xbar_write_sectors_mem_global_op_atom.sum.pct_of_peak_sustained_elapsed,l1tex__m_l1tex2xbar_write_sectors_mem_global_op_red.sum,l1tex__m_l1tex2xbar_write_sectors_mem_global_op_red.sum.pct_of_peak_sustained_elapsed,l1tex__m_l1tex2xbar_write_sectors_mem_lg_op_st.sum,l1tex__m_l1tex2xbar_write_sectors_mem_lg_op_st.sum.pct_of_peak_sustained_elapsed,l1tex__m_l1tex2xbar_write_sectors_mem_surface_op_atom.sum,l1tex__m_l1tex2xbar_write_sectors_mem_surface_op_atom.sum.pct_of_peak_sustained_elapsed,l1tex__m_l1tex2xbar_write_sectors_mem_surface_op_red.sum,l1tex__m_l1tex2xbar_write_sectors_mem_surface_op_red.sum.pct_of_peak_sustained_elapsed,l1tex__m_l1tex2xbar_write_sectors_mem_surface_op_st.sum,l1tex__m_l1tex2xbar_write_sectors_mem_surface_op_st.sum.pct_of_peak_sustained_elapsed,l1tex__m_xbar2l1tex_read_sectors_mem_global_op_atom.sum,l1tex__m_xbar2l1tex_read_sectors_mem_global_op_atom.sum.pct_of_peak_sustained_elapsed,l1tex__m_xbar2l1tex_read_sectors_mem_lg_op_ld.sum,l1tex__m_xbar2l1tex_read_sectors_mem_lg_op_ld.sum.pct_of_peak_sustained_elapsed,l1tex__m_xbar2l1tex_read_sectors_mem_surface_op_atom.sum,l1tex__m_xbar2l1tex_read_sectors_mem_surface_op_atom.sum.pct_of_peak_sustained_elapsed,l1tex__m_xbar2l1tex_read_sectors_mem_surface_op_ld.sum,l1tex__m_xbar2l1tex_read_sectors_mem_surface_op_ld.sum.pct_of_peak_sustained_elapsed,l1tex__m_xbar2l1tex_read_sectors_mem_texture.sum,l1tex__m_xbar2l1tex_read_sectors_mem_texture.sum.pct_of_peak_sustained_elapsed,l1tex__t_output_wavefronts_pipe_lsu_mem_global_op_atom.sum,l1tex__t_output_wavefronts_pipe_lsu_mem_global_op_atom.sum.pct_of_peak_sustained_elapsed,l1tex__t_output_wavefronts_pipe_lsu_mem_global_op_ld.sum,l1tex__t_output_wavefronts_pipe_lsu_mem_global_op_ld.sum.pct_of_peak_sustained_elapsed,l1tex__t_output_wavefronts_pipe_lsu_mem_global_op_red.sum,l1tex__t_output_wavefronts_pipe_lsu_mem_global_op_red.sum.pct_of_peak_sustained_elapsed,l1tex__t_output_wavefronts_pipe_lsu_mem_global_op_st.sum,l1tex__t_output_wavefronts_pipe_lsu_mem_global_op_st.sum.pct_of_peak_sustained_elapsed,l1tex__t_output_wavefronts_pipe_lsu_mem_local_op_ld.sum,l1tex__t_output_wavefronts_pipe_lsu_mem_local_op_ld.sum.pct_of_peak_sustained_elapsed,l1tex__t_output_wavefronts_pipe_lsu_mem_local_op_st.sum,l1tex__t_output_wavefronts_pipe_lsu_mem_local_op_st.sum.pct_of_peak_sustained_elapsed,l1tex__t_output_wavefronts_pipe_tex_mem_surface_op_atom.sum,l1tex__t_output_wavefronts_pipe_tex_mem_surface_op_atom.sum.pct_of_peak_sustained_elapsed,l1tex__t_output_wavefronts_pipe_tex_mem_surface_op_ld.sum,l1tex__t_output_wavefronts_pipe_tex_mem_surface_op_ld.sum.pct_of_peak_sustained_elapsed,l1tex__t_output_wavefronts_pipe_tex_mem_surface_op_red.sum,l1tex__t_output_wavefronts_pipe_tex_mem_surface_op_red.sum.pct_of_peak_sustained_elapsed,l1tex__t_output_wavefronts_pipe_tex_mem_surface_op_st.sum,l1tex__t_output_wavefronts_pipe_tex_mem_surface_op_st.sum.pct_of_peak_sustained_elapsed,l1tex__t_output_wavefronts_pipe_tex_mem_texture.sum,l1tex__t_output_wavefronts_pipe_tex_mem_texture.sum.pct_of_peak_sustained_elapsed,l1tex__t_requests_pipe_lsu_mem_global_op_atom.sum,l1tex__t_requests_pipe_lsu_mem_global_op_atom.sum.pct_of_peak_sustained_elapsed,l1tex__t_requests_pipe_lsu_mem_global_op_ld.sum,l1tex__t_requests_pipe_lsu_mem_global_op_ld.sum.pct_of_peak_sustained_elapsed,l1tex__t_requests_pipe_lsu_mem_global_op_red.sum,l1tex__t_requests_pipe_lsu_mem_global_op_red.sum.pct_of_peak_sustained_elapsed,l1tex__t_requests_pipe_lsu_mem_global_op_st.sum,l1tex__t_requests_pipe_lsu_mem_global_op_st.sum.pct_of_peak_sustained_elapsed,l1tex__t_requests_pipe_lsu_mem_local_op_ld.sum,l1tex__t_requests_pipe_lsu_mem_local_op_ld.sum.pct_of_peak_sustained_elapsed,l1tex__t_requests_pipe_lsu_mem_local_op_st.sum,l1tex__t_requests_pipe_lsu_mem_local_op_st.sum.pct_of_peak_sustained_elapsed,l1tex__t_requests_pipe_tex_mem_surface_op_atom.sum,l1tex__t_requests_pipe_tex_mem_surface_op_atom.sum.pct_of_peak_sustained_elapsed,l1tex__t_requests_pipe_tex_mem_surface_op_ld.sum,l1tex__t_requests_pipe_tex_mem_surface_op_ld.sum.pct_of_peak_sustained_elapsed,l1tex__t_requests_pipe_tex_mem_surface_op_red.sum,l1tex__t_requests_pipe_tex_mem_surface_op_red.sum.pct_of_peak_sustained_elapsed,l1tex__t_requests_pipe_tex_mem_surface_op_st.sum,l1tex__t_requests_pipe_tex_mem_surface_op_st.sum.pct_of_peak_sustained_elapsed,l1tex__t_requests_pipe_tex_mem_texture.sum,l1tex__t_requests_pipe_tex_mem_texture.sum.pct_of_peak_sustained_elapsed,l1tex__t_sector_pipe_lsu_mem_global_op_atom_hit_rate.pct,l1tex__t_sector_pipe_lsu_mem_global_op_ld_hit_rate.pct,l1tex__t_sector_pipe_lsu_mem_global_op_red_hit_rate.pct,l1tex__t_sector_pipe_lsu_mem_global_op_st_hit_rate.pct,l1tex__t_sector_pipe_lsu_mem_local_op_ld_hit_rate.pct,l1tex__t_sector_pipe_lsu_mem_local_op_st_hit_rate.pct,l1tex__t_sector_pipe_tex_mem_surface_op_atom_...","l1tex__lsu_writeback_active_mem_lg.sum,l1tex__lsu_writeback_active_mem_lg.sum.pct_of_peak_sustained_elapsed,l1tex__m_l1tex2xbar_write_sectors_mem_global_op_atom.sum,l1tex__m_l1tex2xbar_write_sectors_mem_global_op_atom.sum.pct_of_peak_sustained_elapsed,l1tex__m_l1tex2xbar_write_sectors_mem_global_op_red.sum,l1tex__m_l1tex2xbar_write_sectors_mem_global_op_red.sum.pct_of_peak_sustained_elapsed,l1tex__m_l1tex2xbar_write_sectors_mem_lg_op_st.sum,l1tex__m_l1tex2xbar_write_sectors_mem_lg_op_st.sum.pct_of_peak_sustained_elapsed,l1tex__m_l1tex2xbar_write_sectors_mem_surface_op_atom.sum,l1tex__m_l1tex2xbar_write_sectors_mem_surface_op_atom.sum.pct_of_peak_sustained_elapsed,l1tex__m_l1tex2xbar_write_sectors_mem_surface_op_red.sum,l1tex__m_l1tex2xbar_write_sectors_mem_surface_op_red.sum.pct_of_peak_sustained_elapsed,l1tex__m_l1tex2xbar_write_sectors_mem_surface_op_st.sum,l1tex__m_l1tex2xbar_write_sectors_mem_surface_op_st.sum.pct_of_peak_sustained_elapsed,l1tex__m_xbar2l1tex_read_sectors_mem_global_op_atom.sum,l1tex__m_xbar2l1tex_read_sectors_mem_global_op_atom.sum.pct_of_peak_sustained_elapsed,l1tex__m_xbar2l1tex_read_sectors_mem_lg_op_ld.sum,l1tex__m_xbar2l1tex_read_sectors_mem_lg_op_ld.sum.pct_of_peak_sustained_elapsed,l1tex__m_xbar2l1tex_read_sectors_mem_surface_op_atom.sum,l1tex__m_xbar2l1tex_read_sectors_mem_surface_op_atom.sum.pct_of_peak_sustained_elapsed,l1tex__m_xbar2l1tex_read_sectors_mem_surface_op_ld.sum,l1tex__m_xbar2l1tex_read_sectors_mem_surface_op_ld.sum.pct_of_peak_sustained_elapsed,l1tex__m_xbar2l1tex_read_sectors_mem_texture.sum,l1tex__m_xbar2l1tex_read_sectors_mem_texture.sum.pct_of_peak_sustained_elapsed,l1tex__t_output_wavefronts_pipe_lsu_mem_global_op_atom.sum,l1tex__t_output_wavefronts_pipe_lsu_mem_global_op_atom.sum.pct_of_peak_sustained_elapsed,l1tex__t_output_wavefronts_pipe_lsu_mem_global_op_ld.sum,l1tex__t_output_wavefronts_pipe_lsu_mem_global_op_ld.sum.pct_of_peak_sustained_elapsed,l1tex__t_output_wavefronts_pipe_lsu_mem_global_op_red.sum,l1tex__t_output_wavefronts_pipe_lsu_mem_global_op_red.sum.pct_of_peak_sustained_elapsed,l1tex__t_output_wavefronts_pipe_lsu_mem_global_op_st.sum,l1tex__t_output_wavefronts_pipe_lsu_mem_global_op_st.sum.pct_of_peak_sustained_elapsed,l1tex__t_output_wavefronts_pipe_lsu_mem_local_op_ld.sum,l1tex__t_output_wavefronts_pipe_lsu_mem_local_op_ld.sum.pct_of_peak_sustained_elapsed,l1tex__t_output_wavefronts_pipe_lsu_mem_local_op_st.sum,l1tex__t_output_wavefronts_pipe_lsu_mem_local_op_st.sum.pct_of_peak_sustained_elapsed,l1tex__t_output_wavefronts_pipe_tex_mem_surface_op_atom.sum,l1tex__t_output_wavefronts_pipe_tex_mem_surface_op_atom.sum.pct_of_peak_sustained_elapsed,l1tex__t_output_wavefronts_pipe_tex_mem_surface_op_ld.sum,l1tex__t_output_wavefronts_pipe_tex_mem_surface_op_ld.sum.pct_of_peak_sustained_elapsed,l1tex__t_output_wavefronts_pipe_tex_mem_surface_op_red.sum,l1tex__t_output_wavefronts_pipe_tex_mem_surface_op_red.sum.pct_of_peak_sustained_elapsed,l1tex__t_output_wavefronts_pipe_tex_mem_surface_op_st.sum,l1tex__t_output_wavefronts_pipe_tex_mem_surface_op_st.sum.pct_of_peak_sustained_elapsed,l1tex__t_output_wavefronts_pipe_tex_mem_texture.sum,l1tex__t_output_wavefronts_pipe_tex_mem_texture.sum.pct_of_peak_sustained_elapsed,l1tex__t_requests_pipe_lsu_mem_global_op_atom.sum,l1tex__t_requests_pipe_lsu_mem_global_op_atom.sum.pct_of_peak_sustained_elapsed,l1tex__t_requests_pipe_lsu_mem_global_op_ld.sum,l1tex__t_requests_pipe_lsu_mem_global_op_ld.sum.pct_of_peak_sustained_elapsed,l1tex__t_requests_pipe_lsu_mem_global_op_red.sum,l1tex__t_requests_pipe_lsu_mem_global_op_red.sum.pct_of_peak_sustained_elapsed,l1tex__t_requests_pipe_lsu_mem_global_op_st.sum,l1tex__t_requests_pipe_lsu_mem_global_op_st.sum.pct_of_peak_sustained_elapsed,l1tex__t_requests_pipe_lsu_mem_local_op_ld.sum,l1tex__t_requests_pipe_lsu_mem_local_op_ld.sum.pct_of_peak_sustained_elapsed,l1tex__t_requests_pipe_lsu_mem_local_op_st.sum,l1tex__t_requests_pipe_lsu_mem_local_op_st.sum.pct_of_peak_sustained_elapsed,l1tex__t_requests_pipe_tex_mem_surface_op_atom.sum,l1tex__t_requests_pipe_tex_mem_surface_op_atom.sum.pct_of_peak_sustained_elapsed,l1tex__t_requests_pipe_tex_mem_surface_op_ld.sum,l1tex__t_requests_pipe_tex_mem_surface_op_ld.sum.pct_of_peak_sustained_elapsed,l1tex__t_requests_pipe_tex_mem_surface_op_red.sum,l1tex__t_requests_pipe_tex_mem_surface_op_red.sum.pct_of_peak_sustained_elapsed,l1tex__t_requests_pipe_tex_mem_surface_op_st.sum,l1tex__t_requests_pipe_tex_mem_surface_op_st.sum.pct_of_peak_sustained_elapsed,l1tex__t_requests_pipe_tex_mem_texture.sum,l1tex__t_requests_pipe_tex_mem_texture.sum.pct_of_peak_sustained_elapsed,l1tex__t_sector_pipe_lsu_mem_global_op_atom_hit_rate.pct,l1tex__t_sector_pipe_lsu_mem_global_op_ld_hit_rate.pct,l1tex__t_sector_pipe_lsu_mem_global_op_red_hit_rate.pct,l1tex__t_sector_pipe_lsu_mem_global_op_st_hit_rate.pct,l1tex__t_sector_pipe_lsu_mem_local_op_ld_hit_rate.pct,l1tex__t_sector_pipe_lsu_mem_local_op_st_hit_rate.pct,l1tex__t_sector_pipe_tex_mem_surface_op_atom_...","l1tex__lsu_writeback_active_mem_lg.sum,l1tex__lsu_writeback_active_mem_lg.sum.pct_of_peak_sustained_elapsed,l1tex__m_l1tex2xbar_write_sectors_mem_global_op_atom.sum,l1tex__m_l1tex2xbar_write_sectors_mem_global_op_atom.sum.pct_of_peak_sustained_elapsed,l1tex__m_l1tex2xbar_write_sectors_mem_global_op_red.sum,l1tex__m_l1tex2xbar_write_sectors_mem_global_op_red.sum.pct_of_peak_sustained_elapsed,l1tex__m_l1tex2xbar_write_sectors_mem_lg_op_st.sum,l1tex__m_l1tex2xbar_write_sectors_mem_lg_op_st.sum.pct_of_peak_sustained_elapsed,l1tex__m_l1tex2xbar_write_sectors_mem_surface_op_atom.sum,l1tex__m_l1tex2xbar_write_sectors_mem_surface_op_atom.sum.pct_of_peak_sustained_elapsed,l1tex__m_l1tex2xbar_write_sectors_mem_surface_op_red.sum,l1tex__m_l1tex2xbar_write_sectors_mem_surface_op_red.sum.pct_of_peak_sustained_elapsed,l1tex__m_l1tex2xbar_write_sectors_mem_surface_op_st.sum,l1tex__m_l1tex2xbar_write_sectors_mem_surface_op_st.sum.pct_of_peak_sustained_elapsed,l1tex__m_xbar2l1tex_read_sectors_mem_global_op_atom.sum,l1tex__m_xbar2l1tex_read_sectors_mem_global_op_atom.sum.pct_of_peak_sustained_elapsed,l1tex__m_xbar2l1tex_read_sectors_mem_lg_op_ld.sum,l1tex__m_xbar2l1tex_read_sectors_mem_lg_op_ld.sum.pct_of_peak_sustained_elapsed,l1tex__m_xbar2l1tex_read_sectors_mem_surface_op_atom.sum,l1tex__m_xbar2l1tex_read_sectors_mem_surface_op_atom.sum.pct_of_peak_sustained_elapsed,l1tex__m_xbar2l1tex_read_sectors_mem_surface_op_ld.sum,l1tex__m_xbar2l1tex_read_sectors_mem_surface_op_ld.sum.pct_of_peak_sustained_elapsed,l1tex__m_xbar2l1tex_read_sectors_mem_texture.sum,l1tex__m_xbar2l1tex_read_sectors_mem_texture.sum.pct_of_peak_sustained_elapsed,l1tex__t_output_wavefronts_pipe_lsu_mem_global_op_atom.sum,l1tex__t_output_wavefronts_pipe_lsu_mem_global_op_atom.sum.pct_of_peak_sustained_elapsed,l1tex__t_output_wavefronts_pipe_lsu_mem_global_op_ld.sum,l1tex__t_output_wavefronts_pipe_lsu_mem_global_op_ld.sum.pct_of_peak_sustained_elapsed,l1tex__t_output_wavefronts_pipe_lsu_mem_global_op_red.sum,l1tex__t_output_wavefronts_pipe_lsu_mem_global_op_red.sum.pct_of_peak_sustained_elapsed,l1tex__t_output_wavefronts_pipe_lsu_mem_global_op_st.sum,l1tex__t_output_wavefronts_pipe_lsu_mem_global_op_st.sum.pct_of_peak_sustained_elapsed,l1tex__t_output_wavefronts_pipe_lsu_mem_local_op_ld.sum,l1tex__t_output_wavefronts_pipe_lsu_mem_local_op_ld.sum.pct_of_peak_sustained_elapsed,l1tex__t_output_wavefronts_pipe_lsu_mem_local_op_st.sum,l1tex__t_output_wavefronts_pipe_lsu_mem_local_op_st.sum.pct_of_peak_sustained_elapsed,l1tex__t_output_wavefronts_pipe_tex_mem_surface_op_atom.sum,l1tex__t_output_wavefronts_pipe_tex_mem_surface_op_atom.sum.pct_of_peak_sustained_elapsed,l1tex__t_output_wavefronts_pipe_tex_mem_surface_op_ld.sum,l1tex__t_output_wavefronts_pipe_tex_mem_surface_op_ld.sum.pct_of_peak_sustained_elapsed,l1tex__t_output_wavefronts_pipe_tex_mem_surface_op_red.sum,l1tex__t_output_wavefronts_pipe_tex_mem_surface_op_red.sum.pct_of_peak_sustained_elapsed,l1tex__t_output_wavefronts_pipe_tex_mem_surface_op_st.sum,l1tex__t_output_wavefronts_pipe_tex_mem_surface_op_st.sum.pct_of_peak_sustained_elapsed,l1tex__t_output_wavefronts_pipe_tex_mem_texture.sum,l1tex__t_output_wavefronts_pipe_tex_mem_texture.sum.pct_of_peak_sustained_elapsed,l1tex__t_requests_pipe_lsu_mem_global_op_atom.sum,l1tex__t_requests_pipe_lsu_mem_global_op_atom.sum.pct_of_peak_sustained_elapsed,l1tex__t_requests_pipe_lsu_mem_global_op_ld.sum,l1tex__t_requests_pipe_lsu_mem_global_op_ld.sum.pct_of_peak_sustained_elapsed,l1tex__t_requests_pipe_lsu_mem_global_op_red.sum,l1tex__t_requests_pipe_lsu_mem_global_op_red.sum.pct_of_peak_sustained_elapsed,l1tex__t_requests_pipe_lsu_mem_global_op_st.sum,l1tex__t_requests_pipe_lsu_mem_global_op_st.sum.pct_of_peak_sustained_elapsed,l1tex__t_requests_pipe_lsu_mem_local_op_ld.sum,l1tex__t_requests_pipe_lsu_mem_local_op_ld.sum.pct_of_peak_sustained_elapsed,l1tex__t_requests_pipe_lsu_mem_local_op_st.sum,l1tex__t_requests_pipe_lsu_mem_local_op_st.sum.pct_of_peak_sustained_elapsed,l1tex__t_requests_pipe_tex_mem_surface_op_atom.sum,l1tex__t_requests_pipe_tex_mem_surface_op_atom.sum.pct_of_peak_sustained_elapsed,l1tex__t_requests_pipe_tex_mem_surface_op_ld.sum,l1tex__t_requests_pipe_tex_mem_surface_op_ld.sum.pct_of_peak_sustained_elapsed,l1tex__t_requests_pipe_tex_mem_surface_op_red.sum,l1tex__t_requests_pipe_tex_mem_surface_op_red.sum.pct_of_peak_sustained_elapsed,l1tex__t_requests_pipe_tex_mem_surface_op_st.sum,l1tex__t_requests_pipe_tex_mem_surface_op_st.sum.pct_of_peak_sustained_elapsed,l1tex__t_requests_pipe_tex_mem_texture.sum,l1tex__t_requests_pipe_tex_mem_texture.sum.pct_of_peak_sustained_elapsed,l1tex__t_sector_pipe_lsu_mem_global_op_atom_hit_rate.pct,l1tex__t_sector_pipe_lsu_mem_global_op_ld_hit_rate.pct,l1tex__t_sector_pipe_lsu_mem_global_op_red_hit_rate.pct,l1tex__t_sector_pipe_lsu_mem_global_op_st_hit_rate.pct,l1tex__t_sector_pipe_lsu_mem_local_op_ld_hit_rate.pct,l1tex__t_sector_pipe_lsu_mem_local_op_st_hit_rate.pct,l1tex__t_sector_pipe_tex_mem_surface_op_atom_...","l1tex__lsu_writeback_active_mem_lg.sum,l1tex__lsu_writeback_active_mem_lg.sum.pct_of_peak_sustained_elapsed,l1tex__m_l1tex2xbar_write_sectors_mem_global_op_atom.sum,l1tex__m_l1tex2xbar_write_sectors_mem_global_op_atom.sum.pct_of_peak_sustained_elapsed,l1tex__m_l1tex2xbar_write_sectors_mem_global_op_red.sum,l1tex__m_l1tex2xbar_write_sectors_mem_global_op_red.sum.pct_of_peak_sustained_elapsed,l1tex__m_l1tex2xbar_write_sectors_mem_lg_op_st.sum,l1tex__m_l1tex2xbar_write_sectors_mem_lg_op_st.sum.pct_of_peak_sustained_elapsed,l1tex__m_l1tex2xbar_write_sectors_mem_surface_op_atom.sum,l1tex__m_l1tex2xbar_write_sectors_mem_surface_op_atom.sum.pct_of_peak_sustained_elapsed,l1tex__m_l1tex2xbar_write_sectors_mem_surface_op_red.sum,l1tex__m_l1tex2xbar_write_sectors_mem_surface_op_red.sum.pct_of_peak_sustained_elapsed,l1tex__m_l1tex2xbar_write_sectors_mem_surface_op_st.sum,l1tex__m_l1tex2xbar_write_sectors_mem_surface_op_st.sum.pct_of_peak_sustained_elapsed,l1tex__m_xbar2l1tex_read_sectors_mem_global_op_atom.sum,l1tex__m_xbar2l1tex_read_sectors_mem_global_op_atom.sum.pct_of_peak_sustained_elapsed,l1tex__m_xbar2l1tex_read_sectors_mem_lg_op_ld.sum,l1tex__m_xbar2l1tex_read_sectors_mem_lg_op_ld.sum.pct_of_peak_sustained_elapsed,l1tex__m_xbar2l1tex_read_sectors_mem_surface_op_atom.sum,l1tex__m_xbar2l1tex_read_sectors_mem_surface_op_atom.sum.pct_of_peak_sustained_elapsed,l1tex__m_xbar2l1tex_read_sectors_mem_surface_op_ld.sum,l1tex__m_xbar2l1tex_read_sectors_mem_surface_op_ld.sum.pct_of_peak_sustained_elapsed,l1tex__m_xbar2l1tex_read_sectors_mem_texture.sum,l1tex__m_xbar2l1tex_read_sectors_mem_texture.sum.pct_of_peak_sustained_elapsed,l1tex__t_output_wavefronts_pipe_lsu_mem_global_op_atom.sum,l1tex__t_output_wavefronts_pipe_lsu_mem_global_op_atom.sum.pct_of_peak_sustained_elapsed,l1tex__t_output_wavefronts_pipe_lsu_mem_global_op_ld.sum,l1tex__t_output_wavefronts_pipe_lsu_mem_global_op_ld.sum.pct_of_peak_sustained_elapsed,l1tex__t_output_wavefronts_pipe_lsu_mem_global_op_red.sum,l1tex__t_output_wavefronts_pipe_lsu_mem_global_op_red.sum.pct_of_peak_sustained_elapsed,l1tex__t_output_wavefronts_pipe_lsu_mem_global_op_st.sum,l1tex__t_output_wavefronts_pipe_lsu_mem_global_op_st.sum.pct_of_peak_sustained_elapsed,l1tex__t_output_wavefronts_pipe_lsu_mem_local_op_ld.sum,l1tex__t_output_wavefronts_pipe_lsu_mem_local_op_ld.sum.pct_of_peak_sustained_elapsed,l1tex__t_output_wavefronts_pipe_lsu_mem_local_op_st.sum,l1tex__t_output_wavefronts_pipe_lsu_mem_local_op_st.sum.pct_of_peak_sustained_elapsed,l1tex__t_output_wavefronts_pipe_tex_mem_surface_op_atom.sum,l1tex__t_output_wavefronts_pipe_tex_mem_surface_op_atom.sum.pct_of_peak_sustained_elapsed,l1tex__t_output_wavefronts_pipe_tex_mem_surface_op_ld.sum,l1tex__t_output_wavefronts_pipe_tex_mem_surface_op_ld.sum.pct_of_peak_sustained_elapsed,l1tex__t_output_wavefronts_pipe_tex_mem_surface_op_red.sum,l1tex__t_output_wavefronts_pipe_tex_mem_surface_op_red.sum.pct_of_peak_sustained_elapsed,l1tex__t_output_wavefronts_pipe_tex_mem_surface_op_st.sum,l1tex__t_output_wavefronts_pipe_tex_mem_surface_op_st.sum.pct_of_peak_sustained_elapsed,l1tex__t_output_wavefronts_pipe_tex_mem_texture.sum,l1tex__t_output_wavefronts_pipe_tex_mem_texture.sum.pct_of_peak_sustained_elapsed,l1tex__t_requests_pipe_lsu_mem_global_op_atom.sum,l1tex__t_requests_pipe_lsu_mem_global_op_atom.sum.pct_of_peak_sustained_elapsed,l1tex__t_requests_pipe_lsu_mem_global_op_ld.sum,l1tex__t_requests_pipe_lsu_mem_global_op_ld.sum.pct_of_peak_sustained_elapsed,l1tex__t_requests_pipe_lsu_mem_global_op_red.sum,l1tex__t_requests_pipe_lsu_mem_global_op_red.sum.pct_of_peak_sustained_elapsed,l1tex__t_requests_pipe_lsu_mem_global_op_st.sum,l1tex__t_requests_pipe_lsu_mem_global_op_st.sum.pct_of_peak_sustained_elapsed,l1tex__t_requests_pipe_lsu_mem_local_op_ld.sum,l1tex__t_requests_pipe_lsu_mem_local_op_ld.sum.pct_of_peak_sustained_elapsed,l1tex__t_requests_pipe_lsu_mem_local_op_st.sum,l1tex__t_requests_pipe_lsu_mem_local_op_st.sum.pct_of_peak_sustained_elapsed,l1tex__t_requests_pipe_tex_mem_surface_op_atom.sum,l1tex__t_requests_pipe_tex_mem_surface_op_atom.sum.pct_of_peak_sustained_elapsed,l1tex__t_requests_pipe_tex_mem_surface_op_ld.sum,l1tex__t_requests_pipe_tex_mem_surface_op_ld.sum.pct_of_peak_sustained_elapsed,l1tex__t_requests_pipe_tex_mem_surface_op_red.sum,l1tex__t_requests_pipe_tex_mem_surface_op_red.sum.pct_of_peak_sustained_elapsed,l1tex__t_requests_pipe_tex_mem_surface_op_st.sum,l1tex__t_requests_pipe_tex_mem_surface_op_st.sum.pct_of_peak_sustained_elapsed,l1tex__t_requests_pipe_tex_mem_texture.sum,l1tex__t_requests_pipe_tex_mem_texture.sum.pct_of_peak_sustained_elapsed,l1tex__t_sector_pipe_lsu_mem_global_op_atom_hit_rate.pct,l1tex__t_sector_pipe_lsu_mem_global_op_ld_hit_rate.pct,l1tex__t_sector_pipe_lsu_mem_global_op_red_hit_rate.pct,l1tex__t_sector_pipe_lsu_mem_global_op_st_hit_rate.pct,l1tex__t_sector_pipe_lsu_mem_local_op_ld_hit_rate.pct,l1tex__t_sector_pipe_lsu_mem_local_op_st_hit_rate.pct,l1tex__t_sector_pipe_tex_mem_surface_op_atom_..."
group:memory__l2_cache_evict_policy_table,"lts__t_sectors_evict_first_lookup_hit.sum,lts__t_sectors_evict_first_lookup_miss.sum,lts__t_sectors_evict_last_lookup_hit.sum,lts__t_sectors_evict_last_lookup_miss.sum,lts__t_sectors_evict_normal_demote_lookup_hit.sum,lts__t_sectors_evict_normal_demote_lookup_miss.sum,lts__t_sectors_evict_normal_lookup_hit.sum,lts__t_sectors_evict_normal_lookup_miss.sum,lts__t_sectors_srcunit_tex_evict_first_lookup_hit.sum,lts__t_sectors_srcunit_tex_evict_first_lookup_miss.sum,lts__t_sectors_srcunit_tex_evict_last_lookup_hit.sum,lts__t_sectors_srcunit_tex_evict_last_lookup_miss.sum,lts__t_sectors_srcunit_tex_evict_normal_demote_lookup_hit.sum,lts__t_sectors_srcunit_tex_evict_normal_demote_lookup_miss.sum,lts__t_sectors_srcunit_tex_evict_normal_lookup_hit.sum,lts__t_sectors_srcunit_tex_evict_normal_lookup_miss.sum,lts__t_sectors_srcunit_tex_op_atom_evict_first_lookup_hit.sum,lts__t_sectors_srcunit_tex_op_atom_evict_first_lookup_miss.sum,lts__t_sectors_srcunit_tex_op_atom_evict_last_lookup_hit.sum,lts__t_sectors_srcunit_tex_op_atom_evict_last_lookup_miss.sum,lts__t_sectors_srcunit_tex_op_atom_evict_normal_lookup_hit.sum,lts__t_sectors_srcunit_tex_op_atom_evict_normal_lookup_miss.sum,lts__t_sectors_srcunit_tex_op_read_evict_first_lookup_hit.sum,lts__t_sectors_srcunit_tex_op_read_evict_first_lookup_miss.sum,lts__t_sectors_srcunit_tex_op_read_evict_last_lookup_hit.sum,lts__t_sectors_srcunit_tex_op_read_evict_last_lookup_miss.sum,lts__t_sectors_srcunit_tex_op_read_evict_normal_demote_lookup_hit.sum,lts__t_sectors_srcunit_tex_op_read_evict_normal_demote_lookup_miss.sum,lts__t_sectors_srcunit_tex_op_read_evict_normal_lookup_hit.sum,lts__t_sectors_srcunit_tex_op_read_evict_normal_lookup_miss.sum,lts__t_sectors_srcunit_tex_op_write_evict_first_lookup_hit.sum,lts__t_sectors_srcunit_tex_op_write_evict_first_lookup_miss.sum,lts__t_sectors_srcunit_tex_op_write_evict_last_lookup_hit.sum,lts__t_sectors_srcunit_tex_op_write_evict_last_lookup_miss.sum,lts__t_sectors_srcunit_tex_op_write_evict_normal_demote_lookup_hit.sum,lts__t_sectors_srcunit_tex_op_write_evict_normal_demote_lookup_miss.sum,lts__t_sectors_srcunit_tex_op_write_evict_normal_lookup_hit.sum,lts__t_sectors_srcunit_tex_op_write_evict_normal_lookup_miss.sum","lts__t_sectors_evict_first_lookup_hit.sum,lts__t_sectors_evict_first_lookup_miss.sum,lts__t_sectors_evict_last_lookup_hit.sum,lts__t_sectors_evict_last_lookup_miss.sum,lts__t_sectors_evict_normal_demote_lookup_hit.sum,lts__t_sectors_evict_normal_demote_lookup_miss.sum,lts__t_sectors_evict_normal_lookup_hit.sum,lts__t_sectors_evict_normal_lookup_miss.sum,lts__t_sectors_srcunit_tex_evict_first_lookup_hit.sum,lts__t_sectors_srcunit_tex_evict_first_lookup_miss.sum,lts__t_sectors_srcunit_tex_evict_last_lookup_hit.sum,lts__t_sectors_srcunit_tex_evict_last_lookup_miss.sum,lts__t_sectors_srcunit_tex_evict_normal_demote_lookup_hit.sum,lts__t_sectors_srcunit_tex_evict_normal_demote_lookup_miss.sum,lts__t_sectors_srcunit_tex_evict_normal_lookup_hit.sum,lts__t_sectors_srcunit_tex_evict_normal_lookup_miss.sum,lts__t_sectors_srcunit_tex_op_atom_evict_first_lookup_hit.sum,lts__t_sectors_srcunit_tex_op_atom_evict_first_lookup_miss.sum,lts__t_sectors_srcunit_tex_op_atom_evict_last_lookup_hit.sum,lts__t_sectors_srcunit_tex_op_atom_evict_last_lookup_miss.sum,lts__t_sectors_srcunit_tex_op_atom_evict_normal_lookup_hit.sum,lts__t_sectors_srcunit_tex_op_atom_evict_normal_lookup_miss.sum,lts__t_sectors_srcunit_tex_op_read_evict_first_lookup_hit.sum,lts__t_sectors_srcunit_tex_op_read_evict_first_lookup_miss.sum,lts__t_sectors_srcunit_tex_op_read_evict_last_lookup_hit.sum,lts__t_sectors_srcunit_tex_op_read_evict_last_lookup_miss.sum,lts__t_sectors_srcunit_tex_op_read_evict_normal_demote_lookup_hit.sum,lts__t_sectors_srcunit_tex_op_read_evict_normal_demote_lookup_miss.sum,lts__t_sectors_srcunit_tex_op_read_evict_normal_lookup_hit.sum,lts__t_sectors_srcunit_tex_op_read_evict_normal_lookup_miss.sum,lts__t_sectors_srcunit_tex_op_write_evict_first_lookup_hit.sum,lts__t_sectors_srcunit_tex_op_write_evict_first_lookup_miss.sum,lts__t_sectors_srcunit_tex_op_write_evict_last_lookup_hit.sum,lts__t_sectors_srcunit_tex_op_write_evict_last_lookup_miss.sum,lts__t_sectors_srcunit_tex_op_write_evict_normal_demote_lookup_hit.sum,lts__t_sectors_srcunit_tex_op_write_evict_normal_demote_lookup_miss.sum,lts__t_sectors_srcunit_tex_op_write_evict_normal_lookup_hit.sum,lts__t_sectors_srcunit_tex_op_write_evict_normal_lookup_miss.sum","lts__t_sectors_evict_first_lookup_hit.sum,lts__t_sectors_evict_first_lookup_miss.sum,lts__t_sectors_evict_last_lookup_hit.sum,lts__t_sectors_evict_last_lookup_miss.sum,lts__t_sectors_evict_normal_demote_lookup_hit.sum,lts__t_sectors_evict_normal_demote_lookup_miss.sum,lts__t_sectors_evict_normal_lookup_hit.sum,lts__t_sectors_evict_normal_lookup_miss.sum,lts__t_sectors_srcunit_tex_evict_first_lookup_hit.sum,lts__t_sectors_srcunit_tex_evict_first_lookup_miss.sum,lts__t_sectors_srcunit_tex_evict_last_lookup_hit.sum,lts__t_sectors_srcunit_tex_evict_last_lookup_miss.sum,lts__t_sectors_srcunit_tex_evict_normal_demote_lookup_hit.sum,lts__t_sectors_srcunit_tex_evict_normal_demote_lookup_miss.sum,lts__t_sectors_srcunit_tex_evict_normal_lookup_hit.sum,lts__t_sectors_srcunit_tex_evict_normal_lookup_miss.sum,lts__t_sectors_srcunit_tex_op_atom_evict_first_lookup_hit.sum,lts__t_sectors_srcunit_tex_op_atom_evict_first_lookup_miss.sum,lts__t_sectors_srcunit_tex_op_atom_evict_last_lookup_hit.sum,lts__t_sectors_srcunit_tex_op_atom_evict_last_lookup_miss.sum,lts__t_sectors_srcunit_tex_op_atom_evict_normal_lookup_hit.sum,lts__t_sectors_srcunit_tex_op_atom_evict_normal_lookup_miss.sum,lts__t_sectors_srcunit_tex_op_read_evict_first_lookup_hit.sum,lts__t_sectors_srcunit_tex_op_read_evict_first_lookup_miss.sum,lts__t_sectors_srcunit_tex_op_read_evict_last_lookup_hit.sum,lts__t_sectors_srcunit_tex_op_read_evict_last_lookup_miss.sum,lts__t_sectors_srcunit_tex_op_read_evict_normal_demote_lookup_hit.sum,lts__t_sectors_srcunit_tex_op_read_evict_normal_demote_lookup_miss.sum,lts__t_sectors_srcunit_tex_op_read_evict_normal_lookup_hit.sum,lts__t_sectors_srcunit_tex_op_read_evict_normal_lookup_miss.sum,lts__t_sectors_srcunit_tex_op_write_evict_first_lookup_hit.sum,lts__t_sectors_srcunit_tex_op_write_evict_first_lookup_miss.sum,lts__t_sectors_srcunit_tex_op_write_evict_last_lookup_hit.sum,lts__t_sectors_srcunit_tex_op_write_evict_last_lookup_miss.sum,lts__t_sectors_srcunit_tex_op_write_evict_normal_demote_lookup_hit.sum,lts__t_sectors_srcunit_tex_op_write_evict_normal_demote_lookup_miss.sum,lts__t_sectors_srcunit_tex_op_write_evict_normal_lookup_hit.sum,lts__t_sectors_srcunit_tex_op_write_evict_normal_lookup_miss.sum","lts__t_sectors_evict_first_lookup_hit.sum,lts__t_sectors_evict_first_lookup_miss.sum,lts__t_sectors_evict_last_lookup_hit.sum,lts__t_sectors_evict_last_lookup_miss.sum,lts__t_sectors_evict_normal_demote_lookup_hit.sum,lts__t_sectors_evict_normal_demote_lookup_miss.sum,lts__t_sectors_evict_normal_lookup_hit.sum,lts__t_sectors_evict_normal_lookup_miss.sum,lts__t_sectors_srcunit_tex_evict_first_lookup_hit.sum,lts__t_sectors_srcunit_tex_evict_first_lookup_miss.sum,lts__t_sectors_srcunit_tex_evict_last_lookup_hit.sum,lts__t_sectors_srcunit_tex_evict_last_lookup_miss.sum,lts__t_sectors_srcunit_tex_evict_normal_demote_lookup_hit.sum,lts__t_sectors_srcunit_tex_evict_normal_demote_lookup_miss.sum,lts__t_sectors_srcunit_tex_evict_normal_lookup_hit.sum,lts__t_sectors_srcunit_tex_evict_normal_lookup_miss.sum,lts__t_sectors_srcunit_tex_op_atom_evict_first_lookup_hit.sum,lts__t_sectors_srcunit_tex_op_atom_evict_first_lookup_miss.sum,lts__t_sectors_srcunit_tex_op_atom_evict_last_lookup_hit.sum,lts__t_sectors_srcunit_tex_op_atom_evict_last_lookup_miss.sum,lts__t_sectors_srcunit_tex_op_atom_evict_normal_lookup_hit.sum,lts__t_sectors_srcunit_tex_op_atom_evict_normal_lookup_miss.sum,lts__t_sectors_srcunit_tex_op_read_evict_first_lookup_hit.sum,lts__t_sectors_srcunit_tex_op_read_evict_first_lookup_miss.sum,lts__t_sectors_srcunit_tex_op_read_evict_last_lookup_hit.sum,lts__t_sectors_srcunit_tex_op_read_evict_last_lookup_miss.sum,lts__t_sectors_srcunit_tex_op_read_evict_normal_demote_lookup_hit.sum,lts__t_sectors_srcunit_tex_op_read_evict_normal_demote_lookup_miss.sum,lts__t_sectors_srcunit_tex_op_read_evict_normal_lookup_hit.sum,lts__t_sectors_srcunit_tex_op_read_evict_normal_lookup_miss.sum,lts__t_sectors_srcunit_tex_op_write_evict_first_lookup_hit.sum,lts__t_sectors_srcunit_tex_op_write_evict_first_lookup_miss.sum,lts__t_sectors_srcunit_tex_op_write_evict_last_lookup_hit.sum,lts__t_sectors_srcunit_tex_op_write_evict_last_lookup_miss.sum,lts__t_sectors_srcunit_tex_op_write_evict_normal_demote_lookup_hit.sum,lts__t_sectors_srcunit_tex_op_write_evict_normal_demote_lookup_miss.sum,lts__t_sectors_srcunit_tex_op_write_evict_normal_lookup_hit.sum,lts__t_sectors_srcunit_tex_op_write_evict_normal_lookup_miss.sum"
group:memory__l2_cache_table,"lts__t_requests.sum,lts__t_requests_srcunit_gcc.sum,lts__t_requests_srcunit_tex.sum,lts__t_requests_srcunit_tex_op_atom_dot_alu.sum,lts__t_requests_srcunit_tex_op_atom_dot_cas.sum,lts__t_requests_srcunit_tex_op_read.sum,lts__t_requests_srcunit_tex_op_red.sum,lts__t_requests_srcunit_tex_op_write.sum,lts__t_sectors.avg.pct_of_peak_sustained_elapsed,lts__t_sectors.avg.peak_sustained,lts__t_sectors.avg.per_cycle_elapsed,lts__t_sectors.sum,lts__t_sectors.sum.per_second,lts__t_sectors_aperture_device_lookup_miss.sum,lts__t_sectors_aperture_peer_lookup_miss.sum,lts__t_sectors_aperture_sysmem_lookup_miss.sum,lts__t_sectors_data_ecc.avg.pct_of_peak_sustained_elapsed,lts__t_sectors_data_ecc.avg.peak_sustained,lts__t_sectors_data_ecc.avg.per_cycle_elapsed,lts__t_sectors_data_ecc.sum,lts__t_sectors_data_ecc.sum.per_second,lts__t_sectors_lookup_hit.sum,lts__t_sectors_lookup_miss.sum,lts__t_sectors_srcunit_gcc.avg.pct_of_peak_sustained_elapsed,lts__t_sectors_srcunit_gcc.avg.peak_sustained,lts__t_sectors_srcunit_gcc.avg.per_cycle_elapsed,lts__t_sectors_srcunit_gcc.sum,lts__t_sectors_srcunit_gcc.sum.per_second,lts__t_sectors_srcunit_gcc_aperture_device_lookup_miss.sum,lts__t_sectors_srcunit_gcc_aperture_peer_lookup_miss.sum,lts__t_sectors_srcunit_gcc_aperture_sysmem_lookup_miss.sum,lts__t_sectors_srcunit_gcc_lookup_hit.sum,lts__t_sectors_srcunit_gcc_lookup_miss.sum,lts__t_sectors_srcunit_tex.avg.pct_of_peak_sustained_elapsed,lts__t_sectors_srcunit_tex.avg.peak_sustained,lts__t_sectors_srcunit_tex.avg.per_cycle_elapsed,lts__t_sectors_srcunit_tex.sum,lts__t_sectors_srcunit_tex.sum.pct_of_peak_sustained_elapsed,lts__t_sectors_srcunit_tex.sum.per_second,lts__t_sectors_srcunit_tex_aperture_device_lookup_miss.sum,lts__t_sectors_srcunit_tex_aperture_device_op_atom_dot_alu_lookup_miss.sum,lts__t_sectors_srcunit_tex_aperture_device_op_atom_dot_cas_lookup_miss.sum,lts__t_sectors_srcunit_tex_aperture_device_op_read_lookup_miss.sum,lts__t_sectors_srcunit_tex_aperture_device_op_red_lookup_miss.sum,lts__t_sectors_srcunit_tex_aperture_device_op_write_lookup_miss.sum,lts__t_sectors_srcunit_tex_aperture_peer_lookup_miss.sum,lts__t_sectors_srcunit_tex_aperture_peer_op_atom_dot_alu_lookup_miss.sum,lts__t_sectors_srcunit_tex_aperture_peer_op_atom_dot_cas_lookup_miss.sum,lts__t_sectors_srcunit_tex_aperture_peer_op_read_lookup_miss.sum,lts__t_sectors_srcunit_tex_aperture_peer_op_red_lookup_miss.sum,lts__t_sectors_srcunit_tex_aperture_peer_op_write_lookup_miss.sum,lts__t_sectors_srcunit_tex_aperture_sysmem_lookup_miss.sum,lts__t_sectors_srcunit_tex_aperture_sysmem_op_atom_dot_alu_lookup_miss.sum,lts__t_sectors_srcunit_tex_aperture_sysmem_op_atom_dot_cas_lookup_miss.sum,lts__t_sectors_srcunit_tex_aperture_sysmem_op_read_lookup_miss.sum,lts__t_sectors_srcunit_tex_aperture_sysmem_op_red_lookup_miss.sum,lts__t_sectors_srcunit_tex_aperture_sysmem_op_write_lookup_miss.sum,lts__t_sectors_srcunit_tex_lookup_hit.sum,lts__t_sectors_srcunit_tex_lookup_miss.sum,lts__t_sectors_srcunit_tex_op_atom_dot_alu.avg.pct_of_peak_sustained_elapsed,lts__t_sectors_srcunit_tex_op_atom_dot_alu.avg.peak_sustained,lts__t_sectors_srcunit_tex_op_atom_dot_alu.avg.per_cycle_elapsed,lts__t_sectors_srcunit_tex_op_atom_dot_alu.sum,lts__t_sectors_srcunit_tex_op_atom_dot_alu.sum.per_second,lts__t_sectors_srcunit_tex_op_atom_dot_alu_lookup_hit.sum,lts__t_sectors_srcunit_tex_op_atom_dot_alu_lookup_miss.sum,lts__t_sectors_srcunit_tex_op_atom_dot_cas.avg.pct_of_peak_sustained_elapsed,lts__t_sectors_srcunit_tex_op_atom_dot_cas.avg.peak_sustained,lts__t_sectors_srcunit_tex_op_atom_dot_cas.avg.per_cycle_elapsed,lts__t_sectors_srcunit_tex_op_atom_dot_cas.sum,lts__t_sectors_srcunit_tex_op_atom_dot_cas.sum.per_second,lts__t_sectors_srcunit_tex_op_atom_dot_cas_lookup_hit.sum,lts__t_sectors_srcunit_tex_op_atom_dot_cas_lookup_miss.sum,lts__t_sectors_srcunit_tex_op_read.avg.pct_of_peak_sustained_elapsed,lts__t_sectors_srcunit_tex_op_read.avg.peak_sustained,lts__t_sectors_srcunit_tex_op_read.avg.per_cycle_elapsed,lts__t_sectors_srcunit_tex_op_read.sum,lts__t_sectors_srcunit_tex_op_read.sum.per_second,lts__t_sectors_srcunit_tex_op_read_lookup_hit.sum,lts__t_sectors_srcunit_tex_op_read_lookup_miss.sum,lts__t_sectors_srcunit_tex_op_red.avg.pct_of_peak_sustained_elapsed,lts__t_sectors_srcunit_tex_op_red.avg.peak_sustained,lts__t_sectors_srcunit_tex_op_red.avg.per_cycle_elapsed,lts__t_sectors_srcunit_tex_op_red.sum,lts__t_sectors_srcunit_tex_op_red.sum.per_second,lts__t_sectors_srcunit_tex_op_red_lookup_hit.sum,lts__t_sectors_srcunit_tex_op_red_lookup_miss.sum,lts__t_sectors_srcunit_tex_op_write.avg.pct_of_peak_sustained_elapsed,lts__t_sectors_srcunit_tex_op_write.avg.peak_sustained,lts__t_sectors_srcunit_tex_op_write.avg.per_cycle_elapsed,lts__t_sectors_srcunit_tex_op_write.sum,lts__t_sectors_srcunit_tex_op_write.sum.per_second,lts__t_sectors_srcunit_tex_op_write_lookup_hit.sum,lts__t_sectors_srcunit_tex_op_write_lookup_miss.sum","lts__t_requests.sum,lts__t_requests_srcunit_gcc.sum,lts__t_requests_srcunit_tex.sum,lts__t_requests_srcunit_tex_op_atom_dot_alu.sum,lts__t_requests_srcunit_tex_op_atom_dot_cas.sum,lts__t_requests_srcunit_tex_op_read.sum,lts__t_requests_srcunit_tex_op_red.sum,lts__t_requests_srcunit_tex_op_write.sum,lts__t_sectors.avg.pct_of_peak_sustained_elapsed,lts__t_sectors.avg.peak_sustained,lts__t_sectors.avg.per_cycle_elapsed,lts__t_sectors.sum,lts__t_sectors.sum.per_second,lts__t_sectors_aperture_device_lookup_miss.sum,lts__t_sectors_aperture_peer_lookup_miss.sum,lts__t_sectors_aperture_sysmem_lookup_miss.sum,lts__t_sectors_data_ecc.avg.pct_of_peak_sustained_elapsed,lts__t_sectors_data_ecc.avg.peak_sustained,lts__t_sectors_data_ecc.avg.per_cycle_elapsed,lts__t_sectors_data_ecc.sum,lts__t_sectors_data_ecc.sum.per_second,lts__t_sectors_lookup_hit.sum,lts__t_sectors_lookup_miss.sum,lts__t_sectors_srcunit_gcc.avg.pct_of_peak_sustained_elapsed,lts__t_sectors_srcunit_gcc.avg.peak_sustained,lts__t_sectors_srcunit_gcc.avg.per_cycle_elapsed,lts__t_sectors_srcunit_gcc.sum,lts__t_sectors_srcunit_gcc.sum.per_second,lts__t_sectors_srcunit_gcc_aperture_device_lookup_miss.sum,lts__t_sectors_srcunit_gcc_aperture_peer_lookup_miss.sum,lts__t_sectors_srcunit_gcc_aperture_sysmem_lookup_miss.sum,lts__t_sectors_srcunit_gcc_lookup_hit.sum,lts__t_sectors_srcunit_gcc_lookup_miss.sum,lts__t_sectors_srcunit_tex.avg.pct_of_peak_sustained_elapsed,lts__t_sectors_srcunit_tex.avg.peak_sustained,lts__t_sectors_srcunit_tex.avg.per_cycle_elapsed,lts__t_sectors_srcunit_tex.sum,lts__t_sectors_srcunit_tex.sum.pct_of_peak_sustained_elapsed,lts__t_sectors_srcunit_tex.sum.per_second,lts__t_sectors_srcunit_tex_aperture_device_lookup_miss.sum,lts__t_sectors_srcunit_tex_aperture_device_op_atom_dot_alu_lookup_miss.sum,lts__t_sectors_srcunit_tex_aperture_device_op_atom_dot_cas_lookup_miss.sum,lts__t_sectors_srcunit_tex_aperture_device_op_read_lookup_miss.sum,lts__t_sectors_srcunit_tex_aperture_device_op_red_lookup_miss.sum,lts__t_sectors_srcunit_tex_aperture_device_op_write_lookup_miss.sum,lts__t_sectors_srcunit_tex_aperture_peer_lookup_miss.sum,lts__t_sectors_srcunit_tex_aperture_peer_op_atom_dot_alu_lookup_miss.sum,lts__t_sectors_srcunit_tex_aperture_peer_op_atom_dot_cas_lookup_miss.sum,lts__t_sectors_srcunit_tex_aperture_peer_op_read_lookup_miss.sum,lts__t_sectors_srcunit_tex_aperture_peer_op_red_lookup_miss.sum,lts__t_sectors_srcunit_tex_aperture_peer_op_write_lookup_miss.sum,lts__t_sectors_srcunit_tex_aperture_sysmem_lookup_miss.sum,lts__t_sectors_srcunit_tex_aperture_sysmem_op_atom_dot_alu_lookup_miss.sum,lts__t_sectors_srcunit_tex_aperture_sysmem_op_atom_dot_cas_lookup_miss.sum,lts__t_sectors_srcunit_tex_aperture_sysmem_op_read_lookup_miss.sum,lts__t_sectors_srcunit_tex_aperture_sysmem_op_red_lookup_miss.sum,lts__t_sectors_srcunit_tex_aperture_sysmem_op_write_lookup_miss.sum,lts__t_sectors_srcunit_tex_lookup_hit.sum,lts__t_sectors_srcunit_tex_lookup_miss.sum,lts__t_sectors_srcunit_tex_op_atom_dot_alu.avg.pct_of_peak_sustained_elapsed,lts__t_sectors_srcunit_tex_op_atom_dot_alu.avg.peak_sustained,lts__t_sectors_srcunit_tex_op_atom_dot_alu.avg.per_cycle_elapsed,lts__t_sectors_srcunit_tex_op_atom_dot_alu.sum,lts__t_sectors_srcunit_tex_op_atom_dot_alu.sum.per_second,lts__t_sectors_srcunit_tex_op_atom_dot_alu_lookup_hit.sum,lts__t_sectors_srcunit_tex_op_atom_dot_alu_lookup_miss.sum,lts__t_sectors_srcunit_tex_op_atom_dot_cas.avg.pct_of_peak_sustained_elapsed,lts__t_sectors_srcunit_tex_op_atom_dot_cas.avg.peak_sustained,lts__t_sectors_srcunit_tex_op_atom_dot_cas.avg.per_cycle_elapsed,lts__t_sectors_srcunit_tex_op_atom_dot_cas.sum,lts__t_sectors_srcunit_tex_op_atom_dot_cas.sum.per_second,lts__t_sectors_srcunit_tex_op_atom_dot_cas_lookup_hit.sum,lts__t_sectors_srcunit_tex_op_atom_dot_cas_lookup_miss.sum,lts__t_sectors_srcunit_tex_op_read.avg.pct_of_peak_sustained_elapsed,lts__t_sectors_srcunit_tex_op_read.avg.peak_sustained,lts__t_sectors_srcunit_tex_op_read.avg.per_cycle_elapsed,lts__t_sectors_srcunit_tex_op_read.sum,lts__t_sectors_srcunit_tex_op_read.sum.per_second,lts__t_sectors_srcunit_tex_op_read_lookup_hit.sum,lts__t_sectors_srcunit_tex_op_read_lookup_miss.sum,lts__t_sectors_srcunit_tex_op_red.avg.pct_of_peak_sustained_elapsed,lts__t_sectors_srcunit_tex_op_red.avg.peak_sustained,lts__t_sectors_srcunit_tex_op_red.avg.per_cycle_elapsed,lts__t_sectors_srcunit_tex_op_red.sum,lts__t_sectors_srcunit_tex_op_red.sum.per_second,lts__t_sectors_srcunit_tex_op_red_lookup_hit.sum,lts__t_sectors_srcunit_tex_op_red_lookup_miss.sum,lts__t_sectors_srcunit_tex_op_write.avg.pct_of_peak_sustained_elapsed,lts__t_sectors_srcunit_tex_op_write.avg.peak_sustained,lts__t_sectors_srcunit_tex_op_write.avg.per_cycle_elapsed,lts__t_sectors_srcunit_tex_op_write.sum,lts__t_sectors_srcunit_tex_op_write.sum.per_second,lts__t_sectors_srcunit_tex_op_write_lookup_hit.sum,lts__t_sectors_srcunit_tex_op_write_lookup_miss.sum","lts__t_requests.sum,lts__t_requests_srcunit_gcc.sum,lts__t_requests_srcunit_tex.sum,lts__t_requests_srcunit_tex_op_atom_dot_alu.sum,lts__t_requests_srcunit_tex_op_atom_dot_cas.sum,lts__t_requests_srcunit_tex_op_read.sum,lts__t_requests_srcunit_tex_op_red.sum,lts__t_requests_srcunit_tex_op_write.sum,lts__t_sectors.avg.pct_of_peak_sustained_elapsed,lts__t_sectors.avg.peak_sustained,lts__t_sectors.avg.per_cycle_elapsed,lts__t_sectors.sum,lts__t_sectors.sum.per_second,lts__t_sectors_aperture_device_lookup_miss.sum,lts__t_sectors_aperture_peer_lookup_miss.sum,lts__t_sectors_aperture_sysmem_lookup_miss.sum,lts__t_sectors_data_ecc.avg.pct_of_peak_sustained_elapsed,lts__t_sectors_data_ecc.avg.peak_sustained,lts__t_sectors_data_ecc.avg.per_cycle_elapsed,lts__t_sectors_data_ecc.sum,lts__t_sectors_data_ecc.sum.per_second,lts__t_sectors_lookup_hit.sum,lts__t_sectors_lookup_miss.sum,lts__t_sectors_srcunit_gcc.avg.pct_of_peak_sustained_elapsed,lts__t_sectors_srcunit_gcc.avg.peak_sustained,lts__t_sectors_srcunit_gcc.avg.per_cycle_elapsed,lts__t_sectors_srcunit_gcc.sum,lts__t_sectors_srcunit_gcc.sum.per_second,lts__t_sectors_srcunit_gcc_aperture_device_lookup_miss.sum,lts__t_sectors_srcunit_gcc_aperture_peer_lookup_miss.sum,lts__t_sectors_srcunit_gcc_aperture_sysmem_lookup_miss.sum,lts__t_sectors_srcunit_gcc_lookup_hit.sum,lts__t_sectors_srcunit_gcc_lookup_miss.sum,lts__t_sectors_srcunit_tex.avg.pct_of_peak_sustained_elapsed,lts__t_sectors_srcunit_tex.avg.peak_sustained,lts__t_sectors_srcunit_tex.avg.per_cycle_elapsed,lts__t_sectors_srcunit_tex.sum,lts__t_sectors_srcunit_tex.sum.pct_of_peak_sustained_elapsed,lts__t_sectors_srcunit_tex.sum.per_second,lts__t_sectors_srcunit_tex_aperture_device_lookup_miss.sum,lts__t_sectors_srcunit_tex_aperture_device_op_atom_dot_alu_lookup_miss.sum,lts__t_sectors_srcunit_tex_aperture_device_op_atom_dot_cas_lookup_miss.sum,lts__t_sectors_srcunit_tex_aperture_device_op_read_lookup_miss.sum,lts__t_sectors_srcunit_tex_aperture_device_op_red_lookup_miss.sum,lts__t_sectors_srcunit_tex_aperture_device_op_write_lookup_miss.sum,lts__t_sectors_srcunit_tex_aperture_peer_lookup_miss.sum,lts__t_sectors_srcunit_tex_aperture_peer_op_atom_dot_alu_lookup_miss.sum,lts__t_sectors_srcunit_tex_aperture_peer_op_atom_dot_cas_lookup_miss.sum,lts__t_sectors_srcunit_tex_aperture_peer_op_read_lookup_miss.sum,lts__t_sectors_srcunit_tex_aperture_peer_op_red_lookup_miss.sum,lts__t_sectors_srcunit_tex_aperture_peer_op_write_lookup_miss.sum,lts__t_sectors_srcunit_tex_aperture_sysmem_lookup_miss.sum,lts__t_sectors_srcunit_tex_aperture_sysmem_op_atom_dot_alu_lookup_miss.sum,lts__t_sectors_srcunit_tex_aperture_sysmem_op_atom_dot_cas_lookup_miss.sum,lts__t_sectors_srcunit_tex_aperture_sysmem_op_read_lookup_miss.sum,lts__t_sectors_srcunit_tex_aperture_sysmem_op_red_lookup_miss.sum,lts__t_sectors_srcunit_tex_aperture_sysmem_op_write_lookup_miss.sum,lts__t_sectors_srcunit_tex_lookup_hit.sum,lts__t_sectors_srcunit_tex_lookup_miss.sum,lts__t_sectors_srcunit_tex_op_atom_dot_alu.avg.pct_of_peak_sustained_elapsed,lts__t_sectors_srcunit_tex_op_atom_dot_alu.avg.peak_sustained,lts__t_sectors_srcunit_tex_op_atom_dot_alu.avg.per_cycle_elapsed,lts__t_sectors_srcunit_tex_op_atom_dot_alu.sum,lts__t_sectors_srcunit_tex_op_atom_dot_alu.sum.per_second,lts__t_sectors_srcunit_tex_op_atom_dot_alu_lookup_hit.sum,lts__t_sectors_srcunit_tex_op_atom_dot_alu_lookup_miss.sum,lts__t_sectors_srcunit_tex_op_atom_dot_cas.avg.pct_of_peak_sustained_elapsed,lts__t_sectors_srcunit_tex_op_atom_dot_cas.avg.peak_sustained,lts__t_sectors_srcunit_tex_op_atom_dot_cas.avg.per_cycle_elapsed,lts__t_sectors_srcunit_tex_op_atom_dot_cas.sum,lts__t_sectors_srcunit_tex_op_atom_dot_cas.sum.per_second,lts__t_sectors_srcunit_tex_op_atom_dot_cas_lookup_hit.sum,lts__t_sectors_srcunit_tex_op_atom_dot_cas_lookup_miss.sum,lts__t_sectors_srcunit_tex_op_read.avg.pct_of_peak_sustained_elapsed,lts__t_sectors_srcunit_tex_op_read.avg.peak_sustained,lts__t_sectors_srcunit_tex_op_read.avg.per_cycle_elapsed,lts__t_sectors_srcunit_tex_op_read.sum,lts__t_sectors_srcunit_tex_op_read.sum.per_second,lts__t_sectors_srcunit_tex_op_read_lookup_hit.sum,lts__t_sectors_srcunit_tex_op_read_lookup_miss.sum,lts__t_sectors_srcunit_tex_op_red.avg.pct_of_peak_sustained_elapsed,lts__t_sectors_srcunit_tex_op_red.avg.peak_sustained,lts__t_sectors_srcunit_tex_op_red.avg.per_cycle_elapsed,lts__t_sectors_srcunit_tex_op_red.sum,lts__t_sectors_srcunit_tex_op_red.sum.per_second,lts__t_sectors_srcunit_tex_op_red_lookup_hit.sum,lts__t_sectors_srcunit_tex_op_red_lookup_miss.sum,lts__t_sectors_srcunit_tex_op_write.avg.pct_of_peak_sustained_elapsed,lts__t_sectors_srcunit_tex_op_write.avg.peak_sustained,lts__t_sectors_srcunit_tex_op_write.avg.per_cycle_elapsed,lts__t_sectors_srcunit_tex_op_write.sum,lts__t_sectors_srcunit_tex_op_write.sum.per_second,lts__t_sectors_srcunit_tex_op_write_lookup_hit.sum,lts__t_sectors_srcunit_tex_op_write_lookup_miss.sum","lts__t_requests.sum,lts__t_requests_srcunit_gcc.sum,lts__t_requests_srcunit_tex.sum,lts__t_requests_srcunit_tex_op_atom_dot_alu.sum,lts__t_requests_srcunit_tex_op_atom_dot_cas.sum,lts__t_requests_srcunit_tex_op_read.sum,lts__t_requests_srcunit_tex_op_red.sum,lts__t_requests_srcunit_tex_op_write.sum,lts__t_sectors.avg.pct_of_peak_sustained_elapsed,lts__t_sectors.avg.peak_sustained,lts__t_sectors.avg.per_cycle_elapsed,lts__t_sectors.sum,lts__t_sectors.sum.per_second,lts__t_sectors_aperture_device_lookup_miss.sum,lts__t_sectors_aperture_peer_lookup_miss.sum,lts__t_sectors_aperture_sysmem_lookup_miss.sum,lts__t_sectors_data_ecc.avg.pct_of_peak_sustained_elapsed,lts__t_sectors_data_ecc.avg.peak_sustained,lts__t_sectors_data_ecc.avg.per_cycle_elapsed,lts__t_sectors_data_ecc.sum,lts__t_sectors_data_ecc.sum.per_second,lts__t_sectors_lookup_hit.sum,lts__t_sectors_lookup_miss.sum,lts__t_sectors_srcunit_gcc.avg.pct_of_peak_sustained_elapsed,lts__t_sectors_srcunit_gcc.avg.peak_sustained,lts__t_sectors_srcunit_gcc.avg.per_cycle_elapsed,lts__t_sectors_srcunit_gcc.sum,lts__t_sectors_srcunit_gcc.sum.per_second,lts__t_sectors_srcunit_gcc_aperture_device_lookup_miss.sum,lts__t_sectors_srcunit_gcc_aperture_peer_lookup_miss.sum,lts__t_sectors_srcunit_gcc_aperture_sysmem_lookup_miss.sum,lts__t_sectors_srcunit_gcc_lookup_hit.sum,lts__t_sectors_srcunit_gcc_lookup_miss.sum,lts__t_sectors_srcunit_tex.avg.pct_of_peak_sustained_elapsed,lts__t_sectors_srcunit_tex.avg.peak_sustained,lts__t_sectors_srcunit_tex.avg.per_cycle_elapsed,lts__t_sectors_srcunit_tex.sum,lts__t_sectors_srcunit_tex.sum.pct_of_peak_sustained_elapsed,lts__t_sectors_srcunit_tex.sum.per_second,lts__t_sectors_srcunit_tex_aperture_device_lookup_miss.sum,lts__t_sectors_srcunit_tex_aperture_device_op_atom_dot_alu_lookup_miss.sum,lts__t_sectors_srcunit_tex_aperture_device_op_atom_dot_cas_lookup_miss.sum,lts__t_sectors_srcunit_tex_aperture_device_op_read_lookup_miss.sum,lts__t_sectors_srcunit_tex_aperture_device_op_red_lookup_miss.sum,lts__t_sectors_srcunit_tex_aperture_device_op_write_lookup_miss.sum,lts__t_sectors_srcunit_tex_aperture_peer_lookup_miss.sum,lts__t_sectors_srcunit_tex_aperture_peer_op_atom_dot_alu_lookup_miss.sum,lts__t_sectors_srcunit_tex_aperture_peer_op_atom_dot_cas_lookup_miss.sum,lts__t_sectors_srcunit_tex_aperture_peer_op_read_lookup_miss.sum,lts__t_sectors_srcunit_tex_aperture_peer_op_red_lookup_miss.sum,lts__t_sectors_srcunit_tex_aperture_peer_op_write_lookup_miss.sum,lts__t_sectors_srcunit_tex_aperture_sysmem_lookup_miss.sum,lts__t_sectors_srcunit_tex_aperture_sysmem_op_atom_dot_alu_lookup_miss.sum,lts__t_sectors_srcunit_tex_aperture_sysmem_op_atom_dot_cas_lookup_miss.sum,lts__t_sectors_srcunit_tex_aperture_sysmem_op_read_lookup_miss.sum,lts__t_sectors_srcunit_tex_aperture_sysmem_op_red_lookup_miss.sum,lts__t_sectors_srcunit_tex_aperture_sysmem_op_write_lookup_miss.sum,lts__t_sectors_srcunit_tex_lookup_hit.sum,lts__t_sectors_srcunit_tex_lookup_miss.sum,lts__t_sectors_srcunit_tex_op_atom_dot_alu.avg.pct_of_peak_sustained_elapsed,lts__t_sectors_srcunit_tex_op_atom_dot_alu.avg.peak_sustained,lts__t_sectors_srcunit_tex_op_atom_dot_alu.avg.per_cycle_elapsed,lts__t_sectors_srcunit_tex_op_atom_dot_alu.sum,lts__t_sectors_srcunit_tex_op_atom_dot_alu.sum.per_second,lts__t_sectors_srcunit_tex_op_atom_dot_alu_lookup_hit.sum,lts__t_sectors_srcunit_tex_op_atom_dot_alu_lookup_miss.sum,lts__t_sectors_srcunit_tex_op_atom_dot_cas.avg.pct_of_peak_sustained_elapsed,lts__t_sectors_srcunit_tex_op_atom_dot_cas.avg.peak_sustained,lts__t_sectors_srcunit_tex_op_atom_dot_cas.avg.per_cycle_elapsed,lts__t_sectors_srcunit_tex_op_atom_dot_cas.sum,lts__t_sectors_srcunit_tex_op_atom_dot_cas.sum.per_second,lts__t_sectors_srcunit_tex_op_atom_dot_cas_lookup_hit.sum,lts__t_sectors_srcunit_tex_op_atom_dot_cas_lookup_miss.sum,lts__t_sectors_srcunit_tex_op_read.avg.pct_of_peak_sustained_elapsed,lts__t_sectors_srcunit_tex_op_read.avg.peak_sustained,lts__t_sectors_srcunit_tex_op_read.avg.per_cycle_elapsed,lts__t_sectors_srcunit_tex_op_read.sum,lts__t_sectors_srcunit_tex_op_read.sum.per_second,lts__t_sectors_srcunit_tex_op_read_lookup_hit.sum,lts__t_sectors_srcunit_tex_op_read_lookup_miss.sum,lts__t_sectors_srcunit_tex_op_red.avg.pct_of_peak_sustained_elapsed,lts__t_sectors_srcunit_tex_op_red.avg.peak_sustained,lts__t_sectors_srcunit_tex_op_red.avg.per_cycle_elapsed,lts__t_sectors_srcunit_tex_op_red.sum,lts__t_sectors_srcunit_tex_op_red.sum.per_second,lts__t_sectors_srcunit_tex_op_red_lookup_hit.sum,lts__t_sectors_srcunit_tex_op_red_lookup_miss.sum,lts__t_sectors_srcunit_tex_op_write.avg.pct_of_peak_sustained_elapsed,lts__t_sectors_srcunit_tex_op_write.avg.peak_sustained,lts__t_sectors_srcunit_tex_op_write.avg.per_cycle_elapsed,lts__t_sectors_srcunit_tex_op_write.sum,lts__t_sectors_srcunit_tex_op_write.sum.per_second,lts__t_sectors_srcunit_tex_op_write_lookup_hit.sum,lts__t_sectors_srcunit_tex_op_write_lookup_miss.sum"
group:memory__shared_table,"l1tex__data_bank_conflicts_pipe_lsu_mem_shared.sum,l1tex__data_bank_conflicts_pipe_lsu_mem_shared_op_atom.sum,l1tex__data_bank_conflicts_pipe_lsu_mem_shared_op_ld.sum,l1tex__data_bank_conflicts_pipe_lsu_mem_shared_op_st.sum,l1tex__data_pipe_lsu_wavefronts_mem_shared.sum,l1tex__data_pipe_lsu_wavefronts_mem_shared.sum.pct_of_peak_sustained_elapsed,l1tex__data_pipe_lsu_wavefronts_mem_shared_op_atom.sum,l1tex__data_pipe_lsu_wavefronts_mem_shared_op_atom.sum.pct_of_peak_sustained_elapsed,l1tex__data_pipe_lsu_wavefronts_mem_shared_op_ld.sum,l1tex__data_pipe_lsu_wavefronts_mem_shared_op_ld.sum.pct_of_peak_sustained_elapsed,l1tex__data_pipe_lsu_wavefronts_mem_shared_op_st.sum,l1tex__data_pipe_lsu_wavefronts_mem_shared_op_st.sum.pct_of_peak_sustained_elapsed,smsp__inst_executed_op_ldgsts.sum,smsp__inst_executed_op_ldsm.sum,smsp__inst_executed_op_shared_atom.sum,smsp__sass_inst_executed_op_shared_ld.sum,smsp__sass_inst_executed_op_shared_st.sum,smsp__sass_l1tex_data_bank_conflicts_pipe_lsu_mem_shared_op_ldgsts.sum,smsp__sass_l1tex_data_bank_conflicts_pipe_lsu_mem_shared_op_st.sum,smsp__sass_l1tex_data_pipe_lsu_wavefronts_mem_shared_op_ldgsts.sum,smsp__sass_l1tex_data_pipe_lsu_wavefronts_mem_shared_op_ldgsts.sum.pct_of_peak_sustained_elapsed,smsp__sass_l1tex_data_pipe_lsu_wavefronts_mem_shared_op_st.sum,smsp__sass_l1tex_data_pipe_lsu_wavefronts_mem_shared_op_st.sum.pct_of_peak_sustained_elapsed","l1tex__data_bank_conflicts_pipe_lsu_mem_shared.sum,l1tex__data_bank_conflicts_pipe_lsu_mem_shared_op_atom.sum,l1tex__data_bank_conflicts_pipe_lsu_mem_shared_op_ld.sum,l1tex__data_bank_conflicts_pipe_lsu_mem_shared_op_st.sum,l1tex__data_pipe_lsu_wavefronts_mem_shared.sum,l1tex__data_pipe_lsu_wavefronts_mem_shared.sum.pct_of_peak_sustained_elapsed,l1tex__data_pipe_lsu_wavefronts_mem_shared_op_atom.sum,l1tex__data_pipe_lsu_wavefronts_mem_shared_op_atom.sum.pct_of_peak_sustained_elapsed,l1tex__data_pipe_lsu_wavefronts_mem_shared_op_ld.sum,l1tex__data_pipe_lsu_wavefronts_mem_shared_op_ld.sum.pct_of_peak_sustained_elapsed,l1tex__data_pipe_lsu_wavefronts_mem_shared_op_st.sum,l1tex__data_pipe_lsu_wavefronts_mem_shared_op_st.sum.pct_of_peak_sustained_elapsed,smsp__inst_executed_op_ldgsts.sum,smsp__inst_executed_op_ldsm.sum,smsp__inst_executed_op_shared_atom.sum,smsp__sass_inst_executed_op_shared_ld.sum,smsp__sass_inst_executed_op_shared_st.sum,smsp__sass_l1tex_data_bank_conflicts_pipe_lsu_mem_shared_op_ldgsts.sum,smsp__sass_l1tex_data_bank_conflicts_pipe_lsu_mem_shared_op_st.sum,smsp__sass_l1tex_data_pipe_lsu_wavefronts_mem_shared_op_ldgsts.sum,smsp__sass_l1tex_data_pipe_lsu_wavefronts_mem_shared_op_ldgsts.sum.pct_of_peak_sustained_elapsed,smsp__sass_l1tex_data_pipe_lsu_wavefronts_mem_shared_op_st.sum,smsp__sass_l1tex_data_pipe_lsu_wavefronts_mem_shared_op_st.sum.pct_of_peak_sustained_elapsed","l1tex__data_bank_conflicts_pipe_lsu_mem_shared.sum,l1tex__data_bank_conflicts_pipe_lsu_mem_shared_op_atom.sum,l1tex__data_bank_conflicts_pipe_lsu_mem_shared_op_ld.sum,l1tex__data_bank_conflicts_pipe_lsu_mem_shared_op_st.sum,l1tex__data_pipe_lsu_wavefronts_mem_shared.sum,l1tex__data_pipe_lsu_wavefronts_mem_shared.sum.pct_of_peak_sustained_elapsed,l1tex__data_pipe_lsu_wavefronts_mem_shared_op_atom.sum,l1tex__data_pipe_lsu_wavefronts_mem_shared_op_atom.sum.pct_of_peak_sustained_elapsed,l1tex__data_pipe_lsu_wavefronts_mem_shared_op_ld.sum,l1tex__data_pipe_lsu_wavefronts_mem_shared_op_ld.sum.pct_of_peak_sustained_elapsed,l1tex__data_pipe_lsu_wavefronts_mem_shared_op_st.sum,l1tex__data_pipe_lsu_wavefronts_mem_shared_op_st.sum.pct_of_peak_sustained_elapsed,smsp__inst_executed_op_ldgsts.sum,smsp__inst_executed_op_ldsm.sum,smsp__inst_executed_op_shared_atom.sum,smsp__sass_inst_executed_op_shared_ld.sum,smsp__sass_inst_executed_op_shared_st.sum,smsp__sass_l1tex_data_bank_conflicts_pipe_lsu_mem_shared_op_ldgsts.sum,smsp__sass_l1tex_data_bank_conflicts_pipe_lsu_mem_shared_op_st.sum,smsp__sass_l1tex_data_pipe_lsu_wavefronts_mem_shared_op_ldgsts.sum,smsp__sass_l1tex_data_pipe_lsu_wavefronts_mem_shared_op_ldgsts.sum.pct_of_peak_sustained_elapsed,smsp__sass_l1tex_data_pipe_lsu_wavefronts_mem_shared_op_st.sum,smsp__sass_l1tex_data_pipe_lsu_wavefronts_mem_shared_op_st.sum.pct_of_peak_sustained_elapsed","l1tex__data_bank_conflicts_pipe_lsu_mem_shared.sum,l1tex__data_bank_conflicts_pipe_lsu_mem_shared_op_atom.sum,l1tex__data_bank_conflicts_pipe_lsu_mem_shared_op_ld.sum,l1tex__data_bank_conflicts_pipe_lsu_mem_shared_op_st.sum,l1tex__data_pipe_lsu_wavefronts_mem_shared.sum,l1tex__data_pipe_lsu_wavefronts_mem_shared.sum.pct_of_peak_sustained_elapsed,l1tex__data_pipe_lsu_wavefronts_mem_shared_op_atom.sum,l1tex__data_pipe_lsu_wavefronts_mem_shared_op_atom.sum.pct_of_peak_sustained_elapsed,l1tex__data_pipe_lsu_wavefronts_mem_shared_op_ld.sum,l1tex__data_pipe_lsu_wavefronts_mem_shared_op_ld.sum.pct_of_peak_sustained_elapsed,l1tex__data_pipe_lsu_wavefronts_mem_shared_op_st.sum,l1tex__data_pipe_lsu_wavefronts_mem_shared_op_st.sum.pct_of_peak_sustained_elapsed,smsp__inst_executed_op_ldgsts.sum,smsp__inst_executed_op_ldsm.sum,smsp__inst_executed_op_shared_atom.sum,smsp__sass_inst_executed_op_shared_ld.sum,smsp__sass_inst_executed_op_shared_st.sum,smsp__sass_l1tex_data_bank_conflicts_pipe_lsu_mem_shared_op_ldgsts.sum,smsp__sass_l1tex_data_bank_conflicts_pipe_lsu_mem_shared_op_st.sum,smsp__sass_l1tex_data_pipe_lsu_wavefronts_mem_shared_op_ldgsts.sum,smsp__sass_l1tex_data_pipe_lsu_wavefronts_mem_shared_op_ldgsts.sum.pct_of_peak_sustained_elapsed,smsp__sass_l1tex_data_pipe_lsu_wavefronts_mem_shared_op_st.sum,smsp__sass_l1tex_data_pipe_lsu_wavefronts_mem_shared_op_st.sum.pct_of_peak_sustained_elapsed"
group:smsp__pcsamp_warp_stall_reasons,"smsp__pcsamp_warps_issue_stalled_barrier,smsp__pcsamp_warps_issue_stalled_branch_resolving,smsp__pcsamp_warps_issue_stalled_dispatch_stall,smsp__pcsamp_warps_issue_stalled_drain,smsp__pcsamp_warps_issue_stalled_imc_miss,smsp__pcsamp_warps_issue_stalled_lg_throttle,smsp__pcsamp_warps_issue_stalled_long_scoreboard,smsp__pcsamp_warps_issue_stalled_math_pipe_throttle,smsp__pcsamp_warps_issue_stalled_membar,smsp__pcsamp_warps_issue_stalled_mio_throttle,smsp__pcsamp_warps_issue_stalled_misc,smsp__pcsamp_warps_issue_stalled_no_instructions,smsp__pcsamp_warps_issue_stalled_not_selected,smsp__pcsamp_warps_issue_stalled_selected,smsp__pcsamp_warps_issue_stalled_short_scoreboard,smsp__pcsamp_warps_issue_stalled_sleeping,smsp__pcsamp_warps_issue_stalled_tex_throttle,smsp__pcsamp_warps_issue_stalled_wait","smsp__pcsamp_warps_issue_stalled_barrier,smsp__pcsamp_warps_issue_stalled_branch_resolving,smsp__pcsamp_warps_issue_stalled_dispatch_stall,smsp__pcsamp_warps_issue_stalled_drain,smsp__pcsamp_warps_issue_stalled_imc_miss,smsp__pcsamp_warps_issue_stalled_lg_throttle,smsp__pcsamp_warps_issue_stalled_long_scoreboard,smsp__pcsamp_warps_issue_stalled_math_pipe_throttle,smsp__pcsamp_warps_issue_stalled_membar,smsp__pcsamp_warps_issue_stalled_mio_throttle,smsp__pcsamp_warps_issue_stalled_misc,smsp__pcsamp_warps_issue_stalled_no_instructions,smsp__pcsamp_warps_issue_stalled_not_selected,smsp__pcsamp_warps_issue_stalled_selected,smsp__pcsamp_warps_issue_stalled_short_scoreboard,smsp__pcsamp_warps_issue_stalled_sleeping,smsp__pcsamp_warps_issue_stalled_tex_throttle,smsp__pcsamp_warps_issue_stalled_wait","smsp__pcsamp_warps_issue_stalled_barrier,smsp__pcsamp_warps_issue_stalled_branch_resolving,smsp__pcsamp_warps_issue_stalled_dispatch_stall,smsp__pcsamp_warps_issue_stalled_drain,smsp__pcsamp_warps_issue_stalled_imc_miss,smsp__pcsamp_warps_issue_stalled_lg_throttle,smsp__pcsamp_warps_issue_stalled_long_scoreboard,smsp__pcsamp_warps_issue_stalled_math_pipe_throttle,smsp__pcsamp_warps_issue_stalled_membar,smsp__pcsamp_warps_issue_stalled_mio_throttle,smsp__pcsamp_warps_issue_stalled_misc,smsp__pcsamp_warps_issue_stalled_no_instructions,smsp__pcsamp_warps_issue_stalled_not_selected,smsp__pcsamp_warps_issue_stalled_selected,smsp__pcsamp_warps_issue_stalled_short_scoreboard,smsp__pcsamp_warps_issue_stalled_sleeping,smsp__pcsamp_warps_issue_stalled_tex_throttle,smsp__pcsamp_warps_issue_stalled_wait","smsp__pcsamp_warps_issue_stalled_barrier,smsp__pcsamp_warps_issue_stalled_branch_resolving,smsp__pcsamp_warps_issue_stalled_dispatch_stall,smsp__pcsamp_warps_issue_stalled_drain,smsp__pcsamp_warps_issue_stalled_imc_miss,smsp__pcsamp_warps_issue_stalled_lg_throttle,smsp__pcsamp_warps_issue_stalled_long_scoreboard,smsp__pcsamp_warps_issue_stalled_math_pipe_throttle,smsp__pcsamp_warps_issue_stalled_membar,smsp__pcsamp_warps_issue_stalled_mio_throttle,smsp__pcsamp_warps_issue_stalled_misc,smsp__pcsamp_warps_issue_stalled_no_instructions,smsp__pcsamp_warps_issue_stalled_not_selected,smsp__pcsamp_warps_issue_stalled_selected,smsp__pcsamp_warps_issue_stalled_short_scoreboard,smsp__pcsamp_warps_issue_stalled_sleeping,smsp__pcsamp_warps_issue_stalled_tex_throttle,smsp__pcsamp_warps_issue_stalled_wait"
group:smsp__pcsamp_warp_stall_reasons_not_issued,"smsp__pcsamp_warps_issue_stalled_barrier_not_issued,smsp__pcsamp_warps_issue_stalled_branch_resolving_not_issued,smsp__pcsamp_warps_issue_stalled_dispatch_stall_not_issued,smsp__pcsamp_warps_issue_stalled_drain_not_issued,smsp__pcsamp_warps_issue_stalled_imc_miss_not_issued,smsp__pcsamp_warps_issue_stalled_lg_throttle_not_issued,smsp__pcsamp_warps_issue_stalled_long_scoreboard_not_issued,smsp__pcsamp_warps_issue_stalled_math_pipe_throttle_not_issued,smsp__pcsamp_warps_issue_stalled_membar_not_issued,smsp__pcsamp_warps_issue_stalled_mio_throttle_not_issued,smsp__pcsamp_warps_issue_stalled_misc_not_issued,smsp__pcsamp_warps_issue_stalled_no_instructions_not_issued,smsp__pcsamp_warps_issue_stalled_not_selected_not_issued,smsp__pcsamp_warps_issue_stalled_selected_not_issued,smsp__pcsamp_warps_issue_stalled_short_scoreboard_not_issued,smsp__pcsamp_warps_issue_stalled_sleeping_not_issued,smsp__pcsamp_warps_issue_stalled_tex_throttle_not_issued,smsp__pcsamp_warps_issue_stalled_wait_not_issued","smsp__pcsamp_warps_issue_stalled_barrier_not_issued,smsp__pcsamp_warps_issue_stalled_branch_resolving_not_issued,smsp__pcsamp_warps_issue_stalled_dispatch_stall_not_issued,smsp__pcsamp_warps_issue_stalled_drain_not_issued,smsp__pcsamp_warps_issue_stalled_imc_miss_not_issued,smsp__pcsamp_warps_issue_stalled_lg_throttle_not_issued,smsp__pcsamp_warps_issue_stalled_long_scoreboard_not_issued,smsp__pcsamp_warps_issue_stalled_math_pipe_throttle_not_issued,smsp__pcsamp_warps_issue_stalled_membar_not_issued,smsp__pcsamp_warps_issue_stalled_mio_throttle_not_issued,smsp__pcsamp_warps_issue_stalled_misc_not_issued,smsp__pcsamp_warps_issue_stalled_no_instructions_not_issued,smsp__pcsamp_warps_issue_stalled_not_selected_not_issued,smsp__pcsamp_warps_issue_stalled_selected_not_issued,smsp__pcsamp_warps_issue_stalled_short_scoreboard_not_issued,smsp__pcsamp_warps_issue_stalled_sleeping_not_issued,smsp__pcsamp_warps_issue_stalled_tex_throttle_not_issued,smsp__pcsamp_warps_issue_stalled_wait_not_issued","smsp__pcsamp_warps_issue_stalled_barrier_not_issued,smsp__pcsamp_warps_issue_stalled_branch_resolving_not_issued,smsp__pcsamp_warps_issue_stalled_dispatch_stall_not_issued,smsp__pcsamp_warps_issue_stalled_drain_not_issued,smsp__pcsamp_warps_issue_stalled_imc_miss_not_issued,smsp__pcsamp_warps_issue_stalled_lg_throttle_not_issued,smsp__pcsamp_warps_issue_stalled_long_scoreboard_not_issued,smsp__pcsamp_warps_issue_stalled_math_pipe_throttle_not_issued,smsp__pcsamp_warps_issue_stalled_membar_not_issued,smsp__pcsamp_warps_issue_stalled_mio_throttle_not_issued,smsp__pcsamp_warps_issue_stalled_misc_not_issued,smsp__pcsamp_warps_issue_stalled_no_instructions_not_issued,smsp__pcsamp_warps_issue_stalled_not_selected_not_issued,smsp__pcsamp_warps_issue_stalled_selected_not_issued,smsp__pcsamp_warps_issue_stalled_short_scoreboard_not_issued,smsp__pcsamp_warps_issue_stalled_sleeping_not_issued,smsp__pcsamp_warps_issue_stalled_tex_throttle_not_issued,smsp__pcsamp_warps_issue_stalled_wait_not_issued","smsp__pcsamp_warps_issue_stalled_barrier_not_issued,smsp__pcsamp_warps_issue_stalled_branch_resolving_not_issued,smsp__pcsamp_warps_issue_stalled_dispatch_stall_not_issued,smsp__pcsamp_warps_issue_stalled_drain_not_issued,smsp__pcsamp_warps_issue_stalled_imc_miss_not_issued,smsp__pcsamp_warps_issue_stalled_lg_throttle_not_issued,smsp__pcsamp_warps_issue_stalled_long_scoreboard_not_issued,smsp__pcsamp_warps_issue_stalled_math_pipe_throttle_not_issued,smsp__pcsamp_warps_issue_stalled_membar_not_issued,smsp__pcsamp_warps_issue_stalled_mio_throttle_not_issued,smsp__pcsamp_warps_issue_stalled_misc_not_issued,smsp__pcsamp_warps_issue_stalled_no_instructions_not_issued,smsp__pcsamp_warps_issue_stalled_not_selected_not_issued,smsp__pcsamp_warps_issue_stalled_selected_not_issued,smsp__pcsamp_warps_issue_stalled_short_scoreboard_not_issued,smsp__pcsamp_warps_issue_stalled_sleeping_not_issued,smsp__pcsamp_warps_issue_stalled_tex_throttle_not_issued,smsp__pcsamp_warps_issue_stalled_wait_not_issued"
group:smsp__pmwarpsamp_warp_stall_reasons,"warpsampling:smsp__pcsamp_warps_issue_stalled_barrier,warpsampling:smsp__pcsamp_warps_issue_stalled_branch_resolving,warpsampling:smsp__pcsamp_warps_issue_stalled_dispatch_stall,warpsampling:smsp__pcsamp_warps_issue_stalled_drain,warpsampling:smsp__pcsamp_warps_issue_stalled_imc_miss,warpsampling:smsp__pcsamp_warps_issue_stalled_lg_throttle,warpsampling:smsp__pcsamp_warps_issue_stalled_long_scoreboard,warpsampling:smsp__pcsamp_warps_issue_stalled_math_pipe_throttle,warpsampling:smsp__pcsamp_warps_issue_stalled_membar,warpsampling:smsp__pcsamp_warps_issue_stalled_mio_throttle,warpsampling:smsp__pcsamp_warps_issue_stalled_misc,warpsampling:smsp__pcsamp_warps_issue_stalled_no_instructions,warpsampling:smsp__pcsamp_warps_issue_stalled_not_selected,warpsampling:smsp__pcsamp_warps_issue_stalled_selected,warpsampling:smsp__pcsamp_warps_issue_stalled_short_scoreboard,warpsampling:smsp__pcsamp_warps_issue_stalled_sleeping,warpsampling:smsp__pcsamp_warps_issue_stalled_tex_throttle,warpsampling:smsp__pcsamp_warps_issue_stalled_wait","warpsampling:smsp__pcsamp_warps_issue_stalled_barrier,warpsampling:smsp__pcsamp_warps_issue_stalled_branch_resolving,warpsampling:smsp__pcsamp_warps_issue_stalled_dispatch_stall,warpsampling:smsp__pcsamp_warps_issue_stalled_drain,warpsampling:smsp__pcsamp_warps_issue_stalled_imc_miss,warpsampling:smsp__pcsamp_warps_issue_stalled_lg_throttle,warpsampling:smsp__pcsamp_warps_issue_stalled_long_scoreboard,warpsampling:smsp__pcsamp_warps_issue_stalled_math_pipe_throttle,warpsampling:smsp__pcsamp_warps_issue_stalled_membar,warpsampling:smsp__pcsamp_warps_issue_stalled_mio_throttle,warpsampling:smsp__pcsamp_warps_issue_stalled_misc,warpsampling:smsp__pcsamp_warps_issue_stalled_no_instructions,warpsampling:smsp__pcsamp_warps_issue_stalled_not_selected,warpsampling:smsp__pcsamp_warps_issue_stalled_selected,warpsampling:smsp__pcsamp_warps_issue_stalled_short_scoreboard,warpsampling:smsp__pcsamp_warps_issue_stalled_sleeping,warpsampling:smsp__pcsamp_warps_issue_stalled_tex_throttle,warpsampling:smsp__pcsamp_warps_issue_stalled_wait","warpsampling:smsp__pcsamp_warps_issue_stalled_barrier,warpsampling:smsp__pcsamp_warps_issue_stalled_branch_resolving,warpsampling:smsp__pcsamp_warps_issue_stalled_dispatch_stall,warpsampling:smsp__pcsamp_warps_issue_stalled_drain,warpsampling:smsp__pcsamp_warps_issue_stalled_imc_miss,warpsampling:smsp__pcsamp_warps_issue_stalled_lg_throttle,warpsampling:smsp__pcsamp_warps_issue_stalled_long_scoreboard,warpsampling:smsp__pcsamp_warps_issue_stalled_math_pipe_throttle,warpsampling:smsp__pcsamp_warps_issue_stalled_membar,warpsampling:smsp__pcsamp_warps_issue_stalled_mio_throttle,warpsampling:smsp__pcsamp_warps_issue_stalled_misc,warpsampling:smsp__pcsamp_warps_issue_stalled_no_instructions,warpsampling:smsp__pcsamp_warps_issue_stalled_not_selected,warpsampling:smsp__pcsamp_warps_issue_stalled_selected,warpsampling:smsp__pcsamp_warps_issue_stalled_short_scoreboard,warpsampling:smsp__pcsamp_warps_issue_stalled_sleeping,warpsampling:smsp__pcsamp_warps_issue_stalled_tex_throttle,warpsampling:smsp__pcsamp_warps_issue_stalled_wait","warpsampling:smsp__pcsamp_warps_issue_stalled_barrier,warpsampling:smsp__pcsamp_warps_issue_stalled_branch_resolving,warpsampling:smsp__pcsamp_warps_issue_stalled_dispatch_stall,warpsampling:smsp__pcsamp_warps_issue_stalled_drain,warpsampling:smsp__pcsamp_warps_issue_stalled_imc_miss,warpsampling:smsp__pcsamp_warps_issue_stalled_lg_throttle,warpsampling:smsp__pcsamp_warps_issue_stalled_long_scoreboard,warpsampling:smsp__pcsamp_warps_issue_stalled_math_pipe_throttle,warpsampling:smsp__pcsamp_warps_issue_stalled_membar,warpsampling:smsp__pcsamp_warps_issue_stalled_mio_throttle,warpsampling:smsp__pcsamp_warps_issue_stalled_misc,warpsampling:smsp__pcsamp_warps_issue_stalled_no_instructions,warpsampling:smsp__pcsamp_warps_issue_stalled_not_selected,warpsampling:smsp__pcsamp_warps_issue_stalled_selected,warpsampling:smsp__pcsamp_warps_issue_stalled_short_scoreboard,warpsampling:smsp__pcsamp_warps_issue_stalled_sleeping,warpsampling:smsp__pcsamp_warps_issue_stalled_tex_throttle,warpsampling:smsp__pcsamp_warps_issue_stalled_wait"
idc__request_cycles_active.avg.pct_of_peak_sustained_elapsed [%],0,0,0,0
idc__request_cycles_active.max.pct_of_peak_sustained_elapsed [%],0,0,0,0
idc__request_cycles_active.min.pct_of_peak_sustained_elapsed [%],0,0,0,0
idc__request_cycles_active.sum.pct_of_peak_sustained_elapsed [%],0,0,0,0
idc__request_hit_rate.pct [%],0,0,0,0
idc__requests.sum,0,0,0,0
idc__requests.sum.pct_of_peak_sustained_elapsed [%],0,0,0,0
inst_executed [inst],"99,840 {15}","99,840 {15}","99,840 {15}","3,31,968 {601}"
l1tex__cycles_active.avg [cycle],"12,438.85","12,417.65","12,559.65","26,829.30"
l1tex__cycles_active.max [cycle],"12,817","12,726","12,863","28,206"
l1tex__cycles_active.min [cycle],"12,015","11,929","12,068","25,339"
l1tex__cycles_active.sum [cycle],"2,48,777","2,48,353","2,51,193","5,36,586"
l1tex__cycles_elapsed.avg [cycle],"14,783.60","14,731.60","14,827.70","30,195.80"
l1tex__cycles_elapsed.avg.per_second [Ghz],2.11,2.10,2.11,2.12
l1tex__cycles_elapsed.max [cycle],"14,795","14,755","14,849","30,239"
l1tex__cycles_elapsed.max.per_second [Ghz],2.11,2.11,2.11,2.12
l1tex__cycles_elapsed.min [cycle],"14,770","14,714","14,813","30,155"
l1tex__cycles_elapsed.min.per_second [Ghz],2.11,2.10,2.10,2.12
l1tex__cycles_elapsed.sum [cycle],"2,95,672","2,94,632","2,96,554","6,03,916"
l1tex__cycles_elapsed.sum.per_second [Ghz],42.19,42.04,42.12,42.41
l1tex__data_bank_conflicts_pipe_lsu_mem_shared.sum,0,0,0,"52,416"
l1tex__data_bank_conflicts_pipe_lsu_mem_shared_op_atom.sum,0,0,0,0
l1tex__data_bank_conflicts_pipe_lsu_mem_shared_op_ld.sum,0,0,0,"40,768"
l1tex__data_bank_conflicts_pipe_lsu_mem_shared_op_st.sum,0,0,0,"11,648"
l1tex__data_bank_reads.avg.pct_of_peak_sustained_elapsed [%],1.83,1.86,1.84,3.70
l1tex__data_bank_reads.max.pct_of_peak_sustained_elapsed [%],2.00,1.94,1.93,4.76
l1tex__data_bank_reads.min.pct_of_peak_sustained_elapsed [%],1.69,1.72,1.72,2.84
l1tex__data_bank_reads.sum.pct_of_peak_sustained_elapsed [%],1.83,1.86,1.84,3.70
l1tex__data_bank_writes.avg.pct_of_peak_sustained_elapsed [%],1.69,1.69,1.68,3.24
l1tex__data_bank_writes.max.pct_of_peak_sustained_elapsed [%],1.83,1.75,1.78,4.05
l1tex__data_bank_writes.min.pct_of_peak_sustained_elapsed [%],1.54,1.59,1.58,2.50
l1tex__data_bank_writes.sum.pct_of_peak_sustained_elapsed [%],1.69,1.69,1.68,3.24
l1tex__data_pipe_lsu_wavefronts.avg.pct_of_peak_sustained_elapsed [%],7.34,7.45,7.44,41.60
l1tex__data_pipe_lsu_wavefronts.max.pct_of_peak_sustained_elapsed [%],7.77,7.85,7.81,52.15
l1tex__data_pipe_lsu_wavefronts.min.pct_of_peak_sustained_elapsed [%],6.89,6.99,6.96,31.93
l1tex__data_pipe_lsu_wavefronts.sum.pct_of_peak_sustained_elapsed [%],7.34,7.45,7.44,41.60
l1tex__data_pipe_lsu_wavefronts_mem_shared.sum,"6,656","6,656","6,656","77,694"
l1tex__data_pipe_lsu_wavefronts_mem_shared.sum.pct_of_peak_sustained_elapsed [%],2.25,2.26,2.24,12.87
l1tex__data_pipe_lsu_wavefronts_mem_shared_op_atom.sum,0,0,0,0
l1tex__data_pipe_lsu_wavefronts_mem_shared_op_atom.sum.pct_of_peak_sustained_elapsed [%],0,0,0,0
l1tex__data_pipe_lsu_wavefronts_mem_shared_op_ld.sum,0,0,0,"48,553"
l1tex__data_pipe_lsu_wavefronts_mem_shared_op_ld.sum.pct_of_peak_sustained_elapsed [%],0,0,0,8.04
l1tex__data_pipe_lsu_wavefronts_mem_shared_op_st.sum,0,0,0,"23,296"
l1tex__data_pipe_lsu_wavefronts_mem_shared_op_st.sum.pct_of_peak_sustained_elapsed [%],0,0,0,3.86
l1tex__data_pipe_tex_wavefronts.avg.pct_of_peak_sustained_elapsed [%],0,0,0,0
l1tex__data_pipe_tex_wavefronts.max.pct_of_peak_sustained_elapsed [%],0,0,0,0
l1tex__data_pipe_tex_wavefronts.min.pct_of_peak_sustained_elapsed [%],0,0,0,0
l1tex__data_pipe_tex_wavefronts.sum.pct_of_peak_sustained_elapsed [%],0,0,0,0
l1tex__f_wavefronts.avg.pct_of_peak_sustained_elapsed [%],0,0,0,0
l1tex__f_wavefronts.max.pct_of_peak_sustained_elapsed [%],0,0,0,0
l1tex__f_wavefronts.min.pct_of_peak_sustained_elapsed [%],0,0,0,0
l1tex__f_wavefronts.sum.pct_of_peak_sustained_elapsed [%],0,0,0,0
l1tex__lsu_writeback_active.avg.pct_of_peak_sustained_elapsed [%],4.50,4.52,4.49,5.43
l1tex__lsu_writeback_active.max.pct_of_peak_sustained_elapsed [%],4.76,4.67,4.64,6.30
l1tex__lsu_writeback_active.min.pct_of_peak_sustained_elapsed [%],4.33,4.34,4.32,4.68
l1tex__lsu_writeback_active.sum.pct_of_peak_sustained_elapsed [%],4.50,4.52,4.49,5.43
l1tex__lsu_writeback_active_mem_lg.avg.peak_sustained,1,1,1,1
l1tex__lsu_writeback_active_mem_lg.avg.per_second [Mhz],94.98,94.98,94.55,74.34
l1tex__lsu_writeback_active_mem_lg.max.peak_sustained,1,1,1,1
l1tex__lsu_writeback_active_mem_lg.max.per_second [Mhz],98.17,100.46,100,87.71
l1tex__lsu_writeback_active_mem_lg.min.peak_sustained,1,1,1,1
l1tex__lsu_writeback_active_mem_lg.min.per_second [Mhz],89.04,86.76,88.64,55.27
l1tex__lsu_writeback_active_mem_lg.sum [cycle],"13,312","13,312","13,312","21,171"
l1tex__lsu_writeback_active_mem_lg.sum.pct_of_peak_sustained_elapsed [%],4.50,4.52,4.49,3.51
l1tex__lsu_writeback_active_mem_lg.sum.peak_sustained,20,20,20,20
l1tex__lsu_writeback_active_mem_lg.sum.per_second [Ghz],1.90,1.90,1.89,1.49
l1tex__lsuin_requests.avg.pct_of_peak_sustained_elapsed [%],13.51,13.55,13.47,16.05
l1tex__lsuin_requests.max.pct_of_peak_sustained_elapsed [%],14.29,14.66,13.92,18.52
l1tex__lsuin_requests.min.pct_of_peak_sustained_elapsed [%],12.66,13.03,12.63,12.35
l1tex__lsuin_requests.sum.pct_of_peak_sustained_elapsed [%],13.51,13.55,13.47,16.05
l1tex__m_l1tex2xbar_req_cycles_active.avg.pct_of_peak_sustained_elapsed [%],5.75,5.76,5.72,14.81
l1tex__m_l1tex2xbar_req_cycles_active.max.pct_of_peak_sustained_elapsed [%],6.06,5.96,5.93,17.68
l1tex__m_l1tex2xbar_req_cycles_active.min.pct_of_peak_sustained_elapsed [%],5.50,5.48,5.46,12.35
l1tex__m_l1tex2xbar_req_cycles_active.sum.pct_of_peak_sustained_elapsed [%],5.75,5.76,5.72,14.81
l1tex__m_l1tex2xbar_write_bytes.sum [Mbyte],0.43,0.43,0.43,2.75
l1tex__m_l1tex2xbar_write_bytes.sum.pct_of_peak_sustained_elapsed [%],4.50,4.52,4.49,14.23
l1tex__m_l1tex2xbar_write_bytes.sum.per_second [Gbyte/s],60.79,60.79,60.51,193.14
l1tex__m_l1tex2xbar_write_sectors_mem_global_op_atom.sum [sector],0,0,0,0
l1tex__m_l1tex2xbar_write_sectors_mem_global_op_atom.sum.pct_of_peak_sustained_elapsed [%],0,0,0,0
l1tex__m_l1tex2xbar_write_sectors_mem_global_op_red.sum [sector],0,0,0,0
l1tex__m_l1tex2xbar_write_sectors_mem_global_op_red.sum.pct_of_peak_sustained_elapsed [%],0,0,0,0
l1tex__m_l1tex2xbar_write_sectors_mem_lg_op_st.sum [sector],"13,312","13,312","13,312","85,947"
l1tex__m_l1tex2xbar_write_sectors_mem_lg_op_st.sum.pct_of_peak_sustained_elapsed [%],4.50,4.52,4.49,14.23
l1tex__m_l1tex2xbar_write_sectors_mem_surface_op_atom.sum [sector],0,0,0,0
l1tex__m_l1tex2xbar_write_sectors_mem_surface_op_atom.sum.pct_of_peak_sustained_elapsed [%],0,0,0,0
l1tex__m_l1tex2xbar_write_sectors_mem_surface_op_red.sum [sector],0,0,0,0
l1tex__m_l1tex2xbar_write_sectors_mem_surface_op_red.sum.pct_of_peak_sustained_elapsed [%],0,0,0,0
l1tex__m_l1tex2xbar_write_sectors_mem_surface_op_st.sum [sector],0,0,0,0
l1tex__m_l1tex2xbar_write_sectors_mem_surface_op_st.sum.pct_of_peak_sustained_elapsed [%],0,0,0,0
l1tex__m_xbar2l1tex_read_bytes.sum [Kbyte],851.97,851.97,851.97,542.75
l1tex__m_xbar2l1tex_read_bytes.sum.pct_of_peak_sustained_elapsed [%],9.00,9.04,8.98,2.81
l1tex__m_xbar2l1tex_read_bytes.sum.per_second [Gbyte/s],121.57,121.57,121.02,38.11
l1tex__m_xbar2l1tex_read_sectors.avg.pct_of_peak_sustained_elapsed [%],9.00,9.04,8.98,2.81
l1tex__m_xbar2l1tex_read_sectors.max.pct_of_peak_sustained_elapsed [%],9.74,9.77,9.28,3.25
l1tex__m_xbar2l1tex_read_sectors.min.pct_of_peak_sustained_elapsed [%],8.66,8.25,8.63,2.39
l1tex__m_xbar2l1tex_read_sectors.sum.pct_of_peak_sustained_elapsed [%],9.00,9.04,8.98,2.81
l1tex__m_xbar2l1tex_read_sectors_mem_global_op_atom.sum [sector],0,0,0,0
l1tex__m_xbar2l1tex_read_sectors_mem_global_op_atom.sum.pct_of_peak_sustained_elapsed [%],0,0,0,0
l1tex__m_xbar2l1tex_read_sectors_mem_lg_op_ld.sum [sector],"26,624","26,624","26,624","16,859"
l1tex__m_xbar2l1tex_read_sectors_mem_lg_op_ld.sum.pct_of_peak_sustained_elapsed [%],9.00,9.04,8.98,2.79
l1tex__m_xbar2l1tex_read_sectors_mem_surface_op_atom.sum [sector],0,0,0,0
l1tex__m_xbar2l1tex_read_sectors_mem_surface_op_atom.sum.pct_of_peak_sustained_elapsed [%],0,0,0,0
l1tex__m_xbar2l1tex_read_sectors_mem_surface_op_ld.sum [sector],0,0,0,0
l1tex__m_xbar2l1tex_read_sectors_mem_surface_op_ld.sum.pct_of_peak_sustained_elapsed [%],0,0,0,0
l1tex__m_xbar2l1tex_read_sectors_mem_texture.sum [sector],0,0,0,0
l1tex__m_xbar2l1tex_read_sectors_mem_texture.sum.pct_of_peak_sustained_elapsed [%],0,0,0,0
l1tex__t_output_wavefronts_pipe_lsu_mem_global_op_atom.sum,0,0,0,0
l1tex__t_output_wavefronts_pipe_lsu_mem_global_op_atom.sum.pct_of_peak_sustained_elapsed [%],0,0,0,0
l1tex__t_output_wavefronts_pipe_lsu_mem_global_op_ld.sum,"6,656","6,656","6,656","22,681"
l1tex__t_output_wavefronts_pipe_lsu_mem_global_op_ld.sum.pct_of_peak_sustained_elapsed [%],2.25,2.26,2.24,3.76
l1tex__t_output_wavefronts_pipe_lsu_mem_global_op_red.sum,0,0,0,0
l1tex__t_output_wavefronts_pipe_lsu_mem_global_op_red.sum.pct_of_peak_sustained_elapsed [%],0,0,0,0
l1tex__t_output_wavefronts_pipe_lsu_mem_global_op_st.sum,"6,656","6,656","6,656","26,690"
l1tex__t_output_wavefronts_pipe_lsu_mem_global_op_st.sum.pct_of_peak_sustained_elapsed [%],2.25,2.26,2.24,4.42
l1tex__t_output_wavefronts_pipe_lsu_mem_local_op_ld.sum,0,0,0,0
l1tex__t_output_wavefronts_pipe_lsu_mem_local_op_ld.sum.pct_of_peak_sustained_elapsed [%],0,0,0,0
l1tex__t_output_wavefronts_pipe_lsu_mem_local_op_st.sum,0,0,0,0
l1tex__t_output_wavefronts_pipe_lsu_mem_local_op_st.sum.pct_of_peak_sustained_elapsed [%],0,0,0,0
l1tex__t_output_wavefronts_pipe_tex_mem_surface_op_atom.sum,0,0,0,0
l1tex__t_output_wavefronts_pipe_tex_mem_surface_op_atom.sum.pct_of_peak_sustained_elapsed [%],0,0,0,0
l1tex__t_output_wavefronts_pipe_tex_mem_surface_op_ld.sum,0,0,0,0
l1tex__t_output_wavefronts_pipe_tex_mem_surface_op_ld.sum.pct_of_peak_sustained_elapsed [%],0,0,0,0
l1tex__t_output_wavefronts_pipe_tex_mem_surface_op_red.sum,0,0,0,0
l1tex__t_output_wavefronts_pipe_tex_mem_surface_op_red.sum.pct_of_peak_sustained_elapsed [%],0,0,0,0
l1tex__t_output_wavefronts_pipe_tex_mem_surface_op_st.sum,0,0,0,0
l1tex__t_output_wavefronts_pipe_tex_mem_surface_op_st.sum.pct_of_peak_sustained_elapsed [%],0,0,0,0
l1tex__t_output_wavefronts_pipe_tex_mem_texture.sum,0,0,0,0
l1tex__t_output_wavefronts_pipe_tex_mem_texture.sum.pct_of_peak_sustained_elapsed [%],0,0,0,0
l1tex__t_requests_pipe_lsu_mem_global_op_atom.sum,0,0,0,0
l1tex__t_requests_pipe_lsu_mem_global_op_atom.sum.pct_of_peak_sustained_elapsed [%],0,0,0,0
l1tex__t_requests_pipe_lsu_mem_global_op_ld.sum,"6,656","6,656","6,656","16,016"
l1tex__t_requests_pipe_lsu_mem_global_op_ld.sum.pct_of_peak_sustained_elapsed [%],2.25,2.26,2.24,2.65
l1tex__t_requests_pipe_lsu_mem_global_op_red.sum,0,0,0,0
l1tex__t_requests_pipe_lsu_mem_global_op_red.sum.pct_of_peak_sustained_elapsed [%],0,0,0,0
l1tex__t_requests_pipe_lsu_mem_global_op_st.sum,"6,656","6,656","6,656","13,312"
l1tex__t_requests_pipe_lsu_mem_global_op_st.sum.pct_of_peak_sustained_elapsed [%],2.25,2.26,2.24,2.20
l1tex__t_requests_pipe_lsu_mem_local_op_ld.sum,0,0,0,0
l1tex__t_requests_pipe_lsu_mem_local_op_ld.sum.pct_of_peak_sustained_elapsed [%],0,0,0,0
l1tex__t_requests_pipe_lsu_mem_local_op_st.sum,0,0,0,0
l1tex__t_requests_pipe_lsu_mem_local_op_st.sum.pct_of_peak_sustained_elapsed [%],0,0,0,0
l1tex__t_requests_pipe_tex_mem_surface_op_atom.sum,0,0,0,0
l1tex__t_requests_pipe_tex_mem_surface_op_atom.sum.pct_of_peak_sustained_elapsed [%],0,0,0,0
l1tex__t_requests_pipe_tex_mem_surface_op_ld.sum,0,0,0,0
l1tex__t_requests_pipe_tex_mem_surface_op_ld.sum.pct_of_peak_sustained_elapsed [%],0,0,0,0
l1tex__t_requests_pipe_tex_mem_surface_op_red.sum,0,0,0,0
l1tex__t_requests_pipe_tex_mem_surface_op_red.sum.pct_of_peak_sustained_elapsed [%],0,0,0,0
l1tex__t_requests_pipe_tex_mem_surface_op_st.sum,0,0,0,0
l1tex__t_requests_pipe_tex_mem_surface_op_st.sum.pct_of_peak_sustained_elapsed [%],0,0,0,0
l1tex__t_requests_pipe_tex_mem_texture.sum,0,0,0,0
l1tex__t_requests_pipe_tex_mem_texture.sum.pct_of_peak_sustained_elapsed [%],0,0,0,0
l1tex__t_sector_hit_rate.pct [%],11.55,11.52,11.39,79.43
l1tex__t_sector_pipe_lsu_mem_global_op_atom_hit_rate.pct [%],0,0,0,0
l1tex__t_sector_pipe_lsu_mem_global_op_ld_hit_rate.pct [%],0,0,0,75.61
l1tex__t_sector_pipe_lsu_mem_global_op_red_hit_rate.pct [%],0,0,0,0
l1tex__t_sector_pipe_lsu_mem_global_op_st_hit_rate.pct [%],34.27,34.62,35.47,82.13
l1tex__t_sector_pipe_lsu_mem_local_op_ld_hit_rate.pct [%],0,0,0,0
l1tex__t_sector_pipe_lsu_mem_local_op_st_hit_rate.pct [%],0,0,0,0
l1tex__t_sector_pipe_tex_mem_surface_op_atom_hit_rate.pct [%],0,0,0,0
l1tex__t_sector_pipe_tex_mem_surface_op_ld_hit_rate.pct [%],0,0,0,0
l1tex__t_sector_pipe_tex_mem_surface_op_red_hit_rate.pct [%],0,0,0,0
l1tex__t_sector_pipe_tex_mem_surface_op_st_hit_rate.pct [%],0,0,0,0
l1tex__t_sector_pipe_tex_mem_texture_op_tex_hit_rate.pct [%],0,0,0,0
l1tex__t_sectors.avg [sector],"1,996.80","1,996.80","1,996.80","8,788"
l1tex__t_sectors.max [sector],"2,090","2,148","2,132","10,755"
l1tex__t_sectors.min [sector],"1,864","1,784","1,840","6,731"
l1tex__t_sectors.sum [sector],"39,936","39,936","39,936","1,75,760"
l1tex__t_sectors_pipe_lsu_mem_global_op_atom.sum [sector],0,0,0,0
l1tex__t_sectors_pipe_lsu_mem_global_op_atom_lookup_hit.sum [sector],0,0,0,0
l1tex__t_sectors_pipe_lsu_mem_global_op_atom_lookup_miss.sum [sector],0,0,0,0
l1tex__t_sectors_pipe_lsu_mem_global_op_ld.sum [sector],"26,624","26,624","26,624","69,264"
l1tex__t_sectors_pipe_lsu_mem_global_op_ld_lookup_hit.sum [sector],0,0,0,"52,369"
l1tex__t_sectors_pipe_lsu_mem_global_op_ld_lookup_miss.sum [sector],"26,624","26,624","26,624","16,895"
l1tex__t_sectors_pipe_lsu_mem_global_op_red.sum [sector],0,0,0,0
l1tex__t_sectors_pipe_lsu_mem_global_op_red_lookup_hit.sum [sector],0,0,0,0
l1tex__t_sectors_pipe_lsu_mem_global_op_red_lookup_miss.sum [sector],0,0,0,0
l1tex__t_sectors_pipe_lsu_mem_global_op_st.sum [sector],"13,312","13,312","13,312","1,06,496"
l1tex__t_sectors_pipe_lsu_mem_global_op_st_lookup_hit.sum [sector],"4,562","4,608","4,722","87,461"
l1tex__t_sectors_pipe_lsu_mem_global_op_st_lookup_miss.sum [sector],"8,750","8,704","8,590","19,035"
l1tex__t_sectors_pipe_lsu_mem_local_op_ld.avg.per_second [sector/s],0,0,0,0
l1tex__t_sectors_pipe_lsu_mem_local_op_ld.max.per_second [sector/s],0,0,0,0
l1tex__t_sectors_pipe_lsu_mem_local_op_ld.min.per_second [sector/s],0,0,0,0
l1tex__t_sectors_pipe_lsu_mem_local_op_ld.sum [sector],0,0,0,0
l1tex__t_sectors_pipe_lsu_mem_local_op_ld.sum.per_second [sector/s],0,0,0,0
l1tex__t_sectors_pipe_lsu_mem_local_op_ld_lookup_hit.sum [sector],0,0,0,0
l1tex__t_sectors_pipe_lsu_mem_local_op_ld_lookup_miss.sum [sector],0,0,0,0
l1tex__t_sectors_pipe_lsu_mem_local_op_st.avg.per_second [sector/s],0,0,0,0
l1tex__t_sectors_pipe_lsu_mem_local_op_st.max.per_second [sector/s],0,0,0,0
l1tex__t_sectors_pipe_lsu_mem_local_op_st.min.per_second [sector/s],0,0,0,0
l1tex__t_sectors_pipe_lsu_mem_local_op_st.sum [sector],0,0,0,0
l1tex__t_sectors_pipe_lsu_mem_local_op_st.sum.per_second [sector/s],0,0,0,0
l1tex__t_sectors_pipe_lsu_mem_local_op_st_lookup_hit.sum [sector],0,0,0,0
l1tex__t_sectors_pipe_lsu_mem_local_op_st_lookup_miss.sum [sector],0,0,0,0
l1tex__t_sectors_pipe_tex_mem_surface_op_atom.sum [sector],0,0,0,0
l1tex__t_sectors_pipe_tex_mem_surface_op_atom_lookup_hit.sum [sector],0,0,0,0
l1tex__t_sectors_pipe_tex_mem_surface_op_atom_lookup_miss.sum [sector],0,0,0,0
l1tex__t_sectors_pipe_tex_mem_surface_op_ld.sum [sector],0,0,0,0
l1tex__t_sectors_pipe_tex_mem_surface_op_ld_lookup_hit.sum [sector],0,0,0,0
l1tex__t_sectors_pipe_tex_mem_surface_op_ld_lookup_miss.sum [sector],0,0,0,0
l1tex__t_sectors_pipe_tex_mem_surface_op_red.sum [sector],0,0,0,0
l1tex__t_sectors_pipe_tex_mem_surface_op_red_lookup_hit.sum [sector],0,0,0,0
l1tex__t_sectors_pipe_tex_mem_surface_op_red_lookup_miss.sum [sector],0,0,0,0
l1tex__t_sectors_pipe_tex_mem_surface_op_st.sum [sector],0,0,0,0
l1tex__t_sectors_pipe_tex_mem_surface_op_st_lookup_hit.sum [sector],0,0,0,0
l1tex__t_sectors_pipe_tex_mem_surface_op_st_lookup_miss.sum [sector],0,0,0,0
l1tex__t_sectors_pipe_tex_mem_texture.sum [sector],0,0,0,0
l1tex__t_sectors_pipe_tex_mem_texture_lookup_hit.sum [sector],0,0,0,0
l1tex__t_sectors_pipe_tex_mem_texture_lookup_miss.sum [sector],0,0,0,0
l1tex__tex_writeback_active.avg.pct_of_peak_sustained_elapsed [%],0,0,0,0
l1tex__tex_writeback_active.max.pct_of_peak_sustained_elapsed [%],0,0,0,0
l1tex__tex_writeback_active.min.pct_of_peak_sustained_elapsed [%],0,0,0,0
l1tex__tex_writeback_active.sum [cycle],0,0,0,0
l1tex__tex_writeback_active.sum.pct_of_peak_sustained_elapsed [%],0,0,0,0
l1tex__texin_sm2tex_req_cycles_active.avg.pct_of_peak_sustained_elapsed [%],0.08,0.08,0.08,0.07
l1tex__texin_sm2tex_req_cycles_active.max.pct_of_peak_sustained_elapsed [%],0.08,0.08,0.08,0.08
l1tex__texin_sm2tex_req_cycles_active.min.pct_of_peak_sustained_elapsed [%],0.08,0.08,0.08,0.07
l1tex__texin_sm2tex_req_cycles_active.sum.pct_of_peak_sustained_elapsed [%],0.08,0.08,0.08,0.07
l1tex__throughput.avg.pct_of_peak_sustained_active [%],16.05,16.08,15.90,46.82
l1tex__throughput.avg.pct_of_peak_sustained_elapsed [%],13.51,13.55,13.47,41.60
l1tex__throughput.max.pct_of_peak_sustained_active [%],16.98,17.39,16.43,58.69
l1tex__throughput.max.pct_of_peak_sustained_elapsed [%],14.29,14.66,13.92,52.15
l1tex__throughput.min.pct_of_peak_sustained_active [%],15.05,15.46,14.90,35.94
l1tex__throughput.min.pct_of_peak_sustained_elapsed [%],12.66,13.03,12.63,31.93
l1tex__throughput.sum.pct_of_peak_sustained_active [%],16.05,16.08,15.90,46.82
l1tex__throughput.sum.pct_of_peak_sustained_elapsed [%],13.51,13.55,13.47,41.60
launch__barrier_count,0,0,0,1
launch__block_dim_x [block],256,256,256,128
launch__block_dim_y [block],1,1,1,1
launch__block_dim_z [block],1,1,1,1
launch__block_size,256,256,256,128
launch__context_id,1,1,1,1
launch__device_id,0,0,0,0
launch__execution_model,SIMT,SIMT,SIMT,SIMT
launch__func_cache_config,CachePreferNone,CachePreferNone,CachePreferNone,CachePreferNone
launch__function_pcs,1,1,1,1
launch__grid_dim_x,832,832,832,208
launch__grid_dim_y,1,1,1,1
launch__grid_dim_z,1,1,1,1
launch__grid_size,832,832,832,208
launch__kernel_name,{1},{1},{1},{1}
launch__occupancy_limit_blocks [block],24,24,24,24
launch__occupancy_limit_registers [block],16,16,16,7
launch__occupancy_limit_shared_mem [block],16,16,16,7
launch__occupancy_limit_warps [block],6,6,6,12
launch__occupancy_per_block_size,"2,484 {65}","2,484 {65}","2,484 {65}","1,245 {65}"
launch__occupancy_per_register_count,"4,976 {257}","4,976 {257}","4,976 {257}","4,252 {257}"
launch__occupancy_per_shared_mem_size,"1,176 {200}","1,176 {200}","1,176 {200}","1,628 {200}"
launch__persisting_l2_cache_size [Mbyte],4.72,4.72,4.72,4.72
launch__registers_per_thread [register/thread],16,16,16,72
launch__registers_per_thread_allocated [register/thread],16,16,16,72
launch__shared_mem_config_size [Kbyte],16.38,16.38,16.38,65.54
launch__shared_mem_per_block [Kbyte/block],1.02,1.02,1.02,9.22
launch__shared_mem_per_block_allocated [Kbyte/block],1.02,1.02,1.02,9.22
launch__shared_mem_per_block_driver [Kbyte/block],1.02,1.02,1.02,1.02
launch__shared_mem_per_block_dynamic [byte/block],0,0,0,0
launch__shared_mem_per_block_static [Kbyte/block],0,0,0,8.19
launch__sm_count [SM],20,20,20,20
launch__stack_size,"1,024","1,024","1,024","1,024"
launch__stream_id,7,7,7,7
launch__thread_count [thread],"2,12,992","2,12,992","2,12,992","26,624"
launch__tpc_count,10,10,10,10
launch__tpc_enabled,all,all,all,all
launch__user_grid_dim_x,832,832,832,208
launch__user_grid_dim_y,1,1,1,1
launch__user_grid_dim_z,1,1,1,1
launch__user_grid_size,832,832,832,208
launch__uses_blocks_as_clusters,0,0,0,0
launch__uses_cdp,0,0,0,0
launch__uses_green_context,0,0,0,0
launch__uses_nvlink_centric_scheduling,0,0,0,0
launch__uses_vgpu,0,0,0,0
launch__waves_per_multiprocessor,6.93,6.93,6.93,1.49
lts__average_gcomp_input_sector_success_rate.pct [%],0,0,0,0
lts__average_gcomp_output_sector_compression_achieved_rate.ratio,0,0,0,0
lts__cycles_active.avg [cycle],"10,807.42","10,693.58","10,825.92","21,988.75"
lts__cycles_active.max [cycle],"11,307","11,261","11,087","23,307"
lts__cycles_active.min [cycle],"10,475","10,286","10,581","21,250"
lts__cycles_active.sum [cycle],"1,29,689","1,28,323","1,29,911","2,63,865"
lts__cycles_elapsed.avg [cycle],"13,387","13,344","13,426","27,339"
lts__cycles_elapsed.avg.per_second [Ghz],1.91,1.90,1.91,1.92
lts__cycles_elapsed.max [cycle],"13,387","13,344","13,426","27,339"
lts__cycles_elapsed.max.per_second [Ghz],1.91,1.90,1.91,1.92
lts__cycles_elapsed.min [cycle],"13,387","13,344","13,426","27,339"
lts__cycles_elapsed.min.per_second [Ghz],1.91,1.90,1.91,1.92
lts__cycles_elapsed.sum [cycle],"1,60,644","1,60,128","1,61,112","3,28,068"
lts__cycles_elapsed.sum.per_second [Ghz],22.92,22.85,22.89,23.04
lts__d_atomic_input_cycles_active.avg.pct_of_peak_sustained_elapsed [%],0,0,0,0
lts__d_atomic_input_cycles_active.max.pct_of_peak_sustained_elapsed [%],0,0,0,0
lts__d_atomic_input_cycles_active.min.pct_of_peak_sustained_elapsed [%],0,0,0,0
lts__d_atomic_input_cycles_active.sum.pct_of_peak_sustained_elapsed [%],0,0,0,0
lts__d_sectors.avg.pct_of_peak_sustained_elapsed [%],10.41,10.46,10.38,8.81
lts__d_sectors.max.pct_of_peak_sustained_elapsed [%],10.53,10.57,10.49,9.37
lts__d_sectors.min.pct_of_peak_sustained_elapsed [%],10.29,10.39,10.26,8.54
lts__d_sectors.sum.pct_of_peak_sustained_elapsed [%],10.41,10.46,10.38,8.81
lts__d_sectors_fill_device.avg.pct_of_peak_sustained_elapsed [%],16.71,16.68,16.58,4.28
lts__d_sectors_fill_device.max.pct_of_peak_sustained_elapsed [%],16.89,16.79,16.72,4.34
lts__d_sectors_fill_device.min.pct_of_peak_sustained_elapsed [%],16.61,16.61,16.45,4.13
lts__d_sectors_fill_device.sum.pct_of_peak_sustained_elapsed [%],16.71,16.68,16.58,4.28
lts__d_sectors_fill_sysmem.avg.pct_of_peak_sustained_elapsed [%],0,0,0,0
lts__d_sectors_fill_sysmem.max.pct_of_peak_sustained_elapsed [%],0,0,0,0
lts__d_sectors_fill_sysmem.min.pct_of_peak_sustained_elapsed [%],0,0,0,0
lts__d_sectors_fill_sysmem.sum.pct_of_peak_sustained_elapsed [%],0,0,0,0
lts__gcomp_input_sectors.avg [sector],0,0,0,0
lts__gcomp_input_sectors.max [sector],0,0,0,0
lts__gcomp_input_sectors.min [sector],0,0,0,0
lts__gcomp_input_sectors.sum [sector],0,0,0,0
lts__gcomp_input_sectors.sum.pct_of_peak_sustained_elapsed [%],0,0,0,0
lts__gcomp_input_sectors.sum.per_second [sector/s],0,0,0,0
lts__gcomp_output_sectors.sum [sector],0,0,0,0
lts__gcomp_output_sectors.sum.pct_of_peak_sustained_elapsed [%],0,0,0,0
lts__gcomp_output_sectors.sum.per_second [sector/s],0,0,0,0
lts__lts2xbar_cycles_active.avg.pct_of_peak_sustained_elapsed [%],8.48,8.47,8.42,2.81
lts__lts2xbar_cycles_active.avg.peak_sustained,2,2,2,2
lts__lts2xbar_cycles_active.avg.per_second [Mhz],324.17,322.63,321.18,108.02
lts__lts2xbar_cycles_active.max.pct_of_peak_sustained_elapsed [%],8.72,8.69,8.67,3.86
lts__lts2xbar_cycles_active.max.peak_sustained,2,2,2,2
lts__lts2xbar_cycles_active.max.per_second [Mhz],333.33,330.91,330.68,148.31
lts__lts2xbar_cycles_active.min.pct_of_peak_sustained_elapsed [%],8.33,8.38,8.27,2.30
lts__lts2xbar_cycles_active.min.peak_sustained,2,2,2,2
lts__lts2xbar_cycles_active.min.per_second [Mhz],318.07,319.21,315.48,88.34
lts__lts2xbar_cycles_active.sum.pct_of_peak_sustained_elapsed [%],8.48,8.47,8.42,2.81
lts__lts2xbar_cycles_active.sum.peak_sustained,24,24,24,24
lts__lts2xbar_cycles_active.sum.per_second [Ghz],3.89,3.87,3.85,1.30
lts__t_requests.sum [request],"11,771","11,866","11,936","63,446"
lts__t_requests_srcunit_gcc.sum [request],72,72,72,294
lts__t_requests_srcunit_tex.sum [request],"11,587","11,546","11,530","66,395"
lts__t_requests_srcunit_tex_op_atom_dot_alu.sum [request],0,0,0,0
lts__t_requests_srcunit_tex_op_atom_dot_cas.sum [request],0,0,0,0
lts__t_requests_srcunit_tex_op_read.sum [request],"6,656","6,656","6,656","7,903"
lts__t_requests_srcunit_tex_op_red.sum [request],0,0,0,0
lts__t_requests_srcunit_tex_op_write.sum [request],"4,829","4,896","4,997","54,623"
lts__t_sector_hit_rate.pct [%],34.06,34.17,34.06,86.18
lts__t_sector_op_read_hit_rate.pct [%],0.94,1.18,0.94,24.34
lts__t_sector_op_write_hit_rate.pct [%],100,100,100,98.12
lts__t_sectors.avg [sector],"3,377.75","3,383","3,377.67","8,502.83"
lts__t_sectors.avg.pct_of_peak_sustained_elapsed [%],12.62,12.68,12.58,15.55
lts__t_sectors.avg.peak_sustained [sector/cycle],2,2,2,2
lts__t_sectors.avg.per_cycle_elapsed [sector/cycle],0.25,0.25,0.25,0.31
lts__t_sectors.max [sector],"3,419","3,435","3,426","9,089"
lts__t_sectors.max.pct_of_peak_sustained_elapsed [%],12.77,12.87,12.76,16.62
lts__t_sectors.min [sector],"3,331","3,347","3,331","8,196"
lts__t_sectors.min.pct_of_peak_sustained_elapsed [%],12.44,12.54,12.41,14.99
lts__t_sectors.sum [sector],"40,533","40,596","40,532","1,02,034"
lts__t_sectors.sum.pct_of_peak_sustained_elapsed [%],12.62,12.68,12.58,15.55
lts__t_sectors.sum.per_second [sector/ns],5.78,5.79,5.76,7.17
lts__t_sectors_aperture_device_lookup_miss.sum [sector],"26,709","26,709","26,709","13,898"
lts__t_sectors_aperture_peer_lookup_miss.sum [sector],0,0,0,0
lts__t_sectors_aperture_sysmem_lookup_miss.sum [sector],0,0,0,0
lts__t_sectors_data_ecc.avg.pct_of_peak_sustained_elapsed [%],0,0,0,0
lts__t_sectors_data_ecc.avg.peak_sustained [sector/cycle],8,8,8,8
lts__t_sectors_data_ecc.avg.per_cycle_elapsed [sector/cycle],0,0,0,0
lts__t_sectors_data_ecc.sum [sector],0,0,0,0
lts__t_sectors_data_ecc.sum.per_second [sector/s],0,0,0,0
lts__t_sectors_evict_first_lookup_hit.sum [sector],146,145,145,198
lts__t_sectors_evict_first_lookup_miss.sum [sector],0,0,0,0
lts__t_sectors_evict_last_lookup_hit.sum [sector],0,0,0,0
lts__t_sectors_evict_last_lookup_miss.sum [sector],0,0,0,0
lts__t_sectors_evict_normal_demote_lookup_hit.sum [sector],0,0,0,0
lts__t_sectors_evict_normal_demote_lookup_miss.sum [sector],0,0,0,0
lts__t_sectors_evict_normal_lookup_hit.sum [sector],"13,624","13,624","13,624","88,972"
lts__t_sectors_evict_normal_lookup_miss.sum [sector],"26,709","26,709","26,709","13,898"
lts__t_sectors_lookup_hit.sum [sector],"13,806","13,870","13,806","87,929"
lts__t_sectors_lookup_miss.avg [sector],"2,225.75","2,225.75","2,231.08","1,158.17"
lts__t_sectors_lookup_miss.max [sector],"2,245","2,240","2,256","1,187"
lts__t_sectors_lookup_miss.min [sector],"2,208","2,216","2,208","1,128"
lts__t_sectors_lookup_miss.sum [sector],"26,709","26,709","26,773","13,898"
lts__t_sectors_lookup_miss_data_promoted.avg [sector],0,0,0,0
lts__t_sectors_lookup_miss_data_promoted.max [sector],0,0,0,0
lts__t_sectors_lookup_miss_data_promoted.min [sector],0,0,0,0
lts__t_sectors_lookup_miss_data_promoted.sum [sector],0,0,0,0
lts__t_sectors_op_read.avg.per_second [sector/us],320.60,320.60,319.11,105.78
lts__t_sectors_op_read.max.per_second [sector/us],327.63,325.34,326.14,145.01
lts__t_sectors_op_read.min.per_second [sector/us],315.07,317.35,313.64,87.36
lts__t_sectors_op_read.sum.per_second [sector/ns],3.85,3.85,3.83,1.27
lts__t_sectors_op_write.avg.per_second [sector/us],158.45,158.45,157.73,495.43
lts__t_sectors_op_write.max.per_second [sector/us],159.82,160.96,159.66,499.58
lts__t_sectors_op_write.min.per_second [sector/us],157.53,157.53,156.82,491.22
lts__t_sectors_op_write.sum.per_second [sector/ns],1.90,1.90,1.89,5.95
lts__t_sectors_srcunit_gcc.avg.pct_of_peak_sustained_elapsed [%],0.18,0.18,0.18,0.36
lts__t_sectors_srcunit_gcc.avg.peak_sustained [sector/cycle],1,1,1,1
lts__t_sectors_srcunit_gcc.avg.per_cycle_elapsed [sector/cycle],0.00,0.00,0.00,0.00
lts__t_sectors_srcunit_gcc.sum [sector],288,288,288,"1,176"
lts__t_sectors_srcunit_gcc.sum.per_second [sector/us],41.10,41.10,40.91,82.58
lts__t_sectors_srcunit_gcc_aperture_device_lookup_miss.sum [sector],85,85,85,379
lts__t_sectors_srcunit_gcc_aperture_peer_lookup_miss.sum [sector],0,0,0,0
lts__t_sectors_srcunit_gcc_aperture_sysmem_lookup_miss.sum [sector],0,0,0,0
lts__t_sectors_srcunit_gcc_lookup_hit.sum [sector],203,203,203,797
lts__t_sectors_srcunit_gcc_lookup_miss.sum [sector],85,85,85,379
lts__t_sectors_srcunit_tex.avg.pct_of_peak_sustained_elapsed [%],12.43,12.47,12.39,15.67
lts__t_sectors_srcunit_tex.avg.peak_sustained [sector/cycle],2,2,2,2
lts__t_sectors_srcunit_tex.avg.per_cycle_elapsed [sector/cycle],0.25,0.25,0.25,0.31
lts__t_sectors_srcunit_tex.max.pct_of_peak_sustained_elapsed [%],12.49,12.47,12.45,16.73
lts__t_sectors_srcunit_tex.min.pct_of_peak_sustained_elapsed [%],12.37,12.47,12.33,14.89
lts__t_sectors_srcunit_tex.sum [sector],"39,936","39,936","39,936","1,02,806"
lts__t_sectors_srcunit_tex.sum.pct_of_peak_sustained_elapsed [%],12.43,12.47,12.39,15.67
lts__t_sectors_srcunit_tex.sum.per_second [sector/ns],5.70,5.70,5.67,7.22
lts__t_sectors_srcunit_tex_aperture_device_lookup_miss.sum [sector],"26,624","26,624","26,624","13,519"
lts__t_sectors_srcunit_tex_aperture_device_op_atom_dot_alu_lookup_miss.sum [sector],0,0,0,0
lts__t_sectors_srcunit_tex_aperture_device_op_atom_dot_cas_lookup_miss.sum [sector],0,0,0,0
lts__t_sectors_srcunit_tex_aperture_device_op_read_lookup_miss.sum [sector],"26,624","26,624","26,624","13,519"
lts__t_sectors_srcunit_tex_aperture_device_op_red_lookup_miss.sum [sector],0,0,0,0
lts__t_sectors_srcunit_tex_aperture_device_op_write_lookup_miss.sum [sector],0,0,0,0
lts__t_sectors_srcunit_tex_aperture_peer_lookup_miss.avg [sector],0,0,0,0
lts__t_sectors_srcunit_tex_aperture_peer_lookup_miss.max [sector],0,0,0,0
lts__t_sectors_srcunit_tex_aperture_peer_lookup_miss.min [sector],0,0,0,0
lts__t_sectors_srcunit_tex_aperture_peer_lookup_miss.sum [sector],0,0,0,0
lts__t_sectors_srcunit_tex_aperture_peer_op_atom.sum [sector],0,0,0,0
lts__t_sectors_srcunit_tex_aperture_peer_op_atom.sum.pct_of_peak_sustained_elapsed [%],0,0,0,0
lts__t_sectors_srcunit_tex_aperture_peer_op_atom.sum.per_second [sector/s],0,0,0,0
lts__t_sectors_srcunit_tex_aperture_peer_op_atom_dot_alu_lookup_miss.sum [sector],0,0,0,0
lts__t_sectors_srcunit_tex_aperture_peer_op_atom_dot_cas_lookup_miss.sum [sector],0,0,0,0
lts__t_sectors_srcunit_tex_aperture_peer_op_read_lookup_miss.sum [sector],0,0,0,0
lts__t_sectors_srcunit_tex_aperture_peer_op_read_lookup_miss.sum.pct_of_peak_sustained_elapsed [%],0,0,0,0
lts__t_sectors_srcunit_tex_aperture_peer_op_read_lookup_miss.sum.per_second [sector/s],0,0,0,0
lts__t_sectors_srcunit_tex_aperture_peer_op_red.sum [sector],0,0,0,0
lts__t_sectors_srcunit_tex_aperture_peer_op_red.sum.pct_of_peak_sustained_elapsed [%],0,0,0,0
lts__t_sectors_srcunit_tex_aperture_peer_op_red.sum.per_second [sector/s],0,0,0,0
lts__t_sectors_srcunit_tex_aperture_peer_op_red_lookup_miss.sum [sector],0,0,0,0
lts__t_sectors_srcunit_tex_aperture_peer_op_write.sum [sector],0,0,0,0
lts__t_sectors_srcunit_tex_aperture_peer_op_write.sum.pct_of_peak_sustained_elapsed [%],0,0,0,0
lts__t_sectors_srcunit_tex_aperture_peer_op_write.sum.per_second [sector/s],0,0,0,0
lts__t_sectors_srcunit_tex_aperture_peer_op_write_lookup_miss.sum [sector],0,0,0,0
lts__t_sectors_srcunit_tex_aperture_sysmem_lookup_miss.avg [sector],0,0,0,0
lts__t_sectors_srcunit_tex_aperture_sysmem_lookup_miss.max [sector],0,0,0,0
lts__t_sectors_srcunit_tex_aperture_sysmem_lookup_miss.min [sector],0,0,0,0
lts__t_sectors_srcunit_tex_aperture_sysmem_lookup_miss.sum [sector],0,0,0,0
lts__t_sectors_srcunit_tex_aperture_sysmem_op_atom.sum [sector],0,0,0,0
lts__t_sectors_srcunit_tex_aperture_sysmem_op_atom.sum.pct_of_peak_sustained_elapsed [%],0,0,0,0
lts__t_sectors_srcunit_tex_aperture_sysmem_op_atom.sum.per_second [sector/s],0,0,0,0
lts__t_sectors_srcunit_tex_aperture_sysmem_op_atom_dot_alu_lookup_miss.sum [sector],0,0,0,0
lts__t_sectors_srcunit_tex_aperture_sysmem_op_atom_dot_cas_lookup_miss.sum [sector],0,0,0,0
lts__t_sectors_srcunit_tex_aperture_sysmem_op_read_lookup_miss.sum [sector],0,0,0,0
lts__t_sectors_srcunit_tex_aperture_sysmem_op_read_lookup_miss.sum.pct_of_peak_sustained_elapsed [%],0,0,0,0
lts__t_sectors_srcunit_tex_aperture_sysmem_op_read_lookup_miss.sum.per_second [sector/s],0,0,0,0
lts__t_sectors_srcunit_tex_aperture_sysmem_op_red.sum [sector],0,0,0,0
lts__t_sectors_srcunit_tex_aperture_sysmem_op_red.sum.pct_of_peak_sustained_elapsed [%],0,0,0,0
lts__t_sectors_srcunit_tex_aperture_sysmem_op_red.sum.per_second [sector/s],0,0,0,0
lts__t_sectors_srcunit_tex_aperture_sysmem_op_red_lookup_miss.sum [sector],0,0,0,0
lts__t_sectors_srcunit_tex_aperture_sysmem_op_write.sum [sector],0,0,0,0
lts__t_sectors_srcunit_tex_aperture_sysmem_op_write.sum.pct_of_peak_sustained_elapsed [%],0,0,0,0
lts__t_sectors_srcunit_tex_aperture_sysmem_op_write.sum.per_second [sector/s],0,0,0,0
lts__t_sectors_srcunit_tex_aperture_sysmem_op_write_lookup_miss.sum [sector],0,0,0,0
lts__t_sectors_srcunit_tex_evict_first_lookup_hit.sum [sector],0,0,0,0
lts__t_sectors_srcunit_tex_evict_first_lookup_miss.sum [sector],0,0,0,0
lts__t_sectors_srcunit_tex_evict_last_lookup_hit.sum [sector],0,0,0,0
lts__t_sectors_srcunit_tex_evict_last_lookup_miss.sum [sector],0,0,0,0
lts__t_sectors_srcunit_tex_evict_normal_demote_lookup_hit.sum [sector],0,0,0,0
lts__t_sectors_srcunit_tex_evict_normal_demote_lookup_miss.sum [sector],0,0,0,0
lts__t_sectors_srcunit_tex_evict_normal_lookup_hit.sum [sector],"13,312","13,312","13,312","88,441"
lts__t_sectors_srcunit_tex_evict_normal_lookup_miss.sum [sector],"26,624","26,624","26,624","13,519"
lts__t_sectors_srcunit_tex_lookup_hit.sum [sector],"13,312","13,312","13,312","86,470"
lts__t_sectors_srcunit_tex_lookup_miss.avg [sector],"2,218.67","2,218.67","2,218.67","1,126.58"
lts__t_sectors_srcunit_tex_lookup_miss.max [sector],"2,224","2,224","2,224","1,152"
lts__t_sectors_srcunit_tex_lookup_miss.min [sector],"2,208","2,208","2,208","1,104"
lts__t_sectors_srcunit_tex_lookup_miss.sum [sector],"26,624","26,624","26,624","13,519"
lts__t_sectors_srcunit_tex_op_atom_dot_alu.avg.pct_of_peak_sustained_elapsed [%],0,0,0,0
lts__t_sectors_srcunit_tex_op_atom_dot_alu.avg.peak_sustained [sector/cycle],1,1,1,1
lts__t_sectors_srcunit_tex_op_atom_dot_alu.avg.per_cycle_elapsed [sector/cycle],0,0,0,0
lts__t_sectors_srcunit_tex_op_atom_dot_alu.sum [sector],0,0,0,0
lts__t_sectors_srcunit_tex_op_atom_dot_alu.sum.per_second [sector/s],0,0,0,0
lts__t_sectors_srcunit_tex_op_atom_dot_alu_lookup_hit.sum [sector],0,0,0,0
lts__t_sectors_srcunit_tex_op_atom_dot_alu_lookup_miss.sum [sector],0,0,0,0
lts__t_sectors_srcunit_tex_op_atom_dot_cas.avg.pct_of_peak_sustained_elapsed [%],0,0,0,0
lts__t_sectors_srcunit_tex_op_atom_dot_cas.avg.peak_sustained [sector/cycle],1,1,1,1
lts__t_sectors_srcunit_tex_op_atom_dot_cas.avg.per_cycle_elapsed [sector/cycle],0,0,0,0
lts__t_sectors_srcunit_tex_op_atom_dot_cas.sum [sector],0,0,0,0
lts__t_sectors_srcunit_tex_op_atom_dot_cas.sum.per_second [sector/s],0,0,0,0
lts__t_sectors_srcunit_tex_op_atom_dot_cas_lookup_hit.sum [sector],0,0,0,0
lts__t_sectors_srcunit_tex_op_atom_dot_cas_lookup_miss.sum [sector],0,0,0,0
lts__t_sectors_srcunit_tex_op_atom_evict_first_lookup_hit.sum [sector],0,0,0,0
lts__t_sectors_srcunit_tex_op_atom_evict_first_lookup_miss.sum [sector],0,0,0,0
lts__t_sectors_srcunit_tex_op_atom_evict_last_lookup_hit.sum [sector],0,0,0,0
lts__t_sectors_srcunit_tex_op_atom_evict_last_lookup_miss.sum [sector],0,0,0,0
lts__t_sectors_srcunit_tex_op_atom_evict_normal_lookup_hit.sum [sector],0,0,0,0
lts__t_sectors_srcunit_tex_op_atom_evict_normal_lookup_miss.sum [sector],0,0,0,0
lts__t_sectors_srcunit_tex_op_read.avg.pct_of_peak_sustained_elapsed [%],8.29,8.31,8.26,2.56
lts__t_sectors_srcunit_tex_op_read.avg.peak_sustained [sector/cycle],2,2,2,2
lts__t_sectors_srcunit_tex_op_read.avg.per_cycle_elapsed [sector/cycle],0.17,0.17,0.17,0.05
lts__t_sectors_srcunit_tex_op_read.sum [sector],"26,624","26,624","26,624","16,804"
lts__t_sectors_srcunit_tex_op_read.sum.per_second [sector/ns],3.80,3.80,3.78,1.18
lts__t_sectors_srcunit_tex_op_read_evict_first_lookup_hit.sum [sector],0,0,0,0
lts__t_sectors_srcunit_tex_op_read_evict_first_lookup_miss.sum [sector],0,0,0,0
lts__t_sectors_srcunit_tex_op_read_evict_last_lookup_hit.sum [sector],0,0,0,0
lts__t_sectors_srcunit_tex_op_read_evict_last_lookup_miss.sum [sector],0,0,0,0
lts__t_sectors_srcunit_tex_op_read_evict_normal_demote_lookup_hit.sum [sector],0,0,0,0
lts__t_sectors_srcunit_tex_op_read_evict_normal_demote_lookup_miss.sum [sector],0,0,0,0
lts__t_sectors_srcunit_tex_op_read_evict_normal_lookup_hit.sum [sector],0,0,0,"3,341"
lts__t_sectors_srcunit_tex_op_read_evict_normal_lookup_miss.sum [sector],"26,624","26,624","26,624","13,519"
lts__t_sectors_srcunit_tex_op_read_lookup_hit.sum [sector],0,0,0,"3,341"
lts__t_sectors_srcunit_tex_op_read_lookup_miss.sum [sector],"26,624","26,624","26,624","13,519"
lts__t_sectors_srcunit_tex_op_red.avg.pct_of_peak_sustained_elapsed [%],0,0,0,0
lts__t_sectors_srcunit_tex_op_red.avg.peak_sustained [sector/cycle],1,1,1,1
lts__t_sectors_srcunit_tex_op_red.avg.per_cycle_elapsed [sector/cycle],0,0,0,0
lts__t_sectors_srcunit_tex_op_red.sum [sector],0,0,0,0
lts__t_sectors_srcunit_tex_op_red.sum.per_second [sector/s],0,0,0,0
lts__t_sectors_srcunit_tex_op_red_lookup_hit.sum [sector],0,0,0,0
lts__t_sectors_srcunit_tex_op_red_lookup_miss.sum [sector],0,0,0,0
lts__t_sectors_srcunit_tex_op_write.avg.pct_of_peak_sustained_elapsed [%],8.29,8.31,8.26,25.10
lts__t_sectors_srcunit_tex_op_write.avg.peak_sustained [sector/cycle],1,1,1,1
lts__t_sectors_srcunit_tex_op_write.avg.per_cycle_elapsed [sector/cycle],0.08,0.08,0.08,0.25
lts__t_sectors_srcunit_tex_op_write.sum [sector],"13,312","13,312","13,312","82,343"
lts__t_sectors_srcunit_tex_op_write.sum.per_second [sector/ns],1.90,1.90,1.89,5.78
lts__t_sectors_srcunit_tex_op_write_evict_first_lookup_hit.sum [sector],0,0,0,0
lts__t_sectors_srcunit_tex_op_write_evict_first_lookup_miss.sum [sector],0,0,0,0
lts__t_sectors_srcunit_tex_op_write_evict_last_lookup_hit.sum [sector],0,0,0,0
lts__t_sectors_srcunit_tex_op_write_evict_last_lookup_miss.sum [sector],0,0,0,0
lts__t_sectors_srcunit_tex_op_write_evict_normal_demote_lookup_hit.sum [sector],0,0,0,0
lts__t_sectors_srcunit_tex_op_write_evict_normal_demote_lookup_miss.sum [sector],0,0,0,0
lts__t_sectors_srcunit_tex_op_write_evict_normal_lookup_hit.sum [sector],"13,312","13,312","13,312","84,157"
lts__t_sectors_srcunit_tex_op_write_evict_normal_lookup_miss.sum [sector],0,0,0,0
lts__t_sectors_srcunit_tex_op_write_lookup_hit.sum [sector],"13,312","13,312","13,312","84,157"
lts__t_sectors_srcunit_tex_op_write_lookup_miss.sum [sector],0,0,0,0
lts__t_tag_requests.avg.pct_of_peak_sustained_elapsed [%],7.39,7.29,7.38,19.69
lts__t_tag_requests.max.pct_of_peak_sustained_elapsed [%],7.78,7.64,7.69,21.46
lts__t_tag_requests.min.pct_of_peak_sustained_elapsed [%],7.19,7.14,7.16,18.29
lts__t_tag_requests.sum.pct_of_peak_sustained_elapsed [%],7.39,7.29,7.38,19.69
lts__throughput.avg.pct_of_peak_sustained_elapsed [%],16.71,16.68,16.58,28.22
lts__throughput.max.pct_of_peak_sustained_elapsed [%],16.89,16.79,16.72,29.60
lts__throughput.min.pct_of_peak_sustained_elapsed [%],16.61,16.61,16.45,27.48
lts__throughput.sum.pct_of_peak_sustained_elapsed [%],16.71,16.68,16.58,28.22
lts__xbar2lts_cycles_active.avg.pct_of_peak_sustained_elapsed [%],11.26,11.34,11.29,28.22
lts__xbar2lts_cycles_active.max.pct_of_peak_sustained_elapsed [%],11.58,11.69,11.75,29.60
lts__xbar2lts_cycles_active.min.pct_of_peak_sustained_elapsed [%],11.12,11.14,11.07,27.48
lts__xbar2lts_cycles_active.sum.pct_of_peak_sustained_elapsed [%],11.26,11.34,11.29,28.22
memory_access_size_type,0 {2},0 {2},0 {2},0 {102}
memory_access_type,0 {2},0 {2},0 {2},0 {102}
memory_l1_tag_requests_global [sectors],"13,312 {2}","13,312 {2}","13,312 {2}","1,69,104 {65}"
memory_l1_wavefronts_shared [sectors],0,0,0,"71,552 {37}"
memory_l1_wavefronts_shared_ideal [sectors],0,0,0,"19,136 {37}"
memory_l2_theoretical_sectors_global [sectors],"39,936 {2}","39,936 {2}","39,936 {2}","1,75,760 {65}"
memory_l2_theoretical_sectors_global_ideal [sectors],"39,936 {2}","39,936 {2}","39,936 {2}","1,49,136 {65}"
memory_l2_theoretical_sectors_local [sectors],0,0,0,0
memory_type,0 {2},0 {2},0 {2},0 {102}
numa__cpu_affinity,1,1,1,1
numa__dev_display_name_all,1,1,1,1
numa__id_cpu,1,1,1,1
numa__id_memory,1,1,1,1
nvlink__bandwidth,0,0,0,0
nvlink__count_logical,0,0,0,0
nvlink__count_physical,0,0,0,0
nvlink__destination_ports,0,0,0,0
nvlink__dev0Id,0,0,0,0
nvlink__dev0type,0,0,0,0
nvlink__dev1Id,0,0,0,0
nvlink__dev1type,0,0,0,0
nvlink__dev_display_name_all,1,1,1,1
nvlink__enabled_mask,0,0,0,0
nvlink__is_direct_link,0,0,0,0
nvlink__is_nvswitch_connected,0,0,0,0
nvlink__max_count,0,0,0,0
nvlink__peer_access,0,0,0,0
nvlink__peer_atomic,0,0,0,0
nvlink__source_ports,0,0,0,0
nvlink__system_access,0,0,0,0
nvlink__system_atomic,0,0,0,0
nvlrx__bytes.sum.per_second [byte],0,0,0,0
nvltx__bytes.sum.per_second [byte],0,0,0,0
pcie__read_bytes.avg.per_second [byte/s],0,0,0,0
pcie__read_bytes.max.per_second [byte/s],0,0,0,0
pcie__read_bytes.min.per_second [byte/s],0,0,0,0
pcie__read_bytes.sum.per_second [byte/s],0,0,0,0
pcie__write_bytes.avg.per_second [Mbyte/s],803.65,803.65,800,395.51
pcie__write_bytes.max.per_second [Mbyte/s],803.65,803.65,800,395.51
pcie__write_bytes.min.per_second [Mbyte/s],803.65,803.65,800,395.51
pcie__write_bytes.sum.per_second [Mbyte/s],803.65,803.65,800,395.51
pmsampling:sm__inst_executed_pipe_xu_realtime.avg.pct_of_peak_sustained_elapsed [%],0 {531},0 {570},0.27 {711},0.05 {626}
pmsampling:sm__pipe_tensor_cycles_active_realtime.avg.pct_of_peak_sustained_elapsed [%],0 {531},0 {570},0 {711},0.05 {626}
profiler__perfworks_session_reuse,0,0,0,0
profiler__pmsampler_buffer_size_bytes [Mbyte],3.54 {3},3.54 {3},3.54 {3},3.54 {3}
profiler__pmsampler_ctxsw_0,1 {2},1 {2},1 {6},1 {4}
profiler__pmsampler_ctxsw_1,1 {2},1 {2},1 {2},1 {2}
profiler__pmsampler_ctxsw_2,1 {2},1 {2},1 {4},1 {4}
profiler__pmsampler_interval_time [us],1 {3},1 {3},1 {3},1 {3}
profiler__pmsampler_merged_samples [sample],0 {3},0 {3},0 {3},0 {3}
profiler__pmsampler_pass_groups,3 {3},3 {3},3 {3},3 {3}
profiler__pmwarpsampling_interval_cycles [cycle],256 {3},256 {3},256 {3},256 {3}
profiler__replayer_bytes_mem_accessible.avg [Mbyte],13.08,13.08,13.08,13.08
profiler__replayer_bytes_mem_accessible.max [Mbyte],13.08,13.08,13.08,13.08
profiler__replayer_bytes_mem_accessible.min [Mbyte],13.08,13.08,13.08,13.08
profiler__replayer_bytes_mem_accessible.sum [Mbyte],575.40,575.40,575.40,575.40
profiler__replayer_bytes_mem_backed_up.avg [Mbyte],13.08,13.08,13.08,13.08
profiler__replayer_bytes_mem_backed_up.max [Mbyte],13.08,13.08,13.08,13.08
profiler__replayer_bytes_mem_backed_up.min [Mbyte],13.08,13.08,13.08,13.08
profiler__replayer_bytes_mem_backed_up.sum [Mbyte],575.40,575.40,575.40,575.40
profiler__replayer_passes [pass],44,44,44,44
profiler__replayer_passes_type_warmup [pass],0,0,0,0
profiler__timestamp_workload_end_0,1,1,1,1
profiler__timestamp_workload_end_1,1,1,1,1
profiler__timestamp_workload_end_2,1,1,1,1
profiler__timestamp_workload_start_0,1,1,1,1
profiler__timestamp_workload_start_1,1,1,1,1
profiler__timestamp_workload_start_2,1,1,1,1
sass__inst_executed_global_loads [inst],"6,656","6,656","6,656","16,016"
sass__inst_executed_global_stores [inst],"6,656","6,656","6,656","13,312"
sass__inst_executed_local_loads [inst],0,0,0,0
sass__inst_executed_local_stores [inst],0,0,0,0
sass__inst_executed_per_opcode,"99,840 {9}","99,840 {9}","99,840 {9}","3,31,968 {35}"
sass__inst_executed_per_opcode_category,"99,840 {7}","99,840 {7}","99,840 {7}","3,31,968 {8}"
sass__inst_executed_per_opcode_pipeline,"99,840 {5}","99,840 {5}","99,840 {5}","3,45,488 {11}"
sass__inst_executed_per_opcode_with_modifier_all,"99,840 {10}","99,840 {10}","99,840 {10}","3,31,968 {60}"
sass__inst_executed_per_opcode_with_modifier_selective,"99,840 {9}","99,840 {9}","99,840 {9}","3,31,968 {39}"
sass__inst_executed_register_spilling [inst],0,0,0,0
sass__inst_executed_register_spilling_mem_local [inst],0,0,0,0
sass__inst_executed_register_spilling_mem_local_op_read [inst],0,0,0,0
sass__inst_executed_register_spilling_mem_local_op_write [inst],0,0,0,0
sass__inst_executed_register_spilling_mem_shared [inst],0,0,0,0
sass__inst_executed_register_spilling_mem_shared_op_read [inst],0,0,0,0
sass__inst_executed_register_spilling_mem_shared_op_write [inst],0,0,0,0
sass__inst_executed_register_spilling_op_read [inst],0,0,0,0
sass__inst_executed_register_spilling_op_write [inst],0,0,0,0
sass__inst_executed_shared_loads [inst],0,0,0,"2,496"
sass__inst_executed_shared_stores [inst],0,0,0,"9,984"
sass__thread_inst_executed_per_opcode_category,"29,81,888 {7}","29,81,888 {7}","29,81,888 {7}","93,08,000 {8}"
sass__thread_inst_executed_per_opcode_pipeline,"29,81,888 {5}","29,81,888 {5}","29,81,888 {5}","95,27,648 {11}"
sass__thread_inst_executed_true_per_opcode,"29,81,888 {9}","29,81,888 {9}","29,81,888 {9}","93,08,000 {35}"
sass__thread_inst_executed_true_per_opcode_with_modifier_all,"29,81,888 {10}","29,81,888 {10}","29,81,888 {10}","93,08,000 {60}"
sass__thread_inst_executed_true_per_opcode_with_modifier_selective,"29,81,888 {9}","29,81,888 {9}","29,81,888 {9}","93,08,000 {39}"
sm__cycles_active.avg [cycle],"12,438.85","12,417.65","12,559.65","26,829.30"
sm__cycles_active.max [cycle],"12,817","12,726","12,863","28,206"
sm__cycles_active.min [cycle],"12,015","11,929","12,068","25,339"
sm__cycles_active.sum [cycle],"2,48,777","2,48,353","2,51,193","5,36,586"
sm__cycles_elapsed.avg [cycle],"14,783.60","14,731.60","14,827.70","30,195.80"
sm__cycles_elapsed.avg.per_second [Ghz],2.11,2.10,2.11,2.12
sm__cycles_elapsed.max [cycle],"14,795","14,755","14,849","30,239"
sm__cycles_elapsed.max.per_second [Ghz],2.11,2.11,2.11,2.12
sm__cycles_elapsed.min [cycle],"14,770","14,714","14,813","30,155"
sm__cycles_elapsed.min.per_second [Ghz],2.11,2.10,2.10,2.12
sm__cycles_elapsed.sum [cycle],"2,95,672","2,94,632","2,96,554","6,03,916"
sm__cycles_elapsed.sum.per_second [Ghz],42.19,42.04,42.12,42.41
sm__icc_request_hit_rate.pct [%],50.37,50.14,51.88,95.65
sm__icc_requests.sum [cycle],683,700,665,"11,872"
sm__icc_requests.sum.pct_of_peak_sustained_elapsed [%],0.46,0.48,0.45,3.93
sm__inst_executed.avg.pct_of_peak_sustained_elapsed [%],8.44,8.47,8.42,13.74
sm__inst_executed.avg.per_cycle_active [inst/cycle],0.40,0.40,0.40,0.62
sm__inst_executed.avg.per_cycle_elapsed [inst/cycle],0.34,0.34,0.34,0.55
sm__inst_executed.max.pct_of_peak_sustained_elapsed [%],8.93,9.16,8.70,15.86
sm__inst_executed.max.per_cycle_active [inst/cycle],0.42,0.43,0.41,0.71
sm__inst_executed.max.per_cycle_elapsed [inst/cycle],0.36,0.37,0.35,0.63
sm__inst_executed.min.pct_of_peak_sustained_elapsed [%],7.91,8.15,7.89,10.57
sm__inst_executed.min.per_cycle_active [inst/cycle],0.38,0.39,0.37,0.48
sm__inst_executed.min.per_cycle_elapsed [inst/cycle],0.32,0.33,0.32,0.42
sm__inst_executed.sum.pct_of_peak_sustained_elapsed [%],8.44,8.47,8.42,13.74
sm__inst_executed.sum.per_cycle_active [inst/cycle],8.03,8.04,7.95,12.37
sm__inst_executed.sum.per_cycle_elapsed [inst/cycle],6.75,6.78,6.73,10.99
sm__inst_executed_pipe_adu.avg.pct_of_peak_sustained_active [%],5.35,5.36,5.30,0.62
sm__inst_executed_pipe_adu.avg.pct_of_peak_sustained_elapsed [%],4.50,4.52,4.49,0.55
sm__inst_executed_pipe_adu.max.pct_of_peak_sustained_active [%],5.66,5.80,5.48,0.72
sm__inst_executed_pipe_adu.max.pct_of_peak_sustained_elapsed [%],4.76,4.89,4.64,0.64
sm__inst_executed_pipe_adu.min.pct_of_peak_sustained_active [%],5.02,5.15,4.97,0.48
sm__inst_executed_pipe_adu.min.pct_of_peak_sustained_elapsed [%],4.22,4.34,4.21,0.42
sm__inst_executed_pipe_adu.sum.pct_of_peak_sustained_active [%],5.35,5.36,5.30,0.62
sm__inst_executed_pipe_adu.sum.pct_of_peak_sustained_elapsed [%],4.50,4.52,4.49,0.55
sm__inst_executed_pipe_alu.avg.pct_of_peak_sustained_active [%],6.69,6.70,6.62,10.33
sm__inst_executed_pipe_alu.avg.pct_of_peak_sustained_elapsed [%],5.63,5.65,5.61,9.18
sm__inst_executed_pipe_alu.max.pct_of_peak_sustained_active [%],7.24,7.25,6.85,11.92
sm__inst_executed_pipe_alu.max.pct_of_peak_sustained_elapsed [%],6.09,6.11,5.80,10.59
sm__inst_executed_pipe_alu.min.pct_of_peak_sustained_active [%],6.43,6.12,6.37,8.94
sm__inst_executed_pipe_alu.min.pct_of_peak_sustained_elapsed [%],5.41,5.16,5.40,7.94
sm__inst_executed_pipe_alu.sum.pct_of_peak_sustained_active [%],6.69,6.70,6.62,10.33
sm__inst_executed_pipe_alu.sum.pct_of_peak_sustained_elapsed [%],5.63,5.65,5.61,9.18
sm__inst_executed_pipe_cbu.avg.pct_of_peak_sustained_active [%],1.34,1.34,1.32,0.25
sm__inst_executed_pipe_cbu.avg.pct_of_peak_sustained_elapsed [%],1.13,1.13,1.12,0.22
sm__inst_executed_pipe_cbu.max.pct_of_peak_sustained_active [%],1.45,1.45,1.37,0.29
sm__inst_executed_pipe_cbu.max.pct_of_peak_sustained_elapsed [%],1.22,1.22,1.16,0.26
sm__inst_executed_pipe_cbu.min.pct_of_peak_sustained_active [%],1.29,1.22,1.27,0.22
sm__inst_executed_pipe_cbu.min.pct_of_peak_sustained_elapsed [%],1.08,1.03,1.08,0.19
sm__inst_executed_pipe_cbu.sum.pct_of_peak_sustained_active [%],1.34,1.34,1.32,0.25
sm__inst_executed_pipe_cbu.sum.pct_of_peak_sustained_elapsed [%],1.13,1.13,1.12,0.22
sm__inst_executed_pipe_cbu_pred_on_any.avg.pct_of_peak_sustained_elapsed [%],2.33,2.33,2.33,0.76
sm__inst_executed_pipe_cbu_pred_on_any.max.pct_of_peak_sustained_elapsed [%],2.54,2.49,2.44,0.88
sm__inst_executed_pipe_cbu_pred_on_any.min.pct_of_peak_sustained_elapsed [%],2.21,2.12,2.19,0.66
sm__inst_executed_pipe_cbu_pred_on_any.sum.pct_of_peak_sustained_elapsed [%],2.33,2.33,2.33,0.76
sm__inst_executed_pipe_fma.avg.pct_of_peak_sustained_active [%],2.01,2.01,1.99,5.75
sm__inst_executed_pipe_fma.avg.pct_of_peak_sustained_elapsed [%],1.69,1.69,1.68,5.11
sm__inst_executed_pipe_fma.max.pct_of_peak_sustained_active [%],2.17,2.17,2.05,6.63
sm__inst_executed_pipe_fma.max.pct_of_peak_sustained_elapsed [%],1.83,1.83,1.74,5.89
sm__inst_executed_pipe_fma.min.pct_of_peak_sustained_active [%],1.93,1.84,1.91,4.97
sm__inst_executed_pipe_fma.min.pct_of_peak_sustained_elapsed [%],1.62,1.55,1.62,4.42
sm__inst_executed_pipe_fma.sum.pct_of_peak_sustained_active [%],2.01,2.01,1.99,5.75
sm__inst_executed_pipe_fma.sum.pct_of_peak_sustained_elapsed [%],1.69,1.69,1.68,5.11
sm__inst_executed_pipe_fma_type_fp16.avg.pct_of_peak_sustained_active [%],0,0,0,0
sm__inst_executed_pipe_fma_type_fp16.avg.pct_of_peak_sustained_elapsed [%],0,0,0,0
sm__inst_executed_pipe_fp64_op_dmma.avg.pct_of_peak_sustained_active [%],0,0,0,0
sm__inst_executed_pipe_fp64_op_dmma.avg.pct_of_peak_sustained_elapsed [%],0,0,0,0
sm__inst_executed_pipe_fp64_op_dmma.max.pct_of_peak_sustained_active [%],0,0,0,0
sm__inst_executed_pipe_fp64_op_dmma.max.pct_of_peak_sustained_elapsed [%],0,0,0,0
sm__inst_executed_pipe_fp64_op_dmma.min.pct_of_peak_sustained_active [%],0,0,0,0
sm__inst_executed_pipe_fp64_op_dmma.min.pct_of_peak_sustained_elapsed [%],0,0,0,0
sm__inst_executed_pipe_fp64_op_dmma.sum.pct_of_peak_sustained_active [%],0,0,0,0
sm__inst_executed_pipe_fp64_op_dmma.sum.pct_of_peak_sustained_elapsed [%],0,0,0,0
sm__inst_executed_pipe_fp64_op_fp64.avg.pct_of_peak_sustained_active [%],0,0,0,0
sm__inst_executed_pipe_fp64_op_fp64.avg.pct_of_peak_sustained_elapsed [%],0,0,0,0
sm__inst_executed_pipe_fp64_op_fp64.max.pct_of_peak_sustained_active [%],0,0,0,0
sm__inst_executed_pipe_fp64_op_fp64.max.pct_of_peak_sustained_elapsed [%],0,0,0,0
sm__inst_executed_pipe_fp64_op_fp64.min.pct_of_peak_sustained_active [%],0,0,0,0
sm__inst_executed_pipe_fp64_op_fp64.min.pct_of_peak_sustained_elapsed [%],0,0,0,0
sm__inst_executed_pipe_fp64_op_fp64.sum.pct_of_peak_sustained_active [%],0,0,0,0
sm__inst_executed_pipe_fp64_op_fp64.sum.pct_of_peak_sustained_elapsed [%],0,0,0,0
sm__inst_executed_pipe_ipa.avg.pct_of_peak_sustained_elapsed [%],0,0,0,0
sm__inst_executed_pipe_ipa.max.pct_of_peak_sustained_elapsed [%],0,0,0,0
sm__inst_executed_pipe_ipa.min.pct_of_peak_sustained_elapsed [%],0,0,0,0
sm__inst_executed_pipe_ipa.sum.pct_of_peak_sustained_elapsed [%],0,0,0,0
sm__inst_executed_pipe_lsu.avg.pct_of_peak_sustained_active [%],16.05,16.08,15.90,18.06
sm__inst_executed_pipe_lsu.avg.pct_of_peak_sustained_elapsed [%],13.51,13.55,13.47,16.05
sm__inst_executed_pipe_lsu.max.pct_of_peak_sustained_active [%],16.98,17.01,16.43,20.84
sm__inst_executed_pipe_lsu.max.pct_of_peak_sustained_elapsed [%],14.29,14.34,13.92,18.52
sm__inst_executed_pipe_lsu.min.pct_of_peak_sustained_active [%],15.44,15.46,14.52,15.63
sm__inst_executed_pipe_lsu.min.pct_of_peak_sustained_elapsed [%],12.99,13.03,12.30,13.89
sm__inst_executed_pipe_lsu.sum.pct_of_peak_sustained_active [%],16.05,16.08,15.90,18.06
sm__inst_executed_pipe_lsu.sum.pct_of_peak_sustained_elapsed [%],13.51,13.55,13.47,16.05
sm__inst_executed_pipe_tensor_op_hmma_v2.avg.pct_of_peak_sustained_active [%],0,0,0,1.24
sm__inst_executed_pipe_tensor_op_hmma_v2.avg.pct_of_peak_sustained_elapsed [%],0,0,0,1.10
sm__inst_executed_pipe_tensor_op_imma_v2.avg.pct_of_peak_sustained_active [%],0,0,0,0
sm__inst_executed_pipe_tensor_op_imma_v2.avg.pct_of_peak_sustained_elapsed [%],0,0,0,0
sm__inst_executed_pipe_tex.avg.pct_of_peak_sustained_active [%],0,0,0,0
sm__inst_executed_pipe_tex.avg.pct_of_peak_sustained_elapsed [%],0,0,0,0
sm__inst_executed_pipe_tex.max.pct_of_peak_sustained_active [%],0,0,0,0
sm__inst_executed_pipe_tex.max.pct_of_peak_sustained_elapsed [%],0,0,0,0
sm__inst_executed_pipe_tex.min.pct_of_peak_sustained_active [%],0,0,0,0
sm__inst_executed_pipe_tex.min.pct_of_peak_sustained_elapsed [%],0,0,0,0
sm__inst_executed_pipe_tex.sum.pct_of_peak_sustained_active [%],0,0,0,0
sm__inst_executed_pipe_tex.sum.pct_of_peak_sustained_elapsed [%],0,0,0,0
sm__inst_executed_pipe_uniform.avg.pct_of_peak_sustained_active [%],1.34,1.34,1.32,0.47
sm__inst_executed_pipe_uniform.avg.pct_of_peak_sustained_elapsed [%],1.13,1.13,1.12,0.41
sm__inst_executed_pipe_uniform.max.pct_of_peak_sustained_active [%],1.45,1.39,1.40,0.58
sm__inst_executed_pipe_uniform.max.pct_of_peak_sustained_elapsed [%],1.22,1.17,1.19,0.52
sm__inst_executed_pipe_uniform.min.pct_of_peak_sustained_active [%],1.22,1.26,1.24,0.36
sm__inst_executed_pipe_uniform.min.pct_of_peak_sustained_elapsed [%],1.03,1.06,1.05,0.32
sm__inst_executed_pipe_uniform.sum.pct_of_peak_sustained_active [%],1.34,1.34,1.32,0.47
sm__inst_executed_pipe_uniform.sum.pct_of_peak_sustained_elapsed [%],1.13,1.13,1.12,0.41
sm__inst_executed_pipe_xu.avg.pct_of_peak_sustained_active [%],0,0,0,2.25
sm__inst_executed_pipe_xu.avg.pct_of_peak_sustained_elapsed [%],0,0,0,2.00
sm__inst_executed_pipe_xu.max.pct_of_peak_sustained_active [%],0,0,0,2.81
sm__inst_executed_pipe_xu.max.pct_of_peak_sustained_elapsed [%],0,0,0,2.50
sm__inst_executed_pipe_xu.min.pct_of_peak_sustained_active [%],0,0,0,1.73
sm__inst_executed_pipe_xu.min.pct_of_peak_sustained_elapsed [%],0,0,0,1.54
sm__inst_executed_pipe_xu.sum.pct_of_peak_sustained_active [%],0,0,0,2.25
sm__inst_executed_pipe_xu.sum.pct_of_peak_sustained_elapsed [%],0,0,0,2.00
sm__inst_issued.avg.pct_of_peak_sustained_elapsed [%],8.79,8.82,8.76,13.86
sm__inst_issued.avg.per_cycle_active [inst/cycle],0.42,0.42,0.41,0.62
sm__inst_issued.max.pct_of_peak_sustained_elapsed [%],9.48,9.10,9.25,17.30
sm__inst_issued.max.per_cycle_active [inst/cycle],0.45,0.43,0.44,0.78
sm__inst_issued.min.pct_of_peak_sustained_elapsed [%],8.06,8.29,8.23,10.69
sm__inst_issued.min.per_cycle_active [inst/cycle],0.38,0.39,0.39,0.48
sm__inst_issued.sum.pct_of_peak_sustained_elapsed [%],8.79,8.82,8.76,13.86
sm__inst_issued.sum.per_cycle_active [inst/cycle],8.35,8.37,8.27,12.48
sm__instruction_throughput.avg.pct_of_peak_sustained_elapsed [%],8.79,8.82,8.76,13.86
sm__instruction_throughput.max.pct_of_peak_sustained_elapsed [%],9.48,9.16,9.25,17.30
sm__instruction_throughput.min.pct_of_peak_sustained_elapsed [%],8.06,8.29,8.23,10.69
sm__instruction_throughput.sum.pct_of_peak_sustained_elapsed [%],8.79,8.82,8.76,13.86
sm__instruction_throughput_internal_activity.avg.pct_of_peak_sustained_elapsed [%],0,0,0,0
sm__instruction_throughput_internal_activity.max.pct_of_peak_sustained_elapsed [%],0,0,0,0
sm__instruction_throughput_internal_activity.min.pct_of_peak_sustained_elapsed [%],0,0,0,0
sm__instruction_throughput_internal_activity.sum.pct_of_peak_sustained_elapsed [%],0,0,0,0
sm__issue_active.avg.pct_of_peak_sustained_elapsed [%],8.79,8.82,8.76,13.86
sm__issue_active.max.pct_of_peak_sustained_elapsed [%],9.48,9.10,9.25,17.30
sm__issue_active.min.pct_of_peak_sustained_elapsed [%],8.06,8.29,8.23,10.69
sm__issue_active.sum.pct_of_peak_sustained_elapsed [%],8.79,8.82,8.76,13.86
sm__maximum_warps_avg_per_active_cycle [warp],48,48,48,28
sm__maximum_warps_per_active_cycle_pct [%],100,100,100,58.33
sm__memory_throughput.avg.pct_of_peak_sustained_elapsed [%],13.51,13.55,13.47,16.05
sm__memory_throughput.max.pct_of_peak_sustained_elapsed [%],14.29,14.34,13.92,18.52
sm__memory_throughput.min.pct_of_peak_sustained_elapsed [%],12.99,13.03,12.30,13.89
sm__memory_throughput.sum.pct_of_peak_sustained_elapsed [%],13.51,13.55,13.47,16.05
sm__memory_throughput_internal_activity.avg.pct_of_peak_sustained_elapsed [%],0,0,0,0
sm__memory_throughput_internal_activity.max.pct_of_peak_sustained_elapsed [%],0,0,0,0
sm__memory_throughput_internal_activity.min.pct_of_peak_sustained_elapsed [%],0,0,0,0
sm__memory_throughput_internal_activity.sum.pct_of_peak_sustained_elapsed [%],0,0,0,0
sm__mio2rf_writeback_active.avg.pct_of_peak_sustained_elapsed [%],3.38,3.39,3.37,2.64
sm__mio2rf_writeback_active.max.pct_of_peak_sustained_elapsed [%],3.49,3.50,3.56,3.06
sm__mio2rf_writeback_active.min.pct_of_peak_sustained_elapsed [%],3.17,3.18,3.24,2.04
sm__mio2rf_writeback_active.sum.pct_of_peak_sustained_elapsed [%],3.38,3.39,3.37,2.64
sm__mio_inst_issued.avg.pct_of_peak_sustained_elapsed [%],6.00,6.02,5.99,5.53
sm__mio_inst_issued.max.pct_of_peak_sustained_elapsed [%],6.35,6.41,6.19,6.38
sm__mio_inst_issued.min.pct_of_peak_sustained_elapsed [%],5.74,5.79,5.50,4.77
sm__mio_inst_issued.sum.pct_of_peak_sustained_elapsed [%],6.00,6.02,5.99,5.53
sm__mio_pq_read_cycles_active.avg.pct_of_peak_sustained_elapsed [%],2.25,2.26,2.24,6.90
sm__mio_pq_read_cycles_active.max.pct_of_peak_sustained_elapsed [%],2.33,2.39,2.32,7.96
sm__mio_pq_read_cycles_active.min.pct_of_peak_sustained_elapsed [%],2.16,2.12,2.16,5.30
sm__mio_pq_read_cycles_active.sum.pct_of_peak_sustained_elapsed [%],2.25,2.26,2.24,6.90
sm__mio_pq_write_cycles_active.avg.pct_of_peak_sustained_elapsed [%],2.25,2.26,2.24,7.16
sm__mio_pq_write_cycles_active.max.pct_of_peak_sustained_elapsed [%],2.33,2.39,2.32,8.27
sm__mio_pq_write_cycles_active.min.pct_of_peak_sustained_elapsed [%],2.16,2.12,2.16,5.51
sm__mio_pq_write_cycles_active.sum.pct_of_peak_sustained_elapsed [%],2.25,2.26,2.24,7.16
sm__ops_path_tensor_src_bf16_dst_fp32_sparsity_off.avg,0,0,0,0
sm__ops_path_tensor_src_bf16_dst_fp32_sparsity_off.avg.pct_of_peak_sustained_elapsed [%],0,0,0,0
sm__ops_path_tensor_src_bf16_dst_fp32_sparsity_off.avg.peak_sustained,512,512,512,512
sm__ops_path_tensor_src_bf16_dst_fp32_sparsity_off.avg.per_cycle_elapsed,0,0,0,0
sm__ops_path_tensor_src_bf16_dst_fp32_sparsity_off.avg.per_second,0,0,0,0
sm__ops_path_tensor_src_bf16_dst_fp32_sparsity_off.max,0,0,0,0
sm__ops_path_tensor_src_bf16_dst_fp32_sparsity_off.max.pct_of_peak_sustained_elapsed [%],0,0,0,0
sm__ops_path_tensor_src_bf16_dst_fp32_sparsity_off.max.peak_sustained,512,512,512,512
sm__ops_path_tensor_src_bf16_dst_fp32_sparsity_off.max.per_cycle_elapsed,0,0,0,0
sm__ops_path_tensor_src_bf16_dst_fp32_sparsity_off.max.per_second,0,0,0,0
sm__ops_path_tensor_src_bf16_dst_fp32_sparsity_off.min,0,0,0,0
sm__ops_path_tensor_src_bf16_dst_fp32_sparsity_off.min.pct_of_peak_sustained_elapsed [%],0,0,0,0
sm__ops_path_tensor_src_bf16_dst_fp32_sparsity_off.min.peak_sustained,512,512,512,512
sm__ops_path_tensor_src_bf16_dst_fp32_sparsity_off.min.per_cycle_elapsed,0,0,0,0
sm__ops_path_tensor_src_bf16_dst_fp32_sparsity_off.min.per_second,0,0,0,0
sm__ops_path_tensor_src_bf16_dst_fp32_sparsity_off.sum,0,0,0,0
sm__ops_path_tensor_src_bf16_dst_fp32_sparsity_off.sum.pct_of_peak_sustained_elapsed [%],0,0,0,0
sm__ops_path_tensor_src_bf16_dst_fp32_sparsity_off.sum.peak_sustained,"10,240","10,240","10,240","10,240"
sm__ops_path_tensor_src_bf16_dst_fp32_sparsity_off.sum.peak_sustained_elapsed.per_second,"2,16,01,60,73,05,936.07","2,15,25,62,55,70,776.26","2,15,67,56,36,36,363.64","2,17,13,83,37,07,865.17"
sm__ops_path_tensor_src_bf16_dst_fp32_sparsity_off.sum.per_cycle_elapsed,0,0,0,0
sm__ops_path_tensor_src_bf16_dst_fp32_sparsity_off.sum.per_second,0,0,0,0
sm__ops_path_tensor_src_bf16_dst_fp32_sparsity_on.avg,0,0,0,0
sm__ops_path_tensor_src_bf16_dst_fp32_sparsity_on.avg.pct_of_peak_sustained_elapsed [%],0,0,0,0
sm__ops_path_tensor_src_bf16_dst_fp32_sparsity_on.avg.peak_sustained,"1,024","1,024","1,024","1,024"
sm__ops_path_tensor_src_bf16_dst_fp32_sparsity_on.avg.per_cycle_elapsed,0,0,0,0
sm__ops_path_tensor_src_bf16_dst_fp32_sparsity_on.avg.per_second,0,0,0,0
sm__ops_path_tensor_src_bf16_dst_fp32_sparsity_on.max,0,0,0,0
sm__ops_path_tensor_src_bf16_dst_fp32_sparsity_on.max.pct_of_peak_sustained_elapsed [%],0,0,0,0
sm__ops_path_tensor_src_bf16_dst_fp32_sparsity_on.max.peak_sustained,"1,024","1,024","1,024","1,024"
sm__ops_path_tensor_src_bf16_dst_fp32_sparsity_on.max.per_cycle_elapsed,0,0,0,0
sm__ops_path_tensor_src_bf16_dst_fp32_sparsity_on.max.per_second,0,0,0,0
sm__ops_path_tensor_src_bf16_dst_fp32_sparsity_on.min,0,0,0,0
sm__ops_path_tensor_src_bf16_dst_fp32_sparsity_on.min.pct_of_peak_sustained_elapsed [%],0,0,0,0
sm__ops_path_tensor_src_bf16_dst_fp32_sparsity_on.min.peak_sustained,"1,024","1,024","1,024","1,024"
sm__ops_path_tensor_src_bf16_dst_fp32_sparsity_on.min.per_cycle_elapsed,0,0,0,0
sm__ops_path_tensor_src_bf16_dst_fp32_sparsity_on.min.per_second,0,0,0,0
sm__ops_path_tensor_src_bf16_dst_fp32_sparsity_on.sum,0,0,0,0
sm__ops_path_tensor_src_bf16_dst_fp32_sparsity_on.sum.pct_of_peak_sustained_elapsed [%],0,0,0,0
sm__ops_path_tensor_src_bf16_dst_fp32_sparsity_on.sum.peak_sustained,"20,480","20,480","20,480","20,480"
sm__ops_path_tensor_src_bf16_dst_fp32_sparsity_on.sum.peak_sustained_elapsed.per_second,"4,32,03,21,46,11,872.14","4,30,51,25,11,41,552.52","4,31,35,12,72,72,727.27","4,34,27,66,74,15,730.34"
sm__ops_path_tensor_src_bf16_dst_fp32_sparsity_on.sum.per_cycle_elapsed,0,0,0,0
sm__ops_path_tensor_src_bf16_dst_fp32_sparsity_on.sum.per_second,0,0,0,0
sm__ops_path_tensor_src_fp16_dst_fp16_sparsity_off.avg,0,0,0,0
sm__ops_path_tensor_src_fp16_dst_fp16_sparsity_off.avg.pct_of_peak_sustained_elapsed [%],0,0,0,0
sm__ops_path_tensor_src_fp16_dst_fp16_sparsity_off.avg.peak_sustained,"1,024","1,024","1,024","1,024"
sm__ops_path_tensor_src_fp16_dst_fp16_sparsity_off.avg.per_cycle_elapsed,0,0,0,0
sm__ops_path_tensor_src_fp16_dst_fp16_sparsity_off.avg.per_second,0,0,0,0
sm__ops_path_tensor_src_fp16_dst_fp16_sparsity_off.max,0,0,0,0
sm__ops_path_tensor_src_fp16_dst_fp16_sparsity_off.max.pct_of_peak_sustained_elapsed [%],0,0,0,0
sm__ops_path_tensor_src_fp16_dst_fp16_sparsity_off.max.peak_sustained,"1,024","1,024","1,024","1,024"
sm__ops_path_tensor_src_fp16_dst_fp16_sparsity_off.max.per_cycle_elapsed,0,0,0,0
sm__ops_path_tensor_src_fp16_dst_fp16_sparsity_off.max.per_second,0,0,0,0
sm__ops_path_tensor_src_fp16_dst_fp16_sparsity_off.min,0,0,0,0
sm__ops_path_tensor_src_fp16_dst_fp16_sparsity_off.min.pct_of_peak_sustained_elapsed [%],0,0,0,0
sm__ops_path_tensor_src_fp16_dst_fp16_sparsity_off.min.peak_sustained,"1,024","1,024","1,024","1,024"
sm__ops_path_tensor_src_fp16_dst_fp16_sparsity_off.min.per_cycle_elapsed,0,0,0,0
sm__ops_path_tensor_src_fp16_dst_fp16_sparsity_off.min.per_second,0,0,0,0
sm__ops_path_tensor_src_fp16_dst_fp16_sparsity_off.sum,0,0,0,0
sm__ops_path_tensor_src_fp16_dst_fp16_sparsity_off.sum.pct_of_peak_sustained_elapsed [%],0,0,0,0
sm__ops_path_tensor_src_fp16_dst_fp16_sparsity_off.sum.peak_sustained,"20,480","20,480","20,480","20,480"
sm__ops_path_tensor_src_fp16_dst_fp16_sparsity_off.sum.peak_sustained_elapsed.per_second,"4,32,03,21,46,11,872.14","4,30,51,25,11,41,552.52","4,31,35,12,72,72,727.27","4,34,27,66,74,15,730.34"
sm__ops_path_tensor_src_fp16_dst_fp16_sparsity_off.sum.per_cycle_elapsed,0,0,0,0
sm__ops_path_tensor_src_fp16_dst_fp16_sparsity_off.sum.per_second,0,0,0,0
sm__ops_path_tensor_src_fp16_dst_fp16_sparsity_on.avg,0,0,0,0
sm__ops_path_tensor_src_fp16_dst_fp16_sparsity_on.avg.pct_of_peak_sustained_elapsed [%],0,0,0,0
sm__ops_path_tensor_src_fp16_dst_fp16_sparsity_on.avg.peak_sustained,"2,048","2,048","2,048","2,048"
sm__ops_path_tensor_src_fp16_dst_fp16_sparsity_on.avg.per_cycle_elapsed,0,0,0,0
sm__ops_path_tensor_src_fp16_dst_fp16_sparsity_on.avg.per_second,0,0,0,0
sm__ops_path_tensor_src_fp16_dst_fp16_sparsity_on.max,0,0,0,0
sm__ops_path_tensor_src_fp16_dst_fp16_sparsity_on.max.pct_of_peak_sustained_elapsed [%],0,0,0,0
sm__ops_path_tensor_src_fp16_dst_fp16_sparsity_on.max.peak_sustained,"2,048","2,048","2,048","2,048"
sm__ops_path_tensor_src_fp16_dst_fp16_sparsity_on.max.per_cycle_elapsed,0,0,0,0
sm__ops_path_tensor_src_fp16_dst_fp16_sparsity_on.max.per_second,0,0,0,0
sm__ops_path_tensor_src_fp16_dst_fp16_sparsity_on.min,0,0,0,0
sm__ops_path_tensor_src_fp16_dst_fp16_sparsity_on.min.pct_of_peak_sustained_elapsed [%],0,0,0,0
sm__ops_path_tensor_src_fp16_dst_fp16_sparsity_on.min.peak_sustained,"2,048","2,048","2,048","2,048"
sm__ops_path_tensor_src_fp16_dst_fp16_sparsity_on.min.per_cycle_elapsed,0,0,0,0
sm__ops_path_tensor_src_fp16_dst_fp16_sparsity_on.min.per_second,0,0,0,0
sm__ops_path_tensor_src_fp16_dst_fp16_sparsity_on.sum,0,0,0,0
sm__ops_path_tensor_src_fp16_dst_fp16_sparsity_on.sum.pct_of_peak_sustained_elapsed [%],0,0,0,0
sm__ops_path_tensor_src_fp16_dst_fp16_sparsity_on.sum.peak_sustained,"40,960","40,960","40,960","40,960"
sm__ops_path_tensor_src_fp16_dst_fp16_sparsity_on.sum.peak_sustained_elapsed.per_second,"8,64,06,42,92,23,744.28","8,61,02,50,22,83,105.03","8,62,70,25,45,45,454.55","8,68,55,33,48,31,460.67"
sm__ops_path_tensor_src_fp16_dst_fp16_sparsity_on.sum.per_cycle_elapsed,0,0,0,0
sm__ops_path_tensor_src_fp16_dst_fp16_sparsity_on.sum.per_second,0,0,0,0
sm__ops_path_tensor_src_fp16_dst_fp32_sparsity_off.avg,0,0,0,"6,81,574.40"
sm__ops_path_tensor_src_fp16_dst_fp32_sparsity_off.avg.pct_of_peak_sustained_elapsed [%],0,0,0,4.41
sm__ops_path_tensor_src_fp16_dst_fp32_sparsity_off.avg.peak_sustained,512,512,512,512
sm__ops_path_tensor_src_fp16_dst_fp32_sparsity_off.avg.per_cycle_elapsed,0,0,0,22.57
sm__ops_path_tensor_src_fp16_dst_fp32_sparsity_off.avg.per_second,0,0,0,"47,86,33,70,786.52"
sm__ops_path_tensor_src_fp16_dst_fp32_sparsity_off.max,0,0,0,"7,86,432"
sm__ops_path_tensor_src_fp16_dst_fp32_sparsity_off.max.pct_of_peak_sustained_elapsed [%],0,0,0,5.09
sm__ops_path_tensor_src_fp16_dst_fp32_sparsity_off.max.peak_sustained,512,512,512,512
sm__ops_path_tensor_src_fp16_dst_fp32_sparsity_off.max.per_cycle_elapsed,0,0,0,26.04
sm__ops_path_tensor_src_fp16_dst_fp32_sparsity_off.max.per_second,0,0,0,"55,22,69,66,292.13"
sm__ops_path_tensor_src_fp16_dst_fp32_sparsity_off.min,0,0,0,"5,24,288"
sm__ops_path_tensor_src_fp16_dst_fp32_sparsity_off.min.pct_of_peak_sustained_elapsed [%],0,0,0,3.39
sm__ops_path_tensor_src_fp16_dst_fp32_sparsity_off.min.peak_sustained,512,512,512,512
sm__ops_path_tensor_src_fp16_dst_fp32_sparsity_off.min.per_cycle_elapsed,0,0,0,17.36
sm__ops_path_tensor_src_fp16_dst_fp32_sparsity_off.min.per_second,0,0,0,"36,81,79,77,528.09"
sm__ops_path_tensor_src_fp16_dst_fp32_sparsity_off.sum,0,0,0,"1,36,31,488"
sm__ops_path_tensor_src_fp16_dst_fp32_sparsity_off.sum.pct_of_peak_sustained_elapsed [%],0,0,0,4.41
sm__ops_path_tensor_src_fp16_dst_fp32_sparsity_off.sum.peak_sustained,"10,240","10,240","10,240","10,240"
sm__ops_path_tensor_src_fp16_dst_fp32_sparsity_off.sum.peak_sustained_elapsed.per_second,"2,16,01,60,73,05,936.07","2,15,25,62,55,70,776.26","2,15,67,56,36,36,363.64","2,17,13,83,37,07,865.17"
sm__ops_path_tensor_src_fp16_dst_fp32_sparsity_off.sum.per_cycle_elapsed,0,0,0,451.44
sm__ops_path_tensor_src_fp16_dst_fp32_sparsity_off.sum.per_second,0,0,0,"9,57,26,74,15,730.34"
sm__ops_path_tensor_src_fp16_dst_fp32_sparsity_on.avg,0,0,0,0
sm__ops_path_tensor_src_fp16_dst_fp32_sparsity_on.avg.pct_of_peak_sustained_elapsed [%],0,0,0,0
sm__ops_path_tensor_src_fp16_dst_fp32_sparsity_on.avg.peak_sustained,"1,024","1,024","1,024","1,024"
sm__ops_path_tensor_src_fp16_dst_fp32_sparsity_on.avg.per_cycle_elapsed,0,0,0,0
sm__ops_path_tensor_src_fp16_dst_fp32_sparsity_on.avg.per_second,0,0,0,0
sm__ops_path_tensor_src_fp16_dst_fp32_sparsity_on.max,0,0,0,0
sm__ops_path_tensor_src_fp16_dst_fp32_sparsity_on.max.pct_of_peak_sustained_elapsed [%],0,0,0,0
sm__ops_path_tensor_src_fp16_dst_fp32_sparsity_on.max.peak_sustained,"1,024","1,024","1,024","1,024"
sm__ops_path_tensor_src_fp16_dst_fp32_sparsity_on.max.per_cycle_elapsed,0,0,0,0
sm__ops_path_tensor_src_fp16_dst_fp32_sparsity_on.max.per_second,0,0,0,0
sm__ops_path_tensor_src_fp16_dst_fp32_sparsity_on.min,0,0,0,0
sm__ops_path_tensor_src_fp16_dst_fp32_sparsity_on.min.pct_of_peak_sustained_elapsed [%],0,0,0,0
sm__ops_path_tensor_src_fp16_dst_fp32_sparsity_on.min.peak_sustained,"1,024","1,024","1,024","1,024"
sm__ops_path_tensor_src_fp16_dst_fp32_sparsity_on.min.per_cycle_elapsed,0,0,0,0
sm__ops_path_tensor_src_fp16_dst_fp32_sparsity_on.min.per_second,0,0,0,0
sm__ops_path_tensor_src_fp16_dst_fp32_sparsity_on.sum,0,0,0,0
sm__ops_path_tensor_src_fp16_dst_fp32_sparsity_on.sum.pct_of_peak_sustained_elapsed [%],0,0,0,0
sm__ops_path_tensor_src_fp16_dst_fp32_sparsity_on.sum.peak_sustained,"20,480","20,480","20,480","20,480"
sm__ops_path_tensor_src_fp16_dst_fp32_sparsity_on.sum.peak_sustained_elapsed.per_second,"4,32,03,21,46,11,872.14","4,30,51,25,11,41,552.52","4,31,35,12,72,72,727.27","4,34,27,66,74,15,730.34"
sm__ops_path_tensor_src_fp16_dst_fp32_sparsity_on.sum.per_cycle_elapsed,0,0,0,0
sm__ops_path_tensor_src_fp16_dst_fp32_sparsity_on.sum.per_second,0,0,0,0
sm__ops_path_tensor_src_fp64.avg,0,0,0,0
sm__ops_path_tensor_src_fp64.avg.pct_of_peak_sustained_elapsed [%],0,0,0,0
sm__ops_path_tensor_src_fp64.avg.peak_sustained,3.61,3.61,3.61,3.61
sm__ops_path_tensor_src_fp64.avg.per_cycle_elapsed,0,0,0,0
sm__ops_path_tensor_src_fp64.avg.per_second,0,0,0,0
sm__ops_path_tensor_src_fp64.max,0,0,0,0
sm__ops_path_tensor_src_fp64.max.pct_of_peak_sustained_elapsed [%],0,0,0,0
sm__ops_path_tensor_src_fp64.max.peak_sustained,3.61,3.61,3.61,3.61
sm__ops_path_tensor_src_fp64.max.per_cycle_elapsed,0,0,0,0
sm__ops_path_tensor_src_fp64.max.per_second,0,0,0,0
sm__ops_path_tensor_src_fp64.min,0,0,0,0
sm__ops_path_tensor_src_fp64.min.pct_of_peak_sustained_elapsed [%],0,0,0,0
sm__ops_path_tensor_src_fp64.min.peak_sustained,3.61,3.61,3.61,3.61
sm__ops_path_tensor_src_fp64.min.per_cycle_elapsed,0,0,0,0
sm__ops_path_tensor_src_fp64.min.per_second,0,0,0,0
sm__ops_path_tensor_src_fp64.sum,0,0,0,0
sm__ops_path_tensor_src_fp64.sum.pct_of_peak_sustained_elapsed [%],0,0,0,0
sm__ops_path_tensor_src_fp64.sum.peak_sustained,72.11,72.11,72.11,72.11
sm__ops_path_tensor_src_fp64.sum.peak_sustained_elapsed.per_second,"1,52,12,39,95,112.23","1,51,58,89,12,470.26","1,51,88,42,50,960.31","1,52,91,43,21,886.37"
sm__ops_path_tensor_src_fp64.sum.per_cycle_elapsed,0,0,0,0
sm__ops_path_tensor_src_fp64.sum.per_second,0,0,0,0
sm__ops_path_tensor_src_fp8_sparsity_off.avg,0,0,0,0
sm__ops_path_tensor_src_fp8_sparsity_off.avg.pct_of_peak_sustained_elapsed [%],0,0,0,0
sm__ops_path_tensor_src_fp8_sparsity_off.avg.peak_sustained,"2,048","2,048","2,048","2,048"
sm__ops_path_tensor_src_fp8_sparsity_off.avg.per_cycle_elapsed,0,0,0,0
sm__ops_path_tensor_src_fp8_sparsity_off.avg.per_second,0,0,0,0
sm__ops_path_tensor_src_fp8_sparsity_off.max,0,0,0,0
sm__ops_path_tensor_src_fp8_sparsity_off.max.pct_of_peak_sustained_elapsed [%],0,0,0,0
sm__ops_path_tensor_src_fp8_sparsity_off.max.peak_sustained,"2,048","2,048","2,048","2,048"
sm__ops_path_tensor_src_fp8_sparsity_off.max.per_cycle_elapsed,0,0,0,0
sm__ops_path_tensor_src_fp8_sparsity_off.max.per_second,0,0,0,0
sm__ops_path_tensor_src_fp8_sparsity_off.min,0,0,0,0
sm__ops_path_tensor_src_fp8_sparsity_off.min.pct_of_peak_sustained_elapsed [%],0,0,0,0
sm__ops_path_tensor_src_fp8_sparsity_off.min.peak_sustained,"2,048","2,048","2,048","2,048"
sm__ops_path_tensor_src_fp8_sparsity_off.min.per_cycle_elapsed,0,0,0,0
sm__ops_path_tensor_src_fp8_sparsity_off.min.per_second,0,0,0,0
sm__ops_path_tensor_src_fp8_sparsity_off.sum,0,0,0,0
sm__ops_path_tensor_src_fp8_sparsity_off.sum.pct_of_peak_sustained_elapsed [%],0,0,0,0
sm__ops_path_tensor_src_fp8_sparsity_off.sum.peak_sustained,"40,960","40,960","40,960","40,960"
sm__ops_path_tensor_src_fp8_sparsity_off.sum.peak_sustained_elapsed.per_second,"8,64,06,42,92,23,744.28","8,61,02,50,22,83,105.03","8,62,70,25,45,45,454.55","8,68,55,33,48,31,460.67"
sm__ops_path_tensor_src_fp8_sparsity_off.sum.per_cycle_elapsed,0,0,0,0
sm__ops_path_tensor_src_fp8_sparsity_off.sum.per_second,0,0,0,0
sm__ops_path_tensor_src_fp8_sparsity_on.avg,0,0,0,0
sm__ops_path_tensor_src_fp8_sparsity_on.avg.pct_of_peak_sustained_elapsed [%],0,0,0,0
sm__ops_path_tensor_src_fp8_sparsity_on.avg.peak_sustained,"4,096","4,096","4,096","4,096"
sm__ops_path_tensor_src_fp8_sparsity_on.avg.per_cycle_elapsed,0,0,0,0
sm__ops_path_tensor_src_fp8_sparsity_on.avg.per_second,0,0,0,0
sm__ops_path_tensor_src_fp8_sparsity_on.max,0,0,0,0
sm__ops_path_tensor_src_fp8_sparsity_on.max.pct_of_peak_sustained_elapsed [%],0,0,0,0
sm__ops_path_tensor_src_fp8_sparsity_on.max.peak_sustained,"4,096","4,096","4,096","4,096"
sm__ops_path_tensor_src_fp8_sparsity_on.max.per_cycle_elapsed,0,0,0,0
sm__ops_path_tensor_src_fp8_sparsity_on.max.per_second,0,0,0,0
sm__ops_path_tensor_src_fp8_sparsity_on.min,0,0,0,0
sm__ops_path_tensor_src_fp8_sparsity_on.min.pct_of_peak_sustained_elapsed [%],0,0,0,0
sm__ops_path_tensor_src_fp8_sparsity_on.min.peak_sustained,"4,096","4,096","4,096","4,096"
sm__ops_path_tensor_src_fp8_sparsity_on.min.per_cycle_elapsed,0,0,0,0
sm__ops_path_tensor_src_fp8_sparsity_on.min.per_second,0,0,0,0
sm__ops_path_tensor_src_fp8_sparsity_on.sum,0,0,0,0
sm__ops_path_tensor_src_fp8_sparsity_on.sum.pct_of_peak_sustained_elapsed [%],0,0,0,0
sm__ops_path_tensor_src_fp8_sparsity_on.sum.peak_sustained,"81,920","81,920","81,920","81,920"
sm__ops_path_tensor_src_fp8_sparsity_on.sum.peak_sustained_elapsed.per_second,"17,28,12,85,84,47,488.56","17,22,05,00,45,66,210.06","17,25,40,50,90,90,909.09","17,37,10,66,96,62,921.34"
sm__ops_path_tensor_src_fp8_sparsity_on.sum.per_cycle_elapsed,0,0,0,0
sm__ops_path_tensor_src_fp8_sparsity_on.sum.per_second,0,0,0,0
sm__ops_path_tensor_src_int1.avg,0,0,0,0
sm__ops_path_tensor_src_int1.avg.pct_of_peak_sustained_elapsed [%],0,0,0,0
sm__ops_path_tensor_src_int1.avg.peak_sustained,"16,384","16,384","16,384","16,384"
sm__ops_path_tensor_src_int1.avg.per_cycle_elapsed,0,0,0,0
sm__ops_path_tensor_src_int1.avg.per_second,0,0,0,0
sm__ops_path_tensor_src_int1.max,0,0,0,0
sm__ops_path_tensor_src_int1.max.pct_of_peak_sustained_elapsed [%],0,0,0,0
sm__ops_path_tensor_src_int1.max.peak_sustained,"16,384","16,384","16,384","16,384"
sm__ops_path_tensor_src_int1.max.per_cycle_elapsed,0,0,0,0
sm__ops_path_tensor_src_int1.max.per_second,0,0,0,0
sm__ops_path_tensor_src_int1.min,0,0,0,0
sm__ops_path_tensor_src_int1.min.pct_of_peak_sustained_elapsed [%],0,0,0,0
sm__ops_path_tensor_src_int1.min.peak_sustained,"16,384","16,384","16,384","16,384"
sm__ops_path_tensor_src_int1.min.per_cycle_elapsed,0,0,0,0
sm__ops_path_tensor_src_int1.min.per_second,0,0,0,0
sm__ops_path_tensor_src_int1.sum,0,0,0,0
sm__ops_path_tensor_src_int1.sum.pct_of_peak_sustained_elapsed [%],0,0,0,0
sm__ops_path_tensor_src_int1.sum.peak_sustained,"3,27,680","3,27,680","3,27,680","3,27,680"
sm__ops_path_tensor_src_int1.sum.peak_sustained_elapsed.per_second,"69,12,51,43,37,89,954.25","68,88,20,01,82,64,840.25","69,01,62,03,63,63,636.38","69,48,42,67,86,51,685.38"
sm__ops_path_tensor_src_int1.sum.per_cycle_elapsed,0,0,0,0
sm__ops_path_tensor_src_int1.sum.per_second,0,0,0,0
sm__ops_path_tensor_src_int4_sparsity_off.avg,0,0,0,0
sm__ops_path_tensor_src_int4_sparsity_off.avg.pct_of_peak_sustained_elapsed [%],0,0,0,0
sm__ops_path_tensor_src_int4_sparsity_off.avg.peak_sustained,"4,096","4,096","4,096","4,096"
sm__ops_path_tensor_src_int4_sparsity_off.avg.per_cycle_elapsed,0,0,0,0
sm__ops_path_tensor_src_int4_sparsity_off.avg.per_second,0,0,0,0
sm__ops_path_tensor_src_int4_sparsity_off.max,0,0,0,0
sm__ops_path_tensor_src_int4_sparsity_off.max.pct_of_peak_sustained_elapsed [%],0,0,0,0
sm__ops_path_tensor_src_int4_sparsity_off.max.peak_sustained,"4,096","4,096","4,096","4,096"
sm__ops_path_tensor_src_int4_sparsity_off.max.per_cycle_elapsed,0,0,0,0
sm__ops_path_tensor_src_int4_sparsity_off.max.per_second,0,0,0,0
sm__ops_path_tensor_src_int4_sparsity_off.min,0,0,0,0
sm__ops_path_tensor_src_int4_sparsity_off.min.pct_of_peak_sustained_elapsed [%],0,0,0,0
sm__ops_path_tensor_src_int4_sparsity_off.min.peak_sustained,"4,096","4,096","4,096","4,096"
sm__ops_path_tensor_src_int4_sparsity_off.min.per_cycle_elapsed,0,0,0,0
sm__ops_path_tensor_src_int4_sparsity_off.min.per_second,0,0,0,0
sm__ops_path_tensor_src_int4_sparsity_off.sum,0,0,0,0
sm__ops_path_tensor_src_int4_sparsity_off.sum.pct_of_peak_sustained_elapsed [%],0,0,0,0
sm__ops_path_tensor_src_int4_sparsity_off.sum.peak_sustained,"81,920","81,920","81,920","81,920"
sm__ops_path_tensor_src_int4_sparsity_off.sum.peak_sustained_elapsed.per_second,"17,28,12,85,84,47,488.56","17,22,05,00,45,66,210.06","17,25,40,50,90,90,909.09","17,37,10,66,96,62,921.34"
sm__ops_path_tensor_src_int4_sparsity_off.sum.per_cycle_elapsed,0,0,0,0
sm__ops_path_tensor_src_int4_sparsity_off.sum.per_second,0,0,0,0
sm__ops_path_tensor_src_int4_sparsity_on.avg,0,0,0,0
sm__ops_path_tensor_src_int4_sparsity_on.avg.pct_of_peak_sustained_elapsed [%],0,0,0,0
sm__ops_path_tensor_src_int4_sparsity_on.avg.peak_sustained,"8,192","8,192","8,192","8,192"
sm__ops_path_tensor_src_int4_sparsity_on.avg.per_cycle_elapsed,0,0,0,0
sm__ops_path_tensor_src_int4_sparsity_on.avg.per_second,0,0,0,0
sm__ops_path_tensor_src_int4_sparsity_on.max,0,0,0,0
sm__ops_path_tensor_src_int4_sparsity_on.max.pct_of_peak_sustained_elapsed [%],0,0,0,0
sm__ops_path_tensor_src_int4_sparsity_on.max.peak_sustained,"8,192","8,192","8,192","8,192"
sm__ops_path_tensor_src_int4_sparsity_on.max.per_cycle_elapsed,0,0,0,0
sm__ops_path_tensor_src_int4_sparsity_on.max.per_second,0,0,0,0
sm__ops_path_tensor_src_int4_sparsity_on.min,0,0,0,0
sm__ops_path_tensor_src_int4_sparsity_on.min.pct_of_peak_sustained_elapsed [%],0,0,0,0
sm__ops_path_tensor_src_int4_sparsity_on.min.peak_sustained,"8,192","8,192","8,192","8,192"
sm__ops_path_tensor_src_int4_sparsity_on.min.per_cycle_elapsed,0,0,0,0
sm__ops_path_tensor_src_int4_sparsity_on.min.per_second,0,0,0,0
sm__ops_path_tensor_src_int4_sparsity_on.sum,0,0,0,0
sm__ops_path_tensor_src_int4_sparsity_on.sum.pct_of_peak_sustained_elapsed [%],0,0,0,0
sm__ops_path_tensor_src_int4_sparsity_on.sum.peak_sustained,"1,63,840","1,63,840","1,63,840","1,63,840"
sm__ops_path_tensor_src_int4_sparsity_on.sum.peak_sustained_elapsed.per_second,"34,56,25,71,68,94,977.12","34,44,10,00,91,32,420.12","34,50,81,01,81,81,818.19","34,74,21,33,93,25,842.69"
sm__ops_path_tensor_src_int4_sparsity_on.sum.per_cycle_elapsed,0,0,0,0
sm__ops_path_tensor_src_int4_sparsity_on.sum.per_second,0,0,0,0
sm__ops_path_tensor_src_int8_sparsity_off.avg,0,0,0,0
sm__ops_path_tensor_src_int8_sparsity_off.avg.pct_of_peak_sustained_elapsed [%],0,0,0,0
sm__ops_path_tensor_src_int8_sparsity_off.avg.peak_sustained,"2,048","2,048","2,048","2,048"
sm__ops_path_tensor_src_int8_sparsity_off.avg.per_cycle_elapsed,0,0,0,0
sm__ops_path_tensor_src_int8_sparsity_off.avg.per_second,0,0,0,0
sm__ops_path_tensor_src_int8_sparsity_off.max,0,0,0,0
sm__ops_path_tensor_src_int8_sparsity_off.max.pct_of_peak_sustained_elapsed [%],0,0,0,0
sm__ops_path_tensor_src_int8_sparsity_off.max.peak_sustained,"2,048","2,048","2,048","2,048"
sm__ops_path_tensor_src_int8_sparsity_off.max.per_cycle_elapsed,0,0,0,0
sm__ops_path_tensor_src_int8_sparsity_off.max.per_second,0,0,0,0
sm__ops_path_tensor_src_int8_sparsity_off.min,0,0,0,0
sm__ops_path_tensor_src_int8_sparsity_off.min.pct_of_peak_sustained_elapsed [%],0,0,0,0
sm__ops_path_tensor_src_int8_sparsity_off.min.peak_sustained,"2,048","2,048","2,048","2,048"
sm__ops_path_tensor_src_int8_sparsity_off.min.per_cycle_elapsed,0,0,0,0
sm__ops_path_tensor_src_int8_sparsity_off.min.per_second,0,0,0,0
sm__ops_path_tensor_src_int8_sparsity_off.sum,0,0,0,0
sm__ops_path_tensor_src_int8_sparsity_off.sum.pct_of_peak_sustained_elapsed [%],0,0,0,0
sm__ops_path_tensor_src_int8_sparsity_off.sum.peak_sustained,"40,960","40,960","40,960","40,960"
sm__ops_path_tensor_src_int8_sparsity_off.sum.peak_sustained_elapsed.per_second,"8,64,06,42,92,23,744.28","8,61,02,50,22,83,105.03","8,62,70,25,45,45,454.55","8,68,55,33,48,31,460.67"
sm__ops_path_tensor_src_int8_sparsity_off.sum.per_cycle_elapsed,0,0,0,0
sm__ops_path_tensor_src_int8_sparsity_off.sum.per_second,0,0,0,0
sm__ops_path_tensor_src_int8_sparsity_on.avg,0,0,0,0
sm__ops_path_tensor_src_int8_sparsity_on.avg.pct_of_peak_sustained_elapsed [%],0,0,0,0
sm__ops_path_tensor_src_int8_sparsity_on.avg.peak_sustained,"4,096","4,096","4,096","4,096"
sm__ops_path_tensor_src_int8_sparsity_on.avg.per_cycle_elapsed,0,0,0,0
sm__ops_path_tensor_src_int8_sparsity_on.avg.per_second,0,0,0,0
sm__ops_path_tensor_src_int8_sparsity_on.max,0,0,0,0
sm__ops_path_tensor_src_int8_sparsity_on.max.pct_of_peak_sustained_elapsed [%],0,0,0,0
sm__ops_path_tensor_src_int8_sparsity_on.max.peak_sustained,"4,096","4,096","4,096","4,096"
sm__ops_path_tensor_src_int8_sparsity_on.max.per_cycle_elapsed,0,0,0,0
sm__ops_path_tensor_src_int8_sparsity_on.max.per_second,0,0,0,0
sm__ops_path_tensor_src_int8_sparsity_on.min,0,0,0,0
sm__ops_path_tensor_src_int8_sparsity_on.min.pct_of_peak_sustained_elapsed [%],0,0,0,0
sm__ops_path_tensor_src_int8_sparsity_on.min.peak_sustained,"4,096","4,096","4,096","4,096"
sm__ops_path_tensor_src_int8_sparsity_on.min.per_cycle_elapsed,0,0,0,0
sm__ops_path_tensor_src_int8_sparsity_on.min.per_second,0,0,0,0
sm__ops_path_tensor_src_int8_sparsity_on.sum,0,0,0,0
sm__ops_path_tensor_src_int8_sparsity_on.sum.pct_of_peak_sustained_elapsed [%],0,0,0,0
sm__ops_path_tensor_src_int8_sparsity_on.sum.peak_sustained,"81,920","81,920","81,920","81,920"
sm__ops_path_tensor_src_int8_sparsity_on.sum.peak_sustained_elapsed.per_second,"17,28,12,85,84,47,488.56","17,22,05,00,45,66,210.06","17,25,40,50,90,90,909.09","17,37,10,66,96,62,921.34"
sm__ops_path_tensor_src_int8_sparsity_on.sum.per_cycle_elapsed,0,0,0,0
sm__ops_path_tensor_src_int8_sparsity_on.sum.per_second,0,0,0,0
sm__ops_path_tensor_src_tf32_dst_fp32_sparsity_off.avg,0,0,0,0
sm__ops_path_tensor_src_tf32_dst_fp32_sparsity_off.avg.pct_of_peak_sustained_elapsed [%],0,0,0,0
sm__ops_path_tensor_src_tf32_dst_fp32_sparsity_off.avg.peak_sustained,256,256,256,256
sm__ops_path_tensor_src_tf32_dst_fp32_sparsity_off.avg.per_cycle_elapsed,0,0,0,0
sm__ops_path_tensor_src_tf32_dst_fp32_sparsity_off.avg.per_second,0,0,0,0
sm__ops_path_tensor_src_tf32_dst_fp32_sparsity_off.max,0,0,0,0
sm__ops_path_tensor_src_tf32_dst_fp32_sparsity_off.max.pct_of_peak_sustained_elapsed [%],0,0,0,0
sm__ops_path_tensor_src_tf32_dst_fp32_sparsity_off.max.peak_sustained,256,256,256,256
sm__ops_path_tensor_src_tf32_dst_fp32_sparsity_off.max.per_cycle_elapsed,0,0,0,0
sm__ops_path_tensor_src_tf32_dst_fp32_sparsity_off.max.per_second,0,0,0,0
sm__ops_path_tensor_src_tf32_dst_fp32_sparsity_off.min,0,0,0,0
sm__ops_path_tensor_src_tf32_dst_fp32_sparsity_off.min.pct_of_peak_sustained_elapsed [%],0,0,0,0
sm__ops_path_tensor_src_tf32_dst_fp32_sparsity_off.min.peak_sustained,256,256,256,256
sm__ops_path_tensor_src_tf32_dst_fp32_sparsity_off.min.per_cycle_elapsed,0,0,0,0
sm__ops_path_tensor_src_tf32_dst_fp32_sparsity_off.min.per_second,0,0,0,0
sm__ops_path_tensor_src_tf32_dst_fp32_sparsity_off.sum,0,0,0,0
sm__ops_path_tensor_src_tf32_dst_fp32_sparsity_off.sum.pct_of_peak_sustained_elapsed [%],0,0,0,0
sm__ops_path_tensor_src_tf32_dst_fp32_sparsity_off.sum.peak_sustained,"5,120","5,120","5,120","5,120"
sm__ops_path_tensor_src_tf32_dst_fp32_sparsity_off.sum.peak_sustained_elapsed.per_second,"1,08,00,80,36,52,968.04","1,07,62,81,27,85,388.13","1,07,83,78,18,18,181.82","1,08,56,91,68,53,932.58"
sm__ops_path_tensor_src_tf32_dst_fp32_sparsity_off.sum.per_cycle_elapsed,0,0,0,0
sm__ops_path_tensor_src_tf32_dst_fp32_sparsity_off.sum.per_second,0,0,0,0
sm__ops_path_tensor_src_tf32_dst_fp32_sparsity_on.avg,0,0,0,0
sm__ops_path_tensor_src_tf32_dst_fp32_sparsity_on.avg.pct_of_peak_sustained_elapsed [%],0,0,0,0
sm__ops_path_tensor_src_tf32_dst_fp32_sparsity_on.avg.peak_sustained,512,512,512,512
sm__ops_path_tensor_src_tf32_dst_fp32_sparsity_on.avg.per_cycle_elapsed,0,0,0,0
sm__ops_path_tensor_src_tf32_dst_fp32_sparsity_on.avg.per_second,0,0,0,0
sm__ops_path_tensor_src_tf32_dst_fp32_sparsity_on.max,0,0,0,0
sm__ops_path_tensor_src_tf32_dst_fp32_sparsity_on.max.pct_of_peak_sustained_elapsed [%],0,0,0,0
sm__ops_path_tensor_src_tf32_dst_fp32_sparsity_on.max.peak_sustained,512,512,512,512
sm__ops_path_tensor_src_tf32_dst_fp32_sparsity_on.max.per_cycle_elapsed,0,0,0,0
sm__ops_path_tensor_src_tf32_dst_fp32_sparsity_on.max.per_second,0,0,0,0
sm__ops_path_tensor_src_tf32_dst_fp32_sparsity_on.min,0,0,0,0
sm__ops_path_tensor_src_tf32_dst_fp32_sparsity_on.min.pct_of_peak_sustained_elapsed [%],0,0,0,0
sm__ops_path_tensor_src_tf32_dst_fp32_sparsity_on.min.peak_sustained,512,512,512,512
sm__ops_path_tensor_src_tf32_dst_fp32_sparsity_on.min.per_cycle_elapsed,0,0,0,0
sm__ops_path_tensor_src_tf32_dst_fp32_sparsity_on.min.per_second,0,0,0,0
sm__ops_path_tensor_src_tf32_dst_fp32_sparsity_on.sum,0,0,0,0
sm__ops_path_tensor_src_tf32_dst_fp32_sparsity_on.sum.pct_of_peak_sustained_elapsed [%],0,0,0,0
sm__ops_path_tensor_src_tf32_dst_fp32_sparsity_on.sum.peak_sustained,"10,240","10,240","10,240","10,240"
sm__ops_path_tensor_src_tf32_dst_fp32_sparsity_on.sum.peak_sustained_elapsed.per_second,"2,16,01,60,73,05,936.07","2,15,25,62,55,70,776.26","2,15,67,56,36,36,363.64","2,17,13,83,37,07,865.17"
sm__ops_path_tensor_src_tf32_dst_fp32_sparsity_on.sum.per_cycle_elapsed,0,0,0,0
sm__ops_path_tensor_src_tf32_dst_fp32_sparsity_on.sum.per_second,0,0,0,0
sm__pipe_alu_cycles_active.avg.pct_of_peak_sustained_active [%],6.69,6.70,6.62,10.33
sm__pipe_alu_cycles_active.avg.pct_of_peak_sustained_elapsed [%],5.63,5.65,5.61,9.18
sm__pipe_alu_cycles_active.max.pct_of_peak_sustained_active [%],7.24,7.25,6.85,11.92
sm__pipe_alu_cycles_active.max.pct_of_peak_sustained_elapsed [%],6.09,6.11,5.80,10.59
sm__pipe_alu_cycles_active.min.pct_of_peak_sustained_active [%],6.43,6.12,6.37,8.94
sm__pipe_alu_cycles_active.min.pct_of_peak_sustained_elapsed [%],5.41,5.16,5.40,7.94
sm__pipe_alu_cycles_active.sum.pct_of_peak_sustained_active [%],6.69,6.70,6.62,10.33
sm__pipe_alu_cycles_active.sum.pct_of_peak_sustained_elapsed [%],5.63,5.65,5.61,9.18
sm__pipe_fma_cycles_active.avg.pct_of_peak_sustained_active [%],3.34,3.35,3.31,6.69
sm__pipe_fma_cycles_active.avg.pct_of_peak_sustained_elapsed [%],2.81,2.82,2.81,5.94
sm__pipe_fma_cycles_active.max.pct_of_peak_sustained_active [%],3.49,3.51,3.46,7.72
sm__pipe_fma_cycles_active.max.pct_of_peak_sustained_elapsed [%],2.94,2.96,2.93,6.86
sm__pipe_fma_cycles_active.min.pct_of_peak_sustained_active [%],3.15,3.14,3.15,5.14
sm__pipe_fma_cycles_active.min.pct_of_peak_sustained_elapsed [%],2.65,2.65,2.67,4.57
sm__pipe_fma_cycles_active.sum.pct_of_peak_sustained_active [%],3.34,3.35,3.31,6.69
sm__pipe_fma_cycles_active.sum.pct_of_peak_sustained_elapsed [%],2.81,2.82,2.81,5.94
sm__pipe_fmaheavy_cycles_active.avg.pct_of_peak_sustained_elapsed [%],5.63,5.65,5.61,11.18
sm__pipe_fmaheavy_cycles_active.max.pct_of_peak_sustained_elapsed [%],5.87,5.92,5.85,12.90
sm__pipe_fmaheavy_cycles_active.min.pct_of_peak_sustained_elapsed [%],5.30,5.29,5.34,8.60
sm__pipe_fmaheavy_cycles_active.sum.pct_of_peak_sustained_elapsed [%],5.63,5.65,5.61,11.18
sm__pipe_fp64_cycles_active.avg.pct_of_peak_sustained_active [%],0,0,0,0
sm__pipe_fp64_cycles_active.avg.pct_of_peak_sustained_elapsed [%],0,0,0,0
sm__pipe_fp64_cycles_active.max.pct_of_peak_sustained_active [%],0,0,0,0
sm__pipe_fp64_cycles_active.max.pct_of_peak_sustained_elapsed [%],0,0,0,0
sm__pipe_fp64_cycles_active.min.pct_of_peak_sustained_active [%],0,0,0,0
sm__pipe_fp64_cycles_active.min.pct_of_peak_sustained_elapsed [%],0,0,0,0
sm__pipe_fp64_cycles_active.sum.pct_of_peak_sustained_active [%],0,0,0,0
sm__pipe_fp64_cycles_active.sum.pct_of_peak_sustained_elapsed [%],0,0,0,0
sm__pipe_tensor_cycles_active.avg.pct_of_peak_sustained_elapsed [%],0,0,0,2.20
sm__pipe_tensor_cycles_active.max.pct_of_peak_sustained_elapsed [%],0,0,0,2.54
sm__pipe_tensor_cycles_active.min.pct_of_peak_sustained_elapsed [%],0,0,0,1.70
sm__pipe_tensor_cycles_active.sum.pct_of_peak_sustained_elapsed [%],0,0,0,2.20
sm__pipe_tensor_cycles_active_v2.avg.pct_of_peak_sustained_active [%],0,0,0,2.48
sm__pipe_tensor_cycles_active_v2.avg.pct_of_peak_sustained_elapsed [%],0,0,0,2.20
sm__pipe_tensor_cycles_active_v2.max.pct_of_peak_sustained_elapsed [%],0,0,0,2.54
sm__pipe_tensor_cycles_active_v2.min.pct_of_peak_sustained_elapsed [%],0,0,0,1.70
sm__pipe_tensor_cycles_active_v2.sum.pct_of_peak_sustained_elapsed [%],0,0,0,2.20
sm__pipe_tensor_op_hmma_cycles_active_v2.avg.pct_of_peak_sustained_active [%],0,0,0,2.48
sm__pipe_tensor_op_hmma_cycles_active_v2.avg.pct_of_peak_sustained_elapsed [%],0,0,0,2.20
sm__pipe_tensor_op_imma_cycles_active_v2.avg.pct_of_peak_sustained_active [%],0,0,0,0
sm__pipe_tensor_op_imma_cycles_active_v2.avg.pct_of_peak_sustained_elapsed [%],0,0,0,0
sm__sass_inst_executed_op_ldgsts_cache_access.sum [inst],0,0,0,0
sm__sass_inst_executed_op_ldgsts_cache_bypass.sum [inst],0,0,0,0
sm__sass_l1tex_m_xbar2l1tex_read_bytes_mem_global_op_ldgsts_cache_bypass.sum [byte],0,0,0,0
sm__sass_l1tex_m_xbar2l1tex_read_bytes_mem_global_op_ldgsts_cache_bypass.sum.pct_of_peak_sustained_elapsed [%],0,0,0,0
sm__sass_l1tex_m_xbar2l1tex_read_bytes_mem_global_op_ldgsts_cache_bypass.sum.per_second [byte/s],0,0,0,0
sm__sass_l1tex_t_requests_pipe_lsu_mem_global_op_ldgsts.sum,0,0,0,0
sm__sass_l1tex_t_requests_pipe_lsu_mem_global_op_ldgsts.sum.pct_of_peak_sustained_elapsed [%],0,0,0,0
sm__sass_l1tex_t_requests_pipe_lsu_mem_global_op_ldgsts_cache_access.sum,0,0,0,0
sm__sass_l1tex_t_requests_pipe_lsu_mem_global_op_ldgsts_cache_bypass.sum,0,0,0,0
sm__sass_l1tex_t_sectors_pipe_lsu_mem_global_op_ldgsts_cache_access.sum [sector],0,0,0,0
sm__sass_l1tex_t_sectors_pipe_lsu_mem_global_op_ldgsts_cache_access.sum.pct_of_peak_sustained_elapsed [%],0,0,0,0
sm__sass_l1tex_t_sectors_pipe_lsu_mem_global_op_ldgsts_cache_access.sum.per_second [sector/s],0,0,0,0
sm__sass_l1tex_t_sectors_pipe_lsu_mem_global_op_ldgsts_cache_bypass.sum [sector],0,0,0,0
sm__sass_l1tex_t_sectors_pipe_lsu_mem_global_op_ldgsts_cache_bypass.sum.pct_of_peak_sustained_elapsed [%],0,0,0,0
sm__sass_thread_inst_executed_op_dfma_pred_on.avg.peak_sustained [inst/cycle],2,2,2,2
sm__sass_thread_inst_executed_op_dfma_pred_on.max.peak_sustained [inst/cycle],2,2,2,2
sm__sass_thread_inst_executed_op_dfma_pred_on.min.peak_sustained [inst/cycle],2,2,2,2
sm__sass_thread_inst_executed_op_dfma_pred_on.sum.peak_sustained [inst/cycle],40,40,40,40
sm__sass_thread_inst_executed_op_ffma_pred_on.avg.peak_sustained [inst/cycle],128,128,128,128
sm__sass_thread_inst_executed_op_ffma_pred_on.max.peak_sustained [inst/cycle],128,128,128,128
sm__sass_thread_inst_executed_op_ffma_pred_on.min.peak_sustained [inst/cycle],128,128,128,128
sm__sass_thread_inst_executed_op_ffma_pred_on.sum.peak_sustained [inst/cycle],"2,560","2,560","2,560","2,560"
sm__sass_thread_inst_executed_op_hfma_pred_on.avg.peak_sustained [inst/cycle],64,64,64,64
sm__sass_thread_inst_executed_op_hfma_pred_on.max.peak_sustained [inst/cycle],64,64,64,64
sm__sass_thread_inst_executed_op_hfma_pred_on.min.peak_sustained [inst/cycle],64,64,64,64
sm__sass_thread_inst_executed_op_hfma_pred_on.sum.peak_sustained [inst/cycle],"1,280","1,280","1,280","1,280"
sm__throughput.max.pct_of_peak_sustained_elapsed [%],14.29,14.34,13.92,18.52
sm__throughput.min.pct_of_peak_sustained_elapsed [%],12.99,13.03,12.30,13.89
sm__throughput.sum.pct_of_peak_sustained_elapsed [%],13.51,13.55,13.47,16.05
sm__warps_active.avg.pct_of_peak_sustained_active [%],81.24,80.31,80.84,33.67
sm__warps_active.avg.per_cycle_active [warp],39.00,38.55,38.80,16.16
sm__warps_active.max.pct_of_peak_sustained_active [%],82.80,82.99,82.80,41.36
sm__warps_active.max.per_cycle_active [warp],39.75,39.83,39.75,19.85
sm__warps_active.min.pct_of_peak_sustained_active [%],79.41,77.93,78.78,27.48
sm__warps_active.min.per_cycle_active [warp],38.12,37.40,37.81,13.19
sm__warps_active.sum.pct_of_peak_sustained_active [%],81.24,80.31,80.84,33.67
sm__warps_active.sum.per_cycle_active [warp],779.92,770.99,776.05,323.23
smsp__average_warp_latency_per_inst_issued.ratio [cycle],93.86,93.48,91.52,25.83
smsp__average_warps_active_per_inst_executed.ratio [cycle],97.70,97.30,95.26,26.05
smsp__average_warps_issue_stalled_barrier_per_issue_active.ratio [inst],0,0,0,0.77
smsp__average_warps_issue_stalled_branch_resolving_per_issue_active.ratio [inst],0.51,0.51,0.51,0.12
smsp__average_warps_issue_stalled_dispatch_stall_per_issue_active.ratio [inst],0.14,0.14,0.15,0.24
smsp__average_warps_issue_stalled_drain_per_issue_active.ratio [inst],1.40,1.39,1.40,0.85
smsp__average_warps_issue_stalled_imc_miss_per_issue_active.ratio [inst],6.98,6.63,6.52,1.47
smsp__average_warps_issue_stalled_lg_throttle_per_issue_active.ratio [inst],0,0,0,2.35
smsp__average_warps_issue_stalled_long_scoreboard_per_issue_active.ratio [inst],76.69,73.60,76.13,13.34
smsp__average_warps_issue_stalled_math_pipe_throttle_per_issue_active.ratio [inst],0.17,0.17,0.17,0.39
smsp__average_warps_issue_stalled_membar_per_issue_active.ratio [inst],0,0,0,0
smsp__average_warps_issue_stalled_mio_throttle_per_issue_active.ratio [inst],0.05,0.05,0.05,1.04
smsp__average_warps_issue_stalled_misc_per_issue_active.ratio [inst],0.00,0.00,0.02,0.00
smsp__average_warps_issue_stalled_no_instruction_per_issue_active.ratio [inst],1.29,1.22,1.25,0.52
smsp__average_warps_issue_stalled_not_selected_per_issue_active.ratio [inst],0.30,0.30,0.31,0.36
smsp__average_warps_issue_stalled_selected_per_issue_active.ratio [inst],1,1,1,1.00
smsp__average_warps_issue_stalled_short_scoreboard_per_issue_active.ratio [inst],1.71,1.71,1.71,1.13
smsp__average_warps_issue_stalled_sleeping_per_issue_active.ratio [inst],0,0,0,0
smsp__average_warps_issue_stalled_tex_throttle_per_issue_active.ratio [inst],0,0,0,0.00
smsp__average_warps_issue_stalled_wait_per_issue_active.ratio [inst],3.49,3.48,3.48,2.53
smsp__branch_targets_threads_divergent [branches],0,0,0,208 {15}
smsp__cycles_active.avg [cycle],"12,421.74","12,456.48","12,679.30","25,998.71"
smsp__cycles_active.max [cycle],"12,782","12,801","12,997","28,532"
smsp__cycles_active.min [cycle],"11,926","12,023","12,098","22,584"
smsp__cycles_active.sum [cycle],"9,93,739","9,96,518","10,14,344","20,79,897"
smsp__cycles_elapsed.avg [cycle],"14,783.60","14,731.60","14,827.70","30,195.80"
smsp__cycles_elapsed.avg.per_second [Ghz],2.11,2.10,2.11,2.12
smsp__cycles_elapsed.max [cycle],"14,795","14,755","14,849","30,239"
smsp__cycles_elapsed.max.per_second [Ghz],2.11,2.11,2.11,2.12
smsp__cycles_elapsed.min [cycle],"14,770","14,714","14,813","30,155"
smsp__cycles_elapsed.min.per_second [Ghz],2.11,2.10,2.10,2.12
smsp__cycles_elapsed.sum [cycle],"11,82,688","11,78,528","11,86,216","24,15,664"
smsp__cycles_elapsed.sum.per_second [Ghz],168.76,168.17,168.50,169.64
smsp__imc_request_hit_rate.pct [%],92.79,92.79,92.79,96.18
smsp__imc_requests.sum [cycle],"39,936","39,936","39,936","46,800"
smsp__imc_requests.sum.pct_of_peak_sustained_elapsed [%],3.38,3.39,3.37,1.94
smsp__inst_executed.avg [inst],"1,248","1,248","1,248","4,149.60"
smsp__inst_executed.max [inst],"1,320","1,350","1,290","4,788"
smsp__inst_executed.min [inst],"1,170","1,200","1,170","3,192"
smsp__inst_executed.sum [inst],"99,840","99,840","99,840","3,31,968"
smsp__inst_executed_op_branch.avg [inst],166.40,166.40,166.40,174.20
smsp__inst_executed_op_branch.max [inst],176,172,172,201
smsp__inst_executed_op_branch.min [inst],160,160,160,148
smsp__inst_executed_op_branch.sum [inst],"13,312","13,312","13,312","13,936"
smsp__inst_executed_op_generic_atom_dot_alu.sum [inst],0,0,0,0
smsp__inst_executed_op_generic_atom_dot_alu.sum.pct_of_peak_sustained_elapsed [%],0,0,0,0
smsp__inst_executed_op_generic_atom_dot_cas.sum [inst],0,0,0,0
smsp__inst_executed_op_generic_atom_dot_cas.sum.pct_of_peak_sustained_elapsed [%],0,0,0,0
smsp__inst_executed_op_global_red.sum [inst],0,0,0,0
smsp__inst_executed_op_global_red.sum.pct_of_peak_sustained_elapsed [%],0,0,0,0
smsp__inst_executed_op_ldgsts.sum [inst],0,0,0,0
smsp__inst_executed_op_ldgsts.sum.pct_of_peak_sustained_elapsed [%],0,0,0,0
smsp__inst_executed_op_ldsm.sum [inst],0,0,0,"1,040"
smsp__inst_executed_op_ldsm.sum.pct_of_peak_sustained_elapsed [%],0,0,0,0.04
smsp__inst_executed_op_shared_atom.sum [inst],0,0,0,0
smsp__inst_executed_op_shared_atom.sum.pct_of_peak_sustained_elapsed [%],0,0,0,0
smsp__inst_executed_op_surface_atom_dot_alu.sum [inst],0,0,0,0
smsp__inst_executed_op_surface_atom_dot_alu.sum.pct_of_peak_sustained_elapsed [%],0,0,0,0
smsp__inst_executed_op_surface_atom_dot_cas.sum [inst],0,0,0,0
smsp__inst_executed_op_surface_atom_dot_cas.sum.pct_of_peak_sustained_elapsed [%],0,0,0,0
smsp__inst_executed_op_surface_ld.sum [inst],0,0,0,0
smsp__inst_executed_op_surface_ld.sum.pct_of_peak_sustained_elapsed [%],0,0,0,0
smsp__inst_executed_op_surface_red.sum [inst],0,0,0,0
smsp__inst_executed_op_surface_red.sum.pct_of_peak_sustained_elapsed [%],0,0,0,0
smsp__inst_executed_op_surface_st.sum [inst],0,0,0,0
smsp__inst_executed_op_surface_st.sum.pct_of_peak_sustained_elapsed [%],0,0,0,0
smsp__inst_executed_op_texture.sum [inst],0,0,0,0
smsp__inst_executed_op_texture.sum.pct_of_peak_sustained_elapsed [%],0,0,0,0
smsp__inst_issued.avg [inst],"1,299","1,299","1,299","4,186.12"
smsp__inst_issued.max [inst],"1,401","1,341","1,371","5,537"
smsp__inst_issued.min [inst],"1,191","1,221","1,221","3,227"
smsp__inst_issued.sum [inst],"1,03,920","1,03,920","1,03,920","3,34,890"
smsp__issue_active.avg.pct_of_peak_sustained_active [%],10.46,10.43,10.25,16.10
smsp__issue_active.avg.per_cycle_active,0.10,0.10,0.10,0.16
smsp__issue_active.max.pct_of_peak_sustained_active [%],11.28,10.77,10.81,21.30
smsp__issue_active.max.per_cycle_active,0.11,0.11,0.11,0.21
smsp__issue_active.min.pct_of_peak_sustained_active [%],9.59,9.80,9.63,12.41
smsp__issue_active.min.per_cycle_active,0.10,0.10,0.10,0.12
smsp__issue_active.sum.pct_of_peak_sustained_active [%],10.46,10.43,10.25,16.10
smsp__issue_active.sum.per_cycle_active,8.37,8.34,8.20,12.88
smsp__issue_inst0.avg.pct_of_peak_sustained_active [%],89.54,89.57,89.75,83.90
smsp__issue_inst0.max.pct_of_peak_sustained_active [%],91.62,92.00,91.69,88.45
smsp__issue_inst0.min.pct_of_peak_sustained_active [%],86.42,86.72,85.79,74.45
smsp__issue_inst0.sum.pct_of_peak_sustained_active [%],89.54,89.57,89.75,83.90
smsp__maximum_warps_avg_per_active_cycle [warp],12,12,12,7
smsp__pcsamp_aggregated_passes [pass],2,2,2,2
smsp__pcsamp_buffer_overflow,0,0,0,0
smsp__pcsamp_buffer_size_bytes [Mbyte],33.55,33.55,33.55,33.55
smsp__pcsamp_dropped_bytes [byte],0,0,0,0
smsp__pcsamp_interval,5,5,5,5
smsp__pcsamp_interval_cycles [cycle],"1,024","1,024","1,024","1,024"
smsp__pcsamp_sample_count,241 {12},244 {10},241 {14},528 {135}
smsp__pcsamp_warps_issue_stalled_barrier [warp],0 {12},0 {10},0 {14},7 {135}
smsp__pcsamp_warps_issue_stalled_barrier_not_issued [warp],0 {12},0 {10},0 {14},5 {135}
smsp__pcsamp_warps_issue_stalled_branch_resolving [branches],4 {12},2 {10},1 {14},4 {135}
smsp__pcsamp_warps_issue_stalled_branch_resolving_not_issued [branches],4 {12},2 {10},1 {14},1 {135}
smsp__pcsamp_warps_issue_stalled_dispatch_stall [warp],0 {12},0 {10},0 {14},2 {135}
smsp__pcsamp_warps_issue_stalled_dispatch_stall_not_issued [warp],0 {12},0 {10},0 {14},0 {135}
smsp__pcsamp_warps_issue_stalled_drain [warp],6 {12},7 {10},5 {14},27 {135}
smsp__pcsamp_warps_issue_stalled_drain_not_issued [warp],6 {12},6 {10},4 {14},26 {135}
smsp__pcsamp_warps_issue_stalled_imc_miss [warp],16 {12},15 {10},10 {14},16 {135}
smsp__pcsamp_warps_issue_stalled_imc_miss_not_issued [warp],15 {12},15 {10},9 {14},14 {135}
smsp__pcsamp_warps_issue_stalled_lg_throttle [warp],0 {12},0 {10},0 {14},47 {135}
smsp__pcsamp_warps_issue_stalled_lg_throttle_not_issued [warp],0 {12},0 {10},0 {14},46 {135}
smsp__pcsamp_warps_issue_stalled_long_scoreboard [warp],200 {12},200 {10},202 {14},258 {135}
smsp__pcsamp_warps_issue_stalled_long_scoreboard_not_issued [warp],186 {12},175 {10},187 {14},219 {135}
smsp__pcsamp_warps_issue_stalled_math_pipe_throttle [warp],0 {12},0 {10},0 {14},12 {135}
smsp__pcsamp_warps_issue_stalled_math_pipe_throttle_not_issued [warp],0 {12},0 {10},0 {14},10 {135}
smsp__pcsamp_warps_issue_stalled_membar [warp],0 {12},0 {10},0 {14},0 {135}
smsp__pcsamp_warps_issue_stalled_membar_not_issued [warp],0 {12},0 {10},0 {14},0 {135}
smsp__pcsamp_warps_issue_stalled_mio_throttle [warp],0 {12},0 {10},1 {14},20 {135}
smsp__pcsamp_warps_issue_stalled_mio_throttle_not_issued [warp],0 {12},0 {10},0 {14},19 {135}
smsp__pcsamp_warps_issue_stalled_misc [warp],0 {12},0 {10},0 {14},0 {135}
smsp__pcsamp_warps_issue_stalled_misc_not_issued [warp],0 {12},0 {10},0 {14},0 {135}
smsp__pcsamp_warps_issue_stalled_no_instructions [inst],3 {12},7 {10},4 {14},11 {135}
smsp__pcsamp_warps_issue_stalled_no_instructions_not_issued [inst],3 {12},6 {10},3 {14},9 {135}
smsp__pcsamp_warps_issue_stalled_not_selected [warp],0 {12},0 {10},2 {14},7 {135}
smsp__pcsamp_warps_issue_stalled_not_selected_not_issued [warp],0 {12},0 {10},0 {14},0 {135}
smsp__pcsamp_warps_issue_stalled_selected [warp],2 {12},0 {10},2 {14},26 {135}
smsp__pcsamp_warps_issue_stalled_selected_not_issued [warp],0 {12},0 {10},0 {14},0 {135}
smsp__pcsamp_warps_issue_stalled_short_scoreboard [warp],4 {12},4 {10},4 {14},27 {135}
smsp__pcsamp_warps_issue_stalled_short_scoreboard_not_issued [warp],4 {12},3 {10},3 {14},26 {135}
smsp__pcsamp_warps_issue_stalled_sleeping [warp],0 {12},0 {10},0 {14},0 {135}
smsp__pcsamp_warps_issue_stalled_sleeping_not_issued [warp],0 {12},0 {10},0 {14},0 {135}
smsp__pcsamp_warps_issue_stalled_tex_throttle [warp],0 {12},0 {10},0 {14},0 {135}
smsp__pcsamp_warps_issue_stalled_tex_throttle_not_issued [warp],0 {12},0 {10},0 {14},0 {135}
smsp__pcsamp_warps_issue_stalled_wait [warp],6 {12},9 {10},10 {14},64 {135}
smsp__pcsamp_warps_issue_stalled_wait_not_issued [warp],6 {12},8 {10},6 {14},51 {135}
smsp__sass_average_branch_targets_threads_uniform.pct [%],0,0,0,97.87
smsp__sass_average_data_bytes_per_sector_mem_global_op_ld.max_rate [byte/sector],32,32,32,32
smsp__sass_average_data_bytes_per_sector_mem_global_op_ld.ratio [byte/sector],32,32,32,18.61
smsp__sass_average_data_bytes_per_sector_mem_global_op_st.max_rate [byte/sector],32,32,32,32
smsp__sass_average_data_bytes_per_sector_mem_global_op_st.ratio [byte/sector],32,32,32,32
smsp__sass_average_data_bytes_per_sector_mem_local_op_ld.max_rate [byte/sector],32,32,32,32
smsp__sass_average_data_bytes_per_sector_mem_local_op_ld.ratio [byte/sector],0,0,0,0
smsp__sass_average_data_bytes_per_sector_mem_local_op_st.max_rate [byte/sector],32,32,32,32
smsp__sass_average_data_bytes_per_sector_mem_local_op_st.ratio [byte/sector],0,0,0,0
smsp__sass_branch_targets_threads_divergent.avg [branches],0,0,0,2.60
smsp__sass_branch_targets_threads_divergent.max [branches],0,0,0,3
smsp__sass_branch_targets_threads_divergent.min [branches],0,0,0,1
smsp__sass_branch_targets_threads_divergent.sum [branches],0,0,0,208
smsp__sass_inst_executed_memdesc_explicit_evict_type,0 {2},0 {2},0 {2},0 {65}
smsp__sass_inst_executed_memdesc_explicit_hitprop_evict_first [inst],0 {2},0 {2},0 {2},0 {65}
smsp__sass_inst_executed_memdesc_explicit_hitprop_evict_last [inst],0 {2},0 {2},0 {2},0 {65}
smsp__sass_inst_executed_memdesc_explicit_hitprop_evict_normal [inst],0 {2},0 {2},0 {2},0 {65}
smsp__sass_inst_executed_memdesc_explicit_hitprop_evict_normal_demote [inst],0 {2},0 {2},0 {2},0 {65}
smsp__sass_inst_executed_memdesc_explicit_missprop_evict_first [inst],0 {2},0 {2},0 {2},0 {65}
smsp__sass_inst_executed_memdesc_explicit_missprop_evict_normal [inst],0 {2},0 {2},0 {2},0 {65}
smsp__sass_inst_executed_op_global_ld.sum [inst],"6,656","6,656","6,656","16,016"
smsp__sass_inst_executed_op_global_st.sum [inst],"6,656","6,656","6,656","13,312"
smsp__sass_inst_executed_op_local_ld.sum [inst],0,0,0,0
smsp__sass_inst_executed_op_local_st.sum [inst],0,0,0,0
smsp__sass_inst_executed_op_shared_ld.sum [inst],0,0,0,"2,496"
smsp__sass_inst_executed_op_shared_st.sum [inst],0,0,0,"9,984"
smsp__sass_l1tex_data_bank_conflicts_pipe_lsu_mem_shared_op_ldgsts.sum,0,0,0,0
smsp__sass_l1tex_data_bank_conflicts_pipe_lsu_mem_shared_op_st.sum,0,0,0,"11,648"
smsp__sass_l1tex_data_pipe_lsu_wavefronts_mem_shared_op_ldgsts.sum,0,0,0,0
smsp__sass_l1tex_data_pipe_lsu_wavefronts_mem_shared_op_ldgsts.sum.pct_of_peak_sustained_elapsed [%],0,0,0,0
smsp__sass_l1tex_data_pipe_lsu_wavefronts_mem_shared_op_ldgsts_cache_access.sum,0,0,0,0
smsp__sass_l1tex_data_pipe_lsu_wavefronts_mem_shared_op_ldgsts_cache_access.sum.pct_of_peak_sustained_elapsed [%],0,0,0,0
smsp__sass_l1tex_data_pipe_lsu_wavefronts_mem_shared_op_st.sum,0,0,0,"23,296"
smsp__sass_l1tex_data_pipe_lsu_wavefronts_mem_shared_op_st.sum.pct_of_peak_sustained_elapsed [%],0,0,0,0.96
smsp__sass_l1tex_m_xbar2l1tex_read_sectors_mem_global_op_ldgsts_cache_bypass.sum [sector],0,0,0,0
smsp__sass_l1tex_m_xbar2l1tex_read_sectors_mem_global_op_ldgsts_cache_bypass.sum.pct_of_peak_sustained_elapsed [%],0,0,0,0
smsp__sass_thread_inst_executed_op_dadd_pred_on.avg.per_cycle_elapsed [inst/cycle],0,0,0,0
smsp__sass_thread_inst_executed_op_dadd_pred_on.max.per_cycle_elapsed [inst/cycle],0,0,0,0
smsp__sass_thread_inst_executed_op_dadd_pred_on.min.per_cycle_elapsed [inst/cycle],0,0,0,0
smsp__sass_thread_inst_executed_op_dadd_pred_on.sum.per_cycle_elapsed [inst/cycle],0,0,0,0
smsp__sass_thread_inst_executed_op_dfma_pred_on.avg.per_cycle_elapsed [inst/cycle],0,0,0,0
smsp__sass_thread_inst_executed_op_dfma_pred_on.max.per_cycle_elapsed [inst/cycle],0,0,0,0
smsp__sass_thread_inst_executed_op_dfma_pred_on.min.per_cycle_elapsed [inst/cycle],0,0,0,0
smsp__sass_thread_inst_executed_op_dfma_pred_on.sum.per_cycle_elapsed [inst/cycle],0,0,0,0
smsp__sass_thread_inst_executed_op_dmul_pred_on.avg.per_cycle_elapsed [inst/cycle],0,0,0,0
smsp__sass_thread_inst_executed_op_dmul_pred_on.max.per_cycle_elapsed [inst/cycle],0,0,0,0
smsp__sass_thread_inst_executed_op_dmul_pred_on.min.per_cycle_elapsed [inst/cycle],0,0,0,0
smsp__sass_thread_inst_executed_op_dmul_pred_on.sum.per_cycle_elapsed [inst/cycle],0,0,0,0
smsp__sass_thread_inst_executed_op_fadd_pred_on.avg.per_cycle_elapsed [inst/cycle],0,0,0,0.04
smsp__sass_thread_inst_executed_op_fadd_pred_on.max.per_cycle_elapsed [inst/cycle],0,0,0,0.05
smsp__sass_thread_inst_executed_op_fadd_pred_on.min.per_cycle_elapsed [inst/cycle],0,0,0,0.02
smsp__sass_thread_inst_executed_op_fadd_pred_on.sum.per_cycle_elapsed [inst/cycle],0,0,0,3.53
smsp__sass_thread_inst_executed_op_ffma_pred_on.avg.per_cycle_elapsed [inst/cycle],0,0,0,0
smsp__sass_thread_inst_executed_op_ffma_pred_on.max.per_cycle_elapsed [inst/cycle],0,0,0,0
smsp__sass_thread_inst_executed_op_ffma_pred_on.min.per_cycle_elapsed [inst/cycle],0,0,0,0
smsp__sass_thread_inst_executed_op_ffma_pred_on.sum.per_cycle_elapsed [inst/cycle],0,0,0,0
smsp__sass_thread_inst_executed_op_fmul_pred_on.avg.per_cycle_elapsed [inst/cycle],0,0,0,0.04
smsp__sass_thread_inst_executed_op_fmul_pred_on.max.per_cycle_elapsed [inst/cycle],0,0,0,0.05
smsp__sass_thread_inst_executed_op_fmul_pred_on.min.per_cycle_elapsed [inst/cycle],0,0,0,0.02
smsp__sass_thread_inst_executed_op_fmul_pred_on.sum.per_cycle_elapsed [inst/cycle],0,0,0,3.53
smsp__sass_thread_inst_executed_op_hadd_pred_on.avg.per_cycle_elapsed [inst/cycle],0,0,0,0
smsp__sass_thread_inst_executed_op_hadd_pred_on.max.per_cycle_elapsed [inst/cycle],0,0,0,0
smsp__sass_thread_inst_executed_op_hadd_pred_on.min.per_cycle_elapsed [inst/cycle],0,0,0,0
smsp__sass_thread_inst_executed_op_hadd_pred_on.sum.per_cycle_elapsed [inst/cycle],0,0,0,0
smsp__sass_thread_inst_executed_op_hfma_pred_on.avg.per_cycle_elapsed [inst/cycle],0,0,0,0
smsp__sass_thread_inst_executed_op_hfma_pred_on.max.per_cycle_elapsed [inst/cycle],0,0,0,0
smsp__sass_thread_inst_executed_op_hfma_pred_on.min.per_cycle_elapsed [inst/cycle],0,0,0,0
smsp__sass_thread_inst_executed_op_hfma_pred_on.sum.per_cycle_elapsed [inst/cycle],0,0,0,0
smsp__sass_thread_inst_executed_op_hmul_pred_on.avg.per_cycle_elapsed [inst/cycle],0,0,0,0
smsp__sass_thread_inst_executed_op_hmul_pred_on.max.per_cycle_elapsed [inst/cycle],0,0,0,0
smsp__sass_thread_inst_executed_op_hmul_pred_on.min.per_cycle_elapsed [inst/cycle],0,0,0,0
smsp__sass_thread_inst_executed_op_hmul_pred_on.sum.per_cycle_elapsed [inst/cycle],0,0,0,0
smsp__thread_inst_executed_per_inst_executed.ratio,32,32,32,30.92
smsp__thread_inst_executed_pred_on_per_inst_executed.ratio,29.87,29.87,29.87,28.04
smsp__warps_active.avg.peak_sustained [warp],12,12,12,12
smsp__warps_active.avg.per_cycle_active [warp],9.82,9.75,9.38,4.16
smsp__warps_active.max.peak_sustained [warp],12,12,12,12
smsp__warps_active.max.per_cycle_active [warp],10.30,10.08,9.69,4.77
smsp__warps_active.min.peak_sustained [warp],12,12,12,12
smsp__warps_active.min.per_cycle_active [warp],9.29,9.32,9.09,3.39
smsp__warps_active.sum.peak_sustained [warp],960,960,960,960
smsp__warps_active.sum.per_cycle_active [warp],785.24,779.89,750.13,332.67
smsp__warps_eligible.avg.per_cycle_active [warp],0.14,0.14,0.13,0.21
smsp__warps_eligible.max.per_cycle_active [warp],0.14,0.14,0.14,0.28
smsp__warps_eligible.min.per_cycle_active [warp],0.13,0.13,0.13,0.17
smsp__warps_eligible.sum.per_cycle_active [warp],10.82,10.84,10.63,16.77
thread_inst_executed [inst],"31,94,880 {15}","31,94,880 {15}","31,94,880 {15}","1,02,63,552 {601}"
thread_inst_executed_true [inst],"29,81,888 {15}","29,81,888 {15}","29,81,888 {15}","93,08,000 {601}"
warpsampling:smsp__pcsamp_samples_data_dropped [sample],0 {675},0 {540},0 {610},0 {577}
warpsampling:smsp__pcsamp_warps_issue_stalled_barrier [warp],0 {675},0 {540},0 {610},29 {577}
warpsampling:smsp__pcsamp_warps_issue_stalled_branch_resolving [branches],8 {675},2 {540},8 {610},11 {577}
warpsampling:smsp__pcsamp_warps_issue_stalled_dispatch_stall [warp],1 {675},2 {540},2 {610},13 {577}
warpsampling:smsp__pcsamp_warps_issue_stalled_drain [warp],22 {675},18 {540},13 {610},125 {577}
warpsampling:smsp__pcsamp_warps_issue_stalled_imc_miss [warp],19 {675},22 {540},15 {610},22 {577}
warpsampling:smsp__pcsamp_warps_issue_stalled_lg_throttle [warp],0 {675},0 {540},0 {610},175 {577}
warpsampling:smsp__pcsamp_warps_issue_stalled_long_scoreboard [warp],768 {675},962 {540},786 {610},"1,011 {577}"
warpsampling:smsp__pcsamp_warps_issue_stalled_math_pipe_throttle [warp],0 {675},0 {540},0 {610},42 {577}
warpsampling:smsp__pcsamp_warps_issue_stalled_membar [warp],0 {675},0 {540},0 {610},0 {577}
warpsampling:smsp__pcsamp_warps_issue_stalled_mio_throttle [warp],0 {675},0 {540},0 {610},72 {577}
warpsampling:smsp__pcsamp_warps_issue_stalled_misc [warp],0 {675},0 {540},0 {610},0 {577}
warpsampling:smsp__pcsamp_warps_issue_stalled_no_instructions [inst],3 {675},6 {540},7 {610},16 {577}
warpsampling:smsp__pcsamp_warps_issue_stalled_not_selected [warp],0 {675},1 {540},3 {610},18 {577}
warpsampling:smsp__pcsamp_warps_issue_stalled_selected [warp],13 {675},9 {540},9 {610},104 {577}
warpsampling:smsp__pcsamp_warps_issue_stalled_short_scoreboard [warp],10 {675},6 {540},8 {610},154 {577}
warpsampling:smsp__pcsamp_warps_issue_stalled_sleeping [warp],0 {675},0 {540},0 {610},0 {577}
warpsampling:smsp__pcsamp_warps_issue_stalled_tex_throttle [warp],0 {675},0 {540},0 {610},0 {577}
warpsampling:smsp__pcsamp_warps_issue_stalled_wait [warp],24 {675},35 {540},33 {610},233 {577}
