ID,0,1,2,3
Time,2026-Apr-16 14:15:58,2026-Apr-16 14:15:58,2026-Apr-16 14:15:59,2026-Apr-16 14:15:59
API Call ID,644,646,648,658
Estimated Speedup [%],26.79,26.79,26.79,76.81
Runtime Improvement [us],1.87,1.89,1.89,17.60
Issues Detected [issue],8,8,8,16
Function Name,float2half_kernel,float2half_kernel,float2half_kernel,f3s_1tb1rw_kernel
Mangled Name,_Z17float2half_kernelPKfP6__halfi,_Z17float2half_kernelPKfP6__halfi,_Z17float2half_kernelPKfP6__halfi,_Z17f3s_1tb1rw_kernelPK6__halfS1_S1_PfPKiS4_S4_ii
Demangled Name,float2half_kernel..,float2half_kernel..,float2half_kernel..,f3s_1tb1rw_kernel..
Original Demangled Name,"float2half_kernel(const float *, __half *, int)","float2half_kernel(const float *, __half *, int)","float2half_kernel(const float *, __half *, int)","f3s_1tb1rw_kernel(const __half *, const __half *, const __half *, float *, const int *, const int *, const int *, int, int)"
Process,[29376] test_fused_3s_v1.exe,[29376] test_fused_3s_v1.exe,[29376] test_fused_3s_v1.exe,[29376] test_fused_3s_v1.exe
Thread ID [thread],36484,36484,36484,36484
Device Name,NVIDIA GeForce RTX 4050 Laptop GPU,NVIDIA GeForce RTX 4050 Laptop GPU,NVIDIA GeForce RTX 4050 Laptop GPU,NVIDIA GeForce RTX 4050 Laptop GPU
CUprogram,0x156d5af4f70,0x156d5af4f70,0x156d5af4f70,0x156d65bfe40
CUfunction,0x156d5911350,0x156d5911350,0x156d5911350,0x156d590e330
Grid Offset,"    0,    0,    0","    0,    0,    0","    0,    0,    0","    0,    0,    0"
Grid Size,"  832,    1,    1","  832,    1,    1","  832,    1,    1","  208,    1,    1"
Block Size [block],"  256,    1,    1","  256,    1,    1","  256,    1,    1","   32,    4,    1"
Grid Dimensions,3,3,3,3
Result Type,Kernel: SIMT,Kernel: SIMT,Kernel: SIMT,Kernel: SIMT
gpc__cycles_elapsed.max [cycle],"14,774","14,819","14,882","48,614"
gpu__time_duration.sum [us],6.98,7.04,7.04,22.91
sm__throughput.avg.pct_of_peak_sustained_elapsed [%],13.53,13.49,13.43,23.04
gpu__compute_memory_throughput.avg.pct_of_peak_sustained_elapsed [%],73.21,73.21,73.21,67.90
FBSP.TriageSCG.dramc__read_throughput.avg.pct_of_peak_sustained_elapsed [%],{894},{635},{517},{619}
FBSP.TriageSCG.dramc__throughput.avg.pct_of_peak_sustained_elapsed [%],{894},{635},{517},{619}
FBSP.TriageSCG.dramc__write_throughput.avg.pct_of_peak_sustained_elapsed [%],{894},{635},{517},{619}
FE_B.TriageAC.gr__ctas_launched_queue_sync.avg [block],832 {645},832 {798},832 {660},208 {515}
FE_B.TriageAC.gr__ctas_launched_queue_sync.sum.per_cycle_elapsed [block/cycle],0.45 {894},0.45 {635},0.45 {517},0.11 {619}
LTS.TriageSCG.lts__average_t_sector_hit_rate_realtime.pct [%],{615},{480},{450},{605}
LTS.TriageSCG.lts__throughput.avg.pct_of_peak_sustained_elapsed [%],{615},{480},{450},{605}
SM_A.TriageAC.l1tex__data_pipe_lsu_wavefronts.avg.pct_of_peak_sustained_elapsed [%],0.08 {615},0.11 {480},0.11 {450},2.56 {605}
SM_A.TriageAC.l1tex__lsu_writeback_active.avg.pct_of_peak_sustained_elapsed [%],0.05 {615},0.07 {480},0.07 {450},0.30 {605}
SM_A.TriageAC.sm__cycles_active.avg.per_cycle_elapsed,5.86 {615},5.93 {480},5.90 {450},20.84 {605}
SM_A.TriageAC.sm__inst_executed_realtime.avg.per_cycle_active [inst/cycle],2.74 {615},2.58 {480},2.61 {450},21.62 {605}
SM_A.TriageAC.sm__inst_executed_realtime.avg.per_cycle_elapsed [inst/cycle],2.35 {615},2.35 {480},2.35 {450},18.87 {605}
SM_A.TriageSCG.l1tex__throughput.avg.pct_of_peak_sustained_elapsed [%],{615},{480},{450},{605}
SM_A.TriageSCG.sm__inst_executed_pipe_alu_realtime.avg.pct_of_peak_sustained_elapsed [%],0.04 {894},0.06 {635},0.08 {517},0.58 {619}
SM_B.TriageAC.l1tex__t_sector_hit_rate.pct [%],{615},{480},{450},{605}
SM_C.TriageSCG.smsp__inst_executed_pipe_fmaheavy.avg.pct_of_peak_sustained_elapsed [%],0.03 {894},0.04 {635},0.05 {517},0.50 {619}
SM_C.TriageSCG.smsp__inst_executed_pipe_fmalite.avg.pct_of_peak_sustained_elapsed [%],0 {894},0 {635},0 {517},0.05 {619}
TriageAC.tpc__warps_active_realtime.avg.per_cycle_elapsed [warp],250.66 {894},236.04 {635},234.72 {517},797.54 {619}
TriageAC.tpc__warps_active_realtime.sum.per_cycle_elapsed [warp],"5,013.30 {894}","4,720.79 {635}","4,694.39 {517}","15,950.77 {619}"
breakdown:gpu__compute_memory_throughput.avg.pct_of_peak_sustained_elapsed,"dram__cycles_active.avg.pct_of_peak_sustained_elapsed,fbpa__dram_sectors.avg.pct_of_peak_sustained_elapsed,gpu__compute_memory_access_throughput_internal_activity.avg.pct_of_peak_sustained_elapsed,gpu__compute_memory_request_throughput_internal_activity.avg.pct_of_peak_sustained_elapsed,l1tex__data_bank_reads.avg.pct_of_peak_sustained_elapsed,l1tex__data_bank_writes.avg.pct_of_peak_sustained_elapsed,l1tex__data_pipe_lsu_wavefronts.avg.pct_of_peak_sustained_elapsed,l1tex__data_pipe_tex_wavefronts.avg.pct_of_peak_sustained_elapsed,l1tex__f_wavefronts.avg.pct_of_peak_sustained_elapsed,l1tex__lsu_writeback_active.avg.pct_of_peak_sustained_elapsed,l1tex__lsuin_requests.avg.pct_of_peak_sustained_elapsed,l1tex__m_l1tex2xbar_req_cycles_active.avg.pct_of_peak_sustained_elapsed,l1tex__m_xbar2l1tex_read_sectors.avg.pct_of_peak_sustained_elapsed,l1tex__tex_writeback_active.avg.pct_of_peak_sustained_elapsed,l1tex__texin_sm2tex_req_cycles_active.avg.pct_of_peak_sustained_elapsed,lts__d_atomic_input_cycles_active.avg.pct_of_peak_sustained_elapsed,lts__d_sectors.avg.pct_of_peak_sustained_elapsed,lts__d_sectors_fill_device.avg.pct_of_peak_sustained_elapsed,lts__d_sectors_fill_sysmem.avg.pct_of_peak_sustained_elapsed,lts__lts2xbar_cycles_active.avg.pct_of_peak_sustained_elapsed,lts__t_sectors.avg.pct_of_peak_sustained_elapsed,lts__t_tag_requests.avg.pct_of_peak_sustained_elapsed,lts__xbar2lts_cycles_active.avg.pct_of_peak_sustained_elapsed","dram__cycles_active.avg.pct_of_peak_sustained_elapsed,fbpa__dram_sectors.avg.pct_of_peak_sustained_elapsed,gpu__compute_memory_access_throughput_internal_activity.avg.pct_of_peak_sustained_elapsed,gpu__compute_memory_request_throughput_internal_activity.avg.pct_of_peak_sustained_elapsed,l1tex__data_bank_reads.avg.pct_of_peak_sustained_elapsed,l1tex__data_bank_writes.avg.pct_of_peak_sustained_elapsed,l1tex__data_pipe_lsu_wavefronts.avg.pct_of_peak_sustained_elapsed,l1tex__data_pipe_tex_wavefronts.avg.pct_of_peak_sustained_elapsed,l1tex__f_wavefronts.avg.pct_of_peak_sustained_elapsed,l1tex__lsu_writeback_active.avg.pct_of_peak_sustained_elapsed,l1tex__lsuin_requests.avg.pct_of_peak_sustained_elapsed,l1tex__m_l1tex2xbar_req_cycles_active.avg.pct_of_peak_sustained_elapsed,l1tex__m_xbar2l1tex_read_sectors.avg.pct_of_peak_sustained_elapsed,l1tex__tex_writeback_active.avg.pct_of_peak_sustained_elapsed,l1tex__texin_sm2tex_req_cycles_active.avg.pct_of_peak_sustained_elapsed,lts__d_atomic_input_cycles_active.avg.pct_of_peak_sustained_elapsed,lts__d_sectors.avg.pct_of_peak_sustained_elapsed,lts__d_sectors_fill_device.avg.pct_of_peak_sustained_elapsed,lts__d_sectors_fill_sysmem.avg.pct_of_peak_sustained_elapsed,lts__lts2xbar_cycles_active.avg.pct_of_peak_sustained_elapsed,lts__t_sectors.avg.pct_of_peak_sustained_elapsed,lts__t_tag_requests.avg.pct_of_peak_sustained_elapsed,lts__xbar2lts_cycles_active.avg.pct_of_peak_sustained_elapsed","dram__cycles_active.avg.pct_of_peak_sustained_elapsed,fbpa__dram_sectors.avg.pct_of_peak_sustained_elapsed,gpu__compute_memory_access_throughput_internal_activity.avg.pct_of_peak_sustained_elapsed,gpu__compute_memory_request_throughput_internal_activity.avg.pct_of_peak_sustained_elapsed,l1tex__data_bank_reads.avg.pct_of_peak_sustained_elapsed,l1tex__data_bank_writes.avg.pct_of_peak_sustained_elapsed,l1tex__data_pipe_lsu_wavefronts.avg.pct_of_peak_sustained_elapsed,l1tex__data_pipe_tex_wavefronts.avg.pct_of_peak_sustained_elapsed,l1tex__f_wavefronts.avg.pct_of_peak_sustained_elapsed,l1tex__lsu_writeback_active.avg.pct_of_peak_sustained_elapsed,l1tex__lsuin_requests.avg.pct_of_peak_sustained_elapsed,l1tex__m_l1tex2xbar_req_cycles_active.avg.pct_of_peak_sustained_elapsed,l1tex__m_xbar2l1tex_read_sectors.avg.pct_of_peak_sustained_elapsed,l1tex__tex_writeback_active.avg.pct_of_peak_sustained_elapsed,l1tex__texin_sm2tex_req_cycles_active.avg.pct_of_peak_sustained_elapsed,lts__d_atomic_input_cycles_active.avg.pct_of_peak_sustained_elapsed,lts__d_sectors.avg.pct_of_peak_sustained_elapsed,lts__d_sectors_fill_device.avg.pct_of_peak_sustained_elapsed,lts__d_sectors_fill_sysmem.avg.pct_of_peak_sustained_elapsed,lts__lts2xbar_cycles_active.avg.pct_of_peak_sustained_elapsed,lts__t_sectors.avg.pct_of_peak_sustained_elapsed,lts__t_tag_requests.avg.pct_of_peak_sustained_elapsed,lts__xbar2lts_cycles_active.avg.pct_of_peak_sustained_elapsed","dram__cycles_active.avg.pct_of_peak_sustained_elapsed,fbpa__dram_sectors.avg.pct_of_peak_sustained_elapsed,gpu__compute_memory_access_throughput_internal_activity.avg.pct_of_peak_sustained_elapsed,gpu__compute_memory_request_throughput_internal_activity.avg.pct_of_peak_sustained_elapsed,l1tex__data_bank_reads.avg.pct_of_peak_sustained_elapsed,l1tex__data_bank_writes.avg.pct_of_peak_sustained_elapsed,l1tex__data_pipe_lsu_wavefronts.avg.pct_of_peak_sustained_elapsed,l1tex__data_pipe_tex_wavefronts.avg.pct_of_peak_sustained_elapsed,l1tex__f_wavefronts.avg.pct_of_peak_sustained_elapsed,l1tex__lsu_writeback_active.avg.pct_of_peak_sustained_elapsed,l1tex__lsuin_requests.avg.pct_of_peak_sustained_elapsed,l1tex__m_l1tex2xbar_req_cycles_active.avg.pct_of_peak_sustained_elapsed,l1tex__m_xbar2l1tex_read_sectors.avg.pct_of_peak_sustained_elapsed,l1tex__tex_writeback_active.avg.pct_of_peak_sustained_elapsed,l1tex__texin_sm2tex_req_cycles_active.avg.pct_of_peak_sustained_elapsed,lts__d_atomic_input_cycles_active.avg.pct_of_peak_sustained_elapsed,lts__d_sectors.avg.pct_of_peak_sustained_elapsed,lts__d_sectors_fill_device.avg.pct_of_peak_sustained_elapsed,lts__d_sectors_fill_sysmem.avg.pct_of_peak_sustained_elapsed,lts__lts2xbar_cycles_active.avg.pct_of_peak_sustained_elapsed,lts__t_sectors.avg.pct_of_peak_sustained_elapsed,lts__t_tag_requests.avg.pct_of_peak_sustained_elapsed,lts__xbar2lts_cycles_active.avg.pct_of_peak_sustained_elapsed"
breakdown:gpu__compute_memory_throughput.max.pct_of_peak_sustained_elapsed,"dram__cycles_active.max.pct_of_peak_sustained_elapsed,fbpa__dram_sectors.max.pct_of_peak_sustained_elapsed,gpu__compute_memory_access_throughput_internal_activity.max.pct_of_peak_sustained_elapsed,gpu__compute_memory_request_throughput_internal_activity.max.pct_of_peak_sustained_elapsed,l1tex__data_bank_reads.max.pct_of_peak_sustained_elapsed,l1tex__data_bank_writes.max.pct_of_peak_sustained_elapsed,l1tex__data_pipe_lsu_wavefronts.max.pct_of_peak_sustained_elapsed,l1tex__data_pipe_tex_wavefronts.max.pct_of_peak_sustained_elapsed,l1tex__f_wavefronts.max.pct_of_peak_sustained_elapsed,l1tex__lsu_writeback_active.max.pct_of_peak_sustained_elapsed,l1tex__lsuin_requests.max.pct_of_peak_sustained_elapsed,l1tex__m_l1tex2xbar_req_cycles_active.max.pct_of_peak_sustained_elapsed,l1tex__m_xbar2l1tex_read_sectors.max.pct_of_peak_sustained_elapsed,l1tex__tex_writeback_active.max.pct_of_peak_sustained_elapsed,l1tex__texin_sm2tex_req_cycles_active.max.pct_of_peak_sustained_elapsed,lts__d_atomic_input_cycles_active.max.pct_of_peak_sustained_elapsed,lts__d_sectors.max.pct_of_peak_sustained_elapsed,lts__d_sectors_fill_device.max.pct_of_peak_sustained_elapsed,lts__d_sectors_fill_sysmem.max.pct_of_peak_sustained_elapsed,lts__lts2xbar_cycles_active.max.pct_of_peak_sustained_elapsed,lts__t_sectors.max.pct_of_peak_sustained_elapsed,lts__t_tag_requests.max.pct_of_peak_sustained_elapsed,lts__xbar2lts_cycles_active.max.pct_of_peak_sustained_elapsed","dram__cycles_active.max.pct_of_peak_sustained_elapsed,fbpa__dram_sectors.max.pct_of_peak_sustained_elapsed,gpu__compute_memory_access_throughput_internal_activity.max.pct_of_peak_sustained_elapsed,gpu__compute_memory_request_throughput_internal_activity.max.pct_of_peak_sustained_elapsed,l1tex__data_bank_reads.max.pct_of_peak_sustained_elapsed,l1tex__data_bank_writes.max.pct_of_peak_sustained_elapsed,l1tex__data_pipe_lsu_wavefronts.max.pct_of_peak_sustained_elapsed,l1tex__data_pipe_tex_wavefronts.max.pct_of_peak_sustained_elapsed,l1tex__f_wavefronts.max.pct_of_peak_sustained_elapsed,l1tex__lsu_writeback_active.max.pct_of_peak_sustained_elapsed,l1tex__lsuin_requests.max.pct_of_peak_sustained_elapsed,l1tex__m_l1tex2xbar_req_cycles_active.max.pct_of_peak_sustained_elapsed,l1tex__m_xbar2l1tex_read_sectors.max.pct_of_peak_sustained_elapsed,l1tex__tex_writeback_active.max.pct_of_peak_sustained_elapsed,l1tex__texin_sm2tex_req_cycles_active.max.pct_of_peak_sustained_elapsed,lts__d_atomic_input_cycles_active.max.pct_of_peak_sustained_elapsed,lts__d_sectors.max.pct_of_peak_sustained_elapsed,lts__d_sectors_fill_device.max.pct_of_peak_sustained_elapsed,lts__d_sectors_fill_sysmem.max.pct_of_peak_sustained_elapsed,lts__lts2xbar_cycles_active.max.pct_of_peak_sustained_elapsed,lts__t_sectors.max.pct_of_peak_sustained_elapsed,lts__t_tag_requests.max.pct_of_peak_sustained_elapsed,lts__xbar2lts_cycles_active.max.pct_of_peak_sustained_elapsed","dram__cycles_active.max.pct_of_peak_sustained_elapsed,fbpa__dram_sectors.max.pct_of_peak_sustained_elapsed,gpu__compute_memory_access_throughput_internal_activity.max.pct_of_peak_sustained_elapsed,gpu__compute_memory_request_throughput_internal_activity.max.pct_of_peak_sustained_elapsed,l1tex__data_bank_reads.max.pct_of_peak_sustained_elapsed,l1tex__data_bank_writes.max.pct_of_peak_sustained_elapsed,l1tex__data_pipe_lsu_wavefronts.max.pct_of_peak_sustained_elapsed,l1tex__data_pipe_tex_wavefronts.max.pct_of_peak_sustained_elapsed,l1tex__f_wavefronts.max.pct_of_peak_sustained_elapsed,l1tex__lsu_writeback_active.max.pct_of_peak_sustained_elapsed,l1tex__lsuin_requests.max.pct_of_peak_sustained_elapsed,l1tex__m_l1tex2xbar_req_cycles_active.max.pct_of_peak_sustained_elapsed,l1tex__m_xbar2l1tex_read_sectors.max.pct_of_peak_sustained_elapsed,l1tex__tex_writeback_active.max.pct_of_peak_sustained_elapsed,l1tex__texin_sm2tex_req_cycles_active.max.pct_of_peak_sustained_elapsed,lts__d_atomic_input_cycles_active.max.pct_of_peak_sustained_elapsed,lts__d_sectors.max.pct_of_peak_sustained_elapsed,lts__d_sectors_fill_device.max.pct_of_peak_sustained_elapsed,lts__d_sectors_fill_sysmem.max.pct_of_peak_sustained_elapsed,lts__lts2xbar_cycles_active.max.pct_of_peak_sustained_elapsed,lts__t_sectors.max.pct_of_peak_sustained_elapsed,lts__t_tag_requests.max.pct_of_peak_sustained_elapsed,lts__xbar2lts_cycles_active.max.pct_of_peak_sustained_elapsed","dram__cycles_active.max.pct_of_peak_sustained_elapsed,fbpa__dram_sectors.max.pct_of_peak_sustained_elapsed,gpu__compute_memory_access_throughput_internal_activity.max.pct_of_peak_sustained_elapsed,gpu__compute_memory_request_throughput_internal_activity.max.pct_of_peak_sustained_elapsed,l1tex__data_bank_reads.max.pct_of_peak_sustained_elapsed,l1tex__data_bank_writes.max.pct_of_peak_sustained_elapsed,l1tex__data_pipe_lsu_wavefronts.max.pct_of_peak_sustained_elapsed,l1tex__data_pipe_tex_wavefronts.max.pct_of_peak_sustained_elapsed,l1tex__f_wavefronts.max.pct_of_peak_sustained_elapsed,l1tex__lsu_writeback_active.max.pct_of_peak_sustained_elapsed,l1tex__lsuin_requests.max.pct_of_peak_sustained_elapsed,l1tex__m_l1tex2xbar_req_cycles_active.max.pct_of_peak_sustained_elapsed,l1tex__m_xbar2l1tex_read_sectors.max.pct_of_peak_sustained_elapsed,l1tex__tex_writeback_active.max.pct_of_peak_sustained_elapsed,l1tex__texin_sm2tex_req_cycles_active.max.pct_of_peak_sustained_elapsed,lts__d_atomic_input_cycles_active.max.pct_of_peak_sustained_elapsed,lts__d_sectors.max.pct_of_peak_sustained_elapsed,lts__d_sectors_fill_device.max.pct_of_peak_sustained_elapsed,lts__d_sectors_fill_sysmem.max.pct_of_peak_sustained_elapsed,lts__lts2xbar_cycles_active.max.pct_of_peak_sustained_elapsed,lts__t_sectors.max.pct_of_peak_sustained_elapsed,lts__t_tag_requests.max.pct_of_peak_sustained_elapsed,lts__xbar2lts_cycles_active.max.pct_of_peak_sustained_elapsed"
breakdown:gpu__compute_memory_throughput.min.pct_of_peak_sustained_elapsed,"dram__cycles_active.min.pct_of_peak_sustained_elapsed,fbpa__dram_sectors.min.pct_of_peak_sustained_elapsed,gpu__compute_memory_access_throughput_internal_activity.min.pct_of_peak_sustained_elapsed,gpu__compute_memory_request_throughput_internal_activity.min.pct_of_peak_sustained_elapsed,l1tex__data_bank_reads.min.pct_of_peak_sustained_elapsed,l1tex__data_bank_writes.min.pct_of_peak_sustained_elapsed,l1tex__data_pipe_lsu_wavefronts.min.pct_of_peak_sustained_elapsed,l1tex__data_pipe_tex_wavefronts.min.pct_of_peak_sustained_elapsed,l1tex__f_wavefronts.min.pct_of_peak_sustained_elapsed,l1tex__lsu_writeback_active.min.pct_of_peak_sustained_elapsed,l1tex__lsuin_requests.min.pct_of_peak_sustained_elapsed,l1tex__m_l1tex2xbar_req_cycles_active.min.pct_of_peak_sustained_elapsed,l1tex__m_xbar2l1tex_read_sectors.min.pct_of_peak_sustained_elapsed,l1tex__tex_writeback_active.min.pct_of_peak_sustained_elapsed,l1tex__texin_sm2tex_req_cycles_active.min.pct_of_peak_sustained_elapsed,lts__d_atomic_input_cycles_active.min.pct_of_peak_sustained_elapsed,lts__d_sectors.min.pct_of_peak_sustained_elapsed,lts__d_sectors_fill_device.min.pct_of_peak_sustained_elapsed,lts__d_sectors_fill_sysmem.min.pct_of_peak_sustained_elapsed,lts__lts2xbar_cycles_active.min.pct_of_peak_sustained_elapsed,lts__t_sectors.min.pct_of_peak_sustained_elapsed,lts__t_tag_requests.min.pct_of_peak_sustained_elapsed,lts__xbar2lts_cycles_active.min.pct_of_peak_sustained_elapsed","dram__cycles_active.min.pct_of_peak_sustained_elapsed,fbpa__dram_sectors.min.pct_of_peak_sustained_elapsed,gpu__compute_memory_access_throughput_internal_activity.min.pct_of_peak_sustained_elapsed,gpu__compute_memory_request_throughput_internal_activity.min.pct_of_peak_sustained_elapsed,l1tex__data_bank_reads.min.pct_of_peak_sustained_elapsed,l1tex__data_bank_writes.min.pct_of_peak_sustained_elapsed,l1tex__data_pipe_lsu_wavefronts.min.pct_of_peak_sustained_elapsed,l1tex__data_pipe_tex_wavefronts.min.pct_of_peak_sustained_elapsed,l1tex__f_wavefronts.min.pct_of_peak_sustained_elapsed,l1tex__lsu_writeback_active.min.pct_of_peak_sustained_elapsed,l1tex__lsuin_requests.min.pct_of_peak_sustained_elapsed,l1tex__m_l1tex2xbar_req_cycles_active.min.pct_of_peak_sustained_elapsed,l1tex__m_xbar2l1tex_read_sectors.min.pct_of_peak_sustained_elapsed,l1tex__tex_writeback_active.min.pct_of_peak_sustained_elapsed,l1tex__texin_sm2tex_req_cycles_active.min.pct_of_peak_sustained_elapsed,lts__d_atomic_input_cycles_active.min.pct_of_peak_sustained_elapsed,lts__d_sectors.min.pct_of_peak_sustained_elapsed,lts__d_sectors_fill_device.min.pct_of_peak_sustained_elapsed,lts__d_sectors_fill_sysmem.min.pct_of_peak_sustained_elapsed,lts__lts2xbar_cycles_active.min.pct_of_peak_sustained_elapsed,lts__t_sectors.min.pct_of_peak_sustained_elapsed,lts__t_tag_requests.min.pct_of_peak_sustained_elapsed,lts__xbar2lts_cycles_active.min.pct_of_peak_sustained_elapsed","dram__cycles_active.min.pct_of_peak_sustained_elapsed,fbpa__dram_sectors.min.pct_of_peak_sustained_elapsed,gpu__compute_memory_access_throughput_internal_activity.min.pct_of_peak_sustained_elapsed,gpu__compute_memory_request_throughput_internal_activity.min.pct_of_peak_sustained_elapsed,l1tex__data_bank_reads.min.pct_of_peak_sustained_elapsed,l1tex__data_bank_writes.min.pct_of_peak_sustained_elapsed,l1tex__data_pipe_lsu_wavefronts.min.pct_of_peak_sustained_elapsed,l1tex__data_pipe_tex_wavefronts.min.pct_of_peak_sustained_elapsed,l1tex__f_wavefronts.min.pct_of_peak_sustained_elapsed,l1tex__lsu_writeback_active.min.pct_of_peak_sustained_elapsed,l1tex__lsuin_requests.min.pct_of_peak_sustained_elapsed,l1tex__m_l1tex2xbar_req_cycles_active.min.pct_of_peak_sustained_elapsed,l1tex__m_xbar2l1tex_read_sectors.min.pct_of_peak_sustained_elapsed,l1tex__tex_writeback_active.min.pct_of_peak_sustained_elapsed,l1tex__texin_sm2tex_req_cycles_active.min.pct_of_peak_sustained_elapsed,lts__d_atomic_input_cycles_active.min.pct_of_peak_sustained_elapsed,lts__d_sectors.min.pct_of_peak_sustained_elapsed,lts__d_sectors_fill_device.min.pct_of_peak_sustained_elapsed,lts__d_sectors_fill_sysmem.min.pct_of_peak_sustained_elapsed,lts__lts2xbar_cycles_active.min.pct_of_peak_sustained_elapsed,lts__t_sectors.min.pct_of_peak_sustained_elapsed,lts__t_tag_requests.min.pct_of_peak_sustained_elapsed,lts__xbar2lts_cycles_active.min.pct_of_peak_sustained_elapsed","dram__cycles_active.min.pct_of_peak_sustained_elapsed,fbpa__dram_sectors.min.pct_of_peak_sustained_elapsed,gpu__compute_memory_access_throughput_internal_activity.min.pct_of_peak_sustained_elapsed,gpu__compute_memory_request_throughput_internal_activity.min.pct_of_peak_sustained_elapsed,l1tex__data_bank_reads.min.pct_of_peak_sustained_elapsed,l1tex__data_bank_writes.min.pct_of_peak_sustained_elapsed,l1tex__data_pipe_lsu_wavefronts.min.pct_of_peak_sustained_elapsed,l1tex__data_pipe_tex_wavefronts.min.pct_of_peak_sustained_elapsed,l1tex__f_wavefronts.min.pct_of_peak_sustained_elapsed,l1tex__lsu_writeback_active.min.pct_of_peak_sustained_elapsed,l1tex__lsuin_requests.min.pct_of_peak_sustained_elapsed,l1tex__m_l1tex2xbar_req_cycles_active.min.pct_of_peak_sustained_elapsed,l1tex__m_xbar2l1tex_read_sectors.min.pct_of_peak_sustained_elapsed,l1tex__tex_writeback_active.min.pct_of_peak_sustained_elapsed,l1tex__texin_sm2tex_req_cycles_active.min.pct_of_peak_sustained_elapsed,lts__d_atomic_input_cycles_active.min.pct_of_peak_sustained_elapsed,lts__d_sectors.min.pct_of_peak_sustained_elapsed,lts__d_sectors_fill_device.min.pct_of_peak_sustained_elapsed,lts__d_sectors_fill_sysmem.min.pct_of_peak_sustained_elapsed,lts__lts2xbar_cycles_active.min.pct_of_peak_sustained_elapsed,lts__t_sectors.min.pct_of_peak_sustained_elapsed,lts__t_tag_requests.min.pct_of_peak_sustained_elapsed,lts__xbar2lts_cycles_active.min.pct_of_peak_sustained_elapsed"
breakdown:gpu__compute_memory_throughput.sum.pct_of_peak_sustained_elapsed,"dram__cycles_active.sum.pct_of_peak_sustained_elapsed,fbpa__dram_sectors.sum.pct_of_peak_sustained_elapsed,gpu__compute_memory_access_throughput_internal_activity.sum.pct_of_peak_sustained_elapsed,gpu__compute_memory_request_throughput_internal_activity.sum.pct_of_peak_sustained_elapsed,l1tex__data_bank_reads.sum.pct_of_peak_sustained_elapsed,l1tex__data_bank_writes.sum.pct_of_peak_sustained_elapsed,l1tex__data_pipe_lsu_wavefronts.sum.pct_of_peak_sustained_elapsed,l1tex__data_pipe_tex_wavefronts.sum.pct_of_peak_sustained_elapsed,l1tex__f_wavefronts.sum.pct_of_peak_sustained_elapsed,l1tex__lsu_writeback_active.sum.pct_of_peak_sustained_elapsed,l1tex__lsuin_requests.sum.pct_of_peak_sustained_elapsed,l1tex__m_l1tex2xbar_req_cycles_active.sum.pct_of_peak_sustained_elapsed,l1tex__m_xbar2l1tex_read_sectors.sum.pct_of_peak_sustained_elapsed,l1tex__tex_writeback_active.sum.pct_of_peak_sustained_elapsed,l1tex__texin_sm2tex_req_cycles_active.sum.pct_of_peak_sustained_elapsed,lts__d_atomic_input_cycles_active.sum.pct_of_peak_sustained_elapsed,lts__d_sectors.sum.pct_of_peak_sustained_elapsed,lts__d_sectors_fill_device.sum.pct_of_peak_sustained_elapsed,lts__d_sectors_fill_sysmem.sum.pct_of_peak_sustained_elapsed,lts__lts2xbar_cycles_active.sum.pct_of_peak_sustained_elapsed,lts__t_sectors.sum.pct_of_peak_sustained_elapsed,lts__t_tag_requests.sum.pct_of_peak_sustained_elapsed,lts__xbar2lts_cycles_active.sum.pct_of_peak_sustained_elapsed","dram__cycles_active.sum.pct_of_peak_sustained_elapsed,fbpa__dram_sectors.sum.pct_of_peak_sustained_elapsed,gpu__compute_memory_access_throughput_internal_activity.sum.pct_of_peak_sustained_elapsed,gpu__compute_memory_request_throughput_internal_activity.sum.pct_of_peak_sustained_elapsed,l1tex__data_bank_reads.sum.pct_of_peak_sustained_elapsed,l1tex__data_bank_writes.sum.pct_of_peak_sustained_elapsed,l1tex__data_pipe_lsu_wavefronts.sum.pct_of_peak_sustained_elapsed,l1tex__data_pipe_tex_wavefronts.sum.pct_of_peak_sustained_elapsed,l1tex__f_wavefronts.sum.pct_of_peak_sustained_elapsed,l1tex__lsu_writeback_active.sum.pct_of_peak_sustained_elapsed,l1tex__lsuin_requests.sum.pct_of_peak_sustained_elapsed,l1tex__m_l1tex2xbar_req_cycles_active.sum.pct_of_peak_sustained_elapsed,l1tex__m_xbar2l1tex_read_sectors.sum.pct_of_peak_sustained_elapsed,l1tex__tex_writeback_active.sum.pct_of_peak_sustained_elapsed,l1tex__texin_sm2tex_req_cycles_active.sum.pct_of_peak_sustained_elapsed,lts__d_atomic_input_cycles_active.sum.pct_of_peak_sustained_elapsed,lts__d_sectors.sum.pct_of_peak_sustained_elapsed,lts__d_sectors_fill_device.sum.pct_of_peak_sustained_elapsed,lts__d_sectors_fill_sysmem.sum.pct_of_peak_sustained_elapsed,lts__lts2xbar_cycles_active.sum.pct_of_peak_sustained_elapsed,lts__t_sectors.sum.pct_of_peak_sustained_elapsed,lts__t_tag_requests.sum.pct_of_peak_sustained_elapsed,lts__xbar2lts_cycles_active.sum.pct_of_peak_sustained_elapsed","dram__cycles_active.sum.pct_of_peak_sustained_elapsed,fbpa__dram_sectors.sum.pct_of_peak_sustained_elapsed,gpu__compute_memory_access_throughput_internal_activity.sum.pct_of_peak_sustained_elapsed,gpu__compute_memory_request_throughput_internal_activity.sum.pct_of_peak_sustained_elapsed,l1tex__data_bank_reads.sum.pct_of_peak_sustained_elapsed,l1tex__data_bank_writes.sum.pct_of_peak_sustained_elapsed,l1tex__data_pipe_lsu_wavefronts.sum.pct_of_peak_sustained_elapsed,l1tex__data_pipe_tex_wavefronts.sum.pct_of_peak_sustained_elapsed,l1tex__f_wavefronts.sum.pct_of_peak_sustained_elapsed,l1tex__lsu_writeback_active.sum.pct_of_peak_sustained_elapsed,l1tex__lsuin_requests.sum.pct_of_peak_sustained_elapsed,l1tex__m_l1tex2xbar_req_cycles_active.sum.pct_of_peak_sustained_elapsed,l1tex__m_xbar2l1tex_read_sectors.sum.pct_of_peak_sustained_elapsed,l1tex__tex_writeback_active.sum.pct_of_peak_sustained_elapsed,l1tex__texin_sm2tex_req_cycles_active.sum.pct_of_peak_sustained_elapsed,lts__d_atomic_input_cycles_active.sum.pct_of_peak_sustained_elapsed,lts__d_sectors.sum.pct_of_peak_sustained_elapsed,lts__d_sectors_fill_device.sum.pct_of_peak_sustained_elapsed,lts__d_sectors_fill_sysmem.sum.pct_of_peak_sustained_elapsed,lts__lts2xbar_cycles_active.sum.pct_of_peak_sustained_elapsed,lts__t_sectors.sum.pct_of_peak_sustained_elapsed,lts__t_tag_requests.sum.pct_of_peak_sustained_elapsed,lts__xbar2lts_cycles_active.sum.pct_of_peak_sustained_elapsed","dram__cycles_active.sum.pct_of_peak_sustained_elapsed,fbpa__dram_sectors.sum.pct_of_peak_sustained_elapsed,gpu__compute_memory_access_throughput_internal_activity.sum.pct_of_peak_sustained_elapsed,gpu__compute_memory_request_throughput_internal_activity.sum.pct_of_peak_sustained_elapsed,l1tex__data_bank_reads.sum.pct_of_peak_sustained_elapsed,l1tex__data_bank_writes.sum.pct_of_peak_sustained_elapsed,l1tex__data_pipe_lsu_wavefronts.sum.pct_of_peak_sustained_elapsed,l1tex__data_pipe_tex_wavefronts.sum.pct_of_peak_sustained_elapsed,l1tex__f_wavefronts.sum.pct_of_peak_sustained_elapsed,l1tex__lsu_writeback_active.sum.pct_of_peak_sustained_elapsed,l1tex__lsuin_requests.sum.pct_of_peak_sustained_elapsed,l1tex__m_l1tex2xbar_req_cycles_active.sum.pct_of_peak_sustained_elapsed,l1tex__m_xbar2l1tex_read_sectors.sum.pct_of_peak_sustained_elapsed,l1tex__tex_writeback_active.sum.pct_of_peak_sustained_elapsed,l1tex__texin_sm2tex_req_cycles_active.sum.pct_of_peak_sustained_elapsed,lts__d_atomic_input_cycles_active.sum.pct_of_peak_sustained_elapsed,lts__d_sectors.sum.pct_of_peak_sustained_elapsed,lts__d_sectors_fill_device.sum.pct_of_peak_sustained_elapsed,lts__d_sectors_fill_sysmem.sum.pct_of_peak_sustained_elapsed,lts__lts2xbar_cycles_active.sum.pct_of_peak_sustained_elapsed,lts__t_sectors.sum.pct_of_peak_sustained_elapsed,lts__t_tag_requests.sum.pct_of_peak_sustained_elapsed,lts__xbar2lts_cycles_active.sum.pct_of_peak_sustained_elapsed"
breakdown:sm__throughput.avg.pct_of_peak_sustained_elapsed,"idc__request_cycles_active.avg.pct_of_peak_sustained_elapsed,sm__inst_executed.avg.pct_of_peak_sustained_elapsed,sm__inst_executed_pipe_adu.avg.pct_of_peak_sustained_elapsed,sm__inst_executed_pipe_cbu_pred_on_any.avg.pct_of_peak_sustained_elapsed,sm__inst_executed_pipe_ipa.avg.pct_of_peak_sustained_elapsed,sm__inst_executed_pipe_lsu.avg.pct_of_peak_sustained_elapsed,sm__inst_executed_pipe_tex.avg.pct_of_peak_sustained_elapsed,sm__inst_executed_pipe_uniform.avg.pct_of_peak_sustained_elapsed,sm__inst_executed_pipe_xu.avg.pct_of_peak_sustained_elapsed,sm__instruction_throughput_internal_activity.avg.pct_of_peak_sustained_elapsed,sm__issue_active.avg.pct_of_peak_sustained_elapsed,sm__memory_throughput_internal_activity.avg.pct_of_peak_sustained_elapsed,sm__mio2rf_writeback_active.avg.pct_of_peak_sustained_elapsed,sm__mio_inst_issued.avg.pct_of_peak_sustained_elapsed,sm__mio_pq_read_cycles_active.avg.pct_of_peak_sustained_elapsed,sm__mio_pq_write_cycles_active.avg.pct_of_peak_sustained_elapsed,sm__pipe_alu_cycles_active.avg.pct_of_peak_sustained_elapsed,sm__pipe_fma_cycles_active.avg.pct_of_peak_sustained_elapsed,sm__pipe_fmaheavy_cycles_active.avg.pct_of_peak_sustained_elapsed,sm__pipe_fp64_cycles_active.avg.pct_of_peak_sustained_elapsed,sm__pipe_tensor_cycles_active.avg.pct_of_peak_sustained_elapsed,sm__pipe_tensor_cycles_active_v2.avg.pct_of_peak_sustained_elapsed","idc__request_cycles_active.avg.pct_of_peak_sustained_elapsed,sm__inst_executed.avg.pct_of_peak_sustained_elapsed,sm__inst_executed_pipe_adu.avg.pct_of_peak_sustained_elapsed,sm__inst_executed_pipe_cbu_pred_on_any.avg.pct_of_peak_sustained_elapsed,sm__inst_executed_pipe_ipa.avg.pct_of_peak_sustained_elapsed,sm__inst_executed_pipe_lsu.avg.pct_of_peak_sustained_elapsed,sm__inst_executed_pipe_tex.avg.pct_of_peak_sustained_elapsed,sm__inst_executed_pipe_uniform.avg.pct_of_peak_sustained_elapsed,sm__inst_executed_pipe_xu.avg.pct_of_peak_sustained_elapsed,sm__instruction_throughput_internal_activity.avg.pct_of_peak_sustained_elapsed,sm__issue_active.avg.pct_of_peak_sustained_elapsed,sm__memory_throughput_internal_activity.avg.pct_of_peak_sustained_elapsed,sm__mio2rf_writeback_active.avg.pct_of_peak_sustained_elapsed,sm__mio_inst_issued.avg.pct_of_peak_sustained_elapsed,sm__mio_pq_read_cycles_active.avg.pct_of_peak_sustained_elapsed,sm__mio_pq_write_cycles_active.avg.pct_of_peak_sustained_elapsed,sm__pipe_alu_cycles_active.avg.pct_of_peak_sustained_elapsed,sm__pipe_fma_cycles_active.avg.pct_of_peak_sustained_elapsed,sm__pipe_fmaheavy_cycles_active.avg.pct_of_peak_sustained_elapsed,sm__pipe_fp64_cycles_active.avg.pct_of_peak_sustained_elapsed,sm__pipe_tensor_cycles_active.avg.pct_of_peak_sustained_elapsed,sm__pipe_tensor_cycles_active_v2.avg.pct_of_peak_sustained_elapsed","idc__request_cycles_active.avg.pct_of_peak_sustained_elapsed,sm__inst_executed.avg.pct_of_peak_sustained_elapsed,sm__inst_executed_pipe_adu.avg.pct_of_peak_sustained_elapsed,sm__inst_executed_pipe_cbu_pred_on_any.avg.pct_of_peak_sustained_elapsed,sm__inst_executed_pipe_ipa.avg.pct_of_peak_sustained_elapsed,sm__inst_executed_pipe_lsu.avg.pct_of_peak_sustained_elapsed,sm__inst_executed_pipe_tex.avg.pct_of_peak_sustained_elapsed,sm__inst_executed_pipe_uniform.avg.pct_of_peak_sustained_elapsed,sm__inst_executed_pipe_xu.avg.pct_of_peak_sustained_elapsed,sm__instruction_throughput_internal_activity.avg.pct_of_peak_sustained_elapsed,sm__issue_active.avg.pct_of_peak_sustained_elapsed,sm__memory_throughput_internal_activity.avg.pct_of_peak_sustained_elapsed,sm__mio2rf_writeback_active.avg.pct_of_peak_sustained_elapsed,sm__mio_inst_issued.avg.pct_of_peak_sustained_elapsed,sm__mio_pq_read_cycles_active.avg.pct_of_peak_sustained_elapsed,sm__mio_pq_write_cycles_active.avg.pct_of_peak_sustained_elapsed,sm__pipe_alu_cycles_active.avg.pct_of_peak_sustained_elapsed,sm__pipe_fma_cycles_active.avg.pct_of_peak_sustained_elapsed,sm__pipe_fmaheavy_cycles_active.avg.pct_of_peak_sustained_elapsed,sm__pipe_fp64_cycles_active.avg.pct_of_peak_sustained_elapsed,sm__pipe_tensor_cycles_active.avg.pct_of_peak_sustained_elapsed,sm__pipe_tensor_cycles_active_v2.avg.pct_of_peak_sustained_elapsed","idc__request_cycles_active.avg.pct_of_peak_sustained_elapsed,sm__inst_executed.avg.pct_of_peak_sustained_elapsed,sm__inst_executed_pipe_adu.avg.pct_of_peak_sustained_elapsed,sm__inst_executed_pipe_cbu_pred_on_any.avg.pct_of_peak_sustained_elapsed,sm__inst_executed_pipe_ipa.avg.pct_of_peak_sustained_elapsed,sm__inst_executed_pipe_lsu.avg.pct_of_peak_sustained_elapsed,sm__inst_executed_pipe_tex.avg.pct_of_peak_sustained_elapsed,sm__inst_executed_pipe_uniform.avg.pct_of_peak_sustained_elapsed,sm__inst_executed_pipe_xu.avg.pct_of_peak_sustained_elapsed,sm__instruction_throughput_internal_activity.avg.pct_of_peak_sustained_elapsed,sm__issue_active.avg.pct_of_peak_sustained_elapsed,sm__memory_throughput_internal_activity.avg.pct_of_peak_sustained_elapsed,sm__mio2rf_writeback_active.avg.pct_of_peak_sustained_elapsed,sm__mio_inst_issued.avg.pct_of_peak_sustained_elapsed,sm__mio_pq_read_cycles_active.avg.pct_of_peak_sustained_elapsed,sm__mio_pq_write_cycles_active.avg.pct_of_peak_sustained_elapsed,sm__pipe_alu_cycles_active.avg.pct_of_peak_sustained_elapsed,sm__pipe_fma_cycles_active.avg.pct_of_peak_sustained_elapsed,sm__pipe_fmaheavy_cycles_active.avg.pct_of_peak_sustained_elapsed,sm__pipe_fp64_cycles_active.avg.pct_of_peak_sustained_elapsed,sm__pipe_tensor_cycles_active.avg.pct_of_peak_sustained_elapsed,sm__pipe_tensor_cycles_active_v2.avg.pct_of_peak_sustained_elapsed"
breakdown:sm__throughput.max.pct_of_peak_sustained_elapsed,"idc__request_cycles_active.max.pct_of_peak_sustained_elapsed,sm__inst_executed.max.pct_of_peak_sustained_elapsed,sm__inst_executed_pipe_adu.max.pct_of_peak_sustained_elapsed,sm__inst_executed_pipe_cbu_pred_on_any.max.pct_of_peak_sustained_elapsed,sm__inst_executed_pipe_ipa.max.pct_of_peak_sustained_elapsed,sm__inst_executed_pipe_lsu.max.pct_of_peak_sustained_elapsed,sm__inst_executed_pipe_tex.max.pct_of_peak_sustained_elapsed,sm__inst_executed_pipe_uniform.max.pct_of_peak_sustained_elapsed,sm__inst_executed_pipe_xu.max.pct_of_peak_sustained_elapsed,sm__instruction_throughput_internal_activity.max.pct_of_peak_sustained_elapsed,sm__issue_active.max.pct_of_peak_sustained_elapsed,sm__memory_throughput_internal_activity.max.pct_of_peak_sustained_elapsed,sm__mio2rf_writeback_active.max.pct_of_peak_sustained_elapsed,sm__mio_inst_issued.max.pct_of_peak_sustained_elapsed,sm__mio_pq_read_cycles_active.max.pct_of_peak_sustained_elapsed,sm__mio_pq_write_cycles_active.max.pct_of_peak_sustained_elapsed,sm__pipe_alu_cycles_active.max.pct_of_peak_sustained_elapsed,sm__pipe_fma_cycles_active.max.pct_of_peak_sustained_elapsed,sm__pipe_fmaheavy_cycles_active.max.pct_of_peak_sustained_elapsed,sm__pipe_fp64_cycles_active.max.pct_of_peak_sustained_elapsed,sm__pipe_tensor_cycles_active.max.pct_of_peak_sustained_elapsed,sm__pipe_tensor_cycles_active_v2.max.pct_of_peak_sustained_elapsed","idc__request_cycles_active.max.pct_of_peak_sustained_elapsed,sm__inst_executed.max.pct_of_peak_sustained_elapsed,sm__inst_executed_pipe_adu.max.pct_of_peak_sustained_elapsed,sm__inst_executed_pipe_cbu_pred_on_any.max.pct_of_peak_sustained_elapsed,sm__inst_executed_pipe_ipa.max.pct_of_peak_sustained_elapsed,sm__inst_executed_pipe_lsu.max.pct_of_peak_sustained_elapsed,sm__inst_executed_pipe_tex.max.pct_of_peak_sustained_elapsed,sm__inst_executed_pipe_uniform.max.pct_of_peak_sustained_elapsed,sm__inst_executed_pipe_xu.max.pct_of_peak_sustained_elapsed,sm__instruction_throughput_internal_activity.max.pct_of_peak_sustained_elapsed,sm__issue_active.max.pct_of_peak_sustained_elapsed,sm__memory_throughput_internal_activity.max.pct_of_peak_sustained_elapsed,sm__mio2rf_writeback_active.max.pct_of_peak_sustained_elapsed,sm__mio_inst_issued.max.pct_of_peak_sustained_elapsed,sm__mio_pq_read_cycles_active.max.pct_of_peak_sustained_elapsed,sm__mio_pq_write_cycles_active.max.pct_of_peak_sustained_elapsed,sm__pipe_alu_cycles_active.max.pct_of_peak_sustained_elapsed,sm__pipe_fma_cycles_active.max.pct_of_peak_sustained_elapsed,sm__pipe_fmaheavy_cycles_active.max.pct_of_peak_sustained_elapsed,sm__pipe_fp64_cycles_active.max.pct_of_peak_sustained_elapsed,sm__pipe_tensor_cycles_active.max.pct_of_peak_sustained_elapsed,sm__pipe_tensor_cycles_active_v2.max.pct_of_peak_sustained_elapsed","idc__request_cycles_active.max.pct_of_peak_sustained_elapsed,sm__inst_executed.max.pct_of_peak_sustained_elapsed,sm__inst_executed_pipe_adu.max.pct_of_peak_sustained_elapsed,sm__inst_executed_pipe_cbu_pred_on_any.max.pct_of_peak_sustained_elapsed,sm__inst_executed_pipe_ipa.max.pct_of_peak_sustained_elapsed,sm__inst_executed_pipe_lsu.max.pct_of_peak_sustained_elapsed,sm__inst_executed_pipe_tex.max.pct_of_peak_sustained_elapsed,sm__inst_executed_pipe_uniform.max.pct_of_peak_sustained_elapsed,sm__inst_executed_pipe_xu.max.pct_of_peak_sustained_elapsed,sm__instruction_throughput_internal_activity.max.pct_of_peak_sustained_elapsed,sm__issue_active.max.pct_of_peak_sustained_elapsed,sm__memory_throughput_internal_activity.max.pct_of_peak_sustained_elapsed,sm__mio2rf_writeback_active.max.pct_of_peak_sustained_elapsed,sm__mio_inst_issued.max.pct_of_peak_sustained_elapsed,sm__mio_pq_read_cycles_active.max.pct_of_peak_sustained_elapsed,sm__mio_pq_write_cycles_active.max.pct_of_peak_sustained_elapsed,sm__pipe_alu_cycles_active.max.pct_of_peak_sustained_elapsed,sm__pipe_fma_cycles_active.max.pct_of_peak_sustained_elapsed,sm__pipe_fmaheavy_cycles_active.max.pct_of_peak_sustained_elapsed,sm__pipe_fp64_cycles_active.max.pct_of_peak_sustained_elapsed,sm__pipe_tensor_cycles_active.max.pct_of_peak_sustained_elapsed,sm__pipe_tensor_cycles_active_v2.max.pct_of_peak_sustained_elapsed","idc__request_cycles_active.max.pct_of_peak_sustained_elapsed,sm__inst_executed.max.pct_of_peak_sustained_elapsed,sm__inst_executed_pipe_adu.max.pct_of_peak_sustained_elapsed,sm__inst_executed_pipe_cbu_pred_on_any.max.pct_of_peak_sustained_elapsed,sm__inst_executed_pipe_ipa.max.pct_of_peak_sustained_elapsed,sm__inst_executed_pipe_lsu.max.pct_of_peak_sustained_elapsed,sm__inst_executed_pipe_tex.max.pct_of_peak_sustained_elapsed,sm__inst_executed_pipe_uniform.max.pct_of_peak_sustained_elapsed,sm__inst_executed_pipe_xu.max.pct_of_peak_sustained_elapsed,sm__instruction_throughput_internal_activity.max.pct_of_peak_sustained_elapsed,sm__issue_active.max.pct_of_peak_sustained_elapsed,sm__memory_throughput_internal_activity.max.pct_of_peak_sustained_elapsed,sm__mio2rf_writeback_active.max.pct_of_peak_sustained_elapsed,sm__mio_inst_issued.max.pct_of_peak_sustained_elapsed,sm__mio_pq_read_cycles_active.max.pct_of_peak_sustained_elapsed,sm__mio_pq_write_cycles_active.max.pct_of_peak_sustained_elapsed,sm__pipe_alu_cycles_active.max.pct_of_peak_sustained_elapsed,sm__pipe_fma_cycles_active.max.pct_of_peak_sustained_elapsed,sm__pipe_fmaheavy_cycles_active.max.pct_of_peak_sustained_elapsed,sm__pipe_fp64_cycles_active.max.pct_of_peak_sustained_elapsed,sm__pipe_tensor_cycles_active.max.pct_of_peak_sustained_elapsed,sm__pipe_tensor_cycles_active_v2.max.pct_of_peak_sustained_elapsed"
breakdown:sm__throughput.min.pct_of_peak_sustained_elapsed,"idc__request_cycles_active.min.pct_of_peak_sustained_elapsed,sm__inst_executed.min.pct_of_peak_sustained_elapsed,sm__inst_executed_pipe_adu.min.pct_of_peak_sustained_elapsed,sm__inst_executed_pipe_cbu_pred_on_any.min.pct_of_peak_sustained_elapsed,sm__inst_executed_pipe_ipa.min.pct_of_peak_sustained_elapsed,sm__inst_executed_pipe_lsu.min.pct_of_peak_sustained_elapsed,sm__inst_executed_pipe_tex.min.pct_of_peak_sustained_elapsed,sm__inst_executed_pipe_uniform.min.pct_of_peak_sustained_elapsed,sm__inst_executed_pipe_xu.min.pct_of_peak_sustained_elapsed,sm__instruction_throughput_internal_activity.min.pct_of_peak_sustained_elapsed,sm__issue_active.min.pct_of_peak_sustained_elapsed,sm__memory_throughput_internal_activity.min.pct_of_peak_sustained_elapsed,sm__mio2rf_writeback_active.min.pct_of_peak_sustained_elapsed,sm__mio_inst_issued.min.pct_of_peak_sustained_elapsed,sm__mio_pq_read_cycles_active.min.pct_of_peak_sustained_elapsed,sm__mio_pq_write_cycles_active.min.pct_of_peak_sustained_elapsed,sm__pipe_alu_cycles_active.min.pct_of_peak_sustained_elapsed,sm__pipe_fma_cycles_active.min.pct_of_peak_sustained_elapsed,sm__pipe_fmaheavy_cycles_active.min.pct_of_peak_sustained_elapsed,sm__pipe_fp64_cycles_active.min.pct_of_peak_sustained_elapsed,sm__pipe_tensor_cycles_active.min.pct_of_peak_sustained_elapsed,sm__pipe_tensor_cycles_active_v2.min.pct_of_peak_sustained_elapsed","idc__request_cycles_active.min.pct_of_peak_sustained_elapsed,sm__inst_executed.min.pct_of_peak_sustained_elapsed,sm__inst_executed_pipe_adu.min.pct_of_peak_sustained_elapsed,sm__inst_executed_pipe_cbu_pred_on_any.min.pct_of_peak_sustained_elapsed,sm__inst_executed_pipe_ipa.min.pct_of_peak_sustained_elapsed,sm__inst_executed_pipe_lsu.min.pct_of_peak_sustained_elapsed,sm__inst_executed_pipe_tex.min.pct_of_peak_sustained_elapsed,sm__inst_executed_pipe_uniform.min.pct_of_peak_sustained_elapsed,sm__inst_executed_pipe_xu.min.pct_of_peak_sustained_elapsed,sm__instruction_throughput_internal_activity.min.pct_of_peak_sustained_elapsed,sm__issue_active.min.pct_of_peak_sustained_elapsed,sm__memory_throughput_internal_activity.min.pct_of_peak_sustained_elapsed,sm__mio2rf_writeback_active.min.pct_of_peak_sustained_elapsed,sm__mio_inst_issued.min.pct_of_peak_sustained_elapsed,sm__mio_pq_read_cycles_active.min.pct_of_peak_sustained_elapsed,sm__mio_pq_write_cycles_active.min.pct_of_peak_sustained_elapsed,sm__pipe_alu_cycles_active.min.pct_of_peak_sustained_elapsed,sm__pipe_fma_cycles_active.min.pct_of_peak_sustained_elapsed,sm__pipe_fmaheavy_cycles_active.min.pct_of_peak_sustained_elapsed,sm__pipe_fp64_cycles_active.min.pct_of_peak_sustained_elapsed,sm__pipe_tensor_cycles_active.min.pct_of_peak_sustained_elapsed,sm__pipe_tensor_cycles_active_v2.min.pct_of_peak_sustained_elapsed","idc__request_cycles_active.min.pct_of_peak_sustained_elapsed,sm__inst_executed.min.pct_of_peak_sustained_elapsed,sm__inst_executed_pipe_adu.min.pct_of_peak_sustained_elapsed,sm__inst_executed_pipe_cbu_pred_on_any.min.pct_of_peak_sustained_elapsed,sm__inst_executed_pipe_ipa.min.pct_of_peak_sustained_elapsed,sm__inst_executed_pipe_lsu.min.pct_of_peak_sustained_elapsed,sm__inst_executed_pipe_tex.min.pct_of_peak_sustained_elapsed,sm__inst_executed_pipe_uniform.min.pct_of_peak_sustained_elapsed,sm__inst_executed_pipe_xu.min.pct_of_peak_sustained_elapsed,sm__instruction_throughput_internal_activity.min.pct_of_peak_sustained_elapsed,sm__issue_active.min.pct_of_peak_sustained_elapsed,sm__memory_throughput_internal_activity.min.pct_of_peak_sustained_elapsed,sm__mio2rf_writeback_active.min.pct_of_peak_sustained_elapsed,sm__mio_inst_issued.min.pct_of_peak_sustained_elapsed,sm__mio_pq_read_cycles_active.min.pct_of_peak_sustained_elapsed,sm__mio_pq_write_cycles_active.min.pct_of_peak_sustained_elapsed,sm__pipe_alu_cycles_active.min.pct_of_peak_sustained_elapsed,sm__pipe_fma_cycles_active.min.pct_of_peak_sustained_elapsed,sm__pipe_fmaheavy_cycles_active.min.pct_of_peak_sustained_elapsed,sm__pipe_fp64_cycles_active.min.pct_of_peak_sustained_elapsed,sm__pipe_tensor_cycles_active.min.pct_of_peak_sustained_elapsed,sm__pipe_tensor_cycles_active_v2.min.pct_of_peak_sustained_elapsed","idc__request_cycles_active.min.pct_of_peak_sustained_elapsed,sm__inst_executed.min.pct_of_peak_sustained_elapsed,sm__inst_executed_pipe_adu.min.pct_of_peak_sustained_elapsed,sm__inst_executed_pipe_cbu_pred_on_any.min.pct_of_peak_sustained_elapsed,sm__inst_executed_pipe_ipa.min.pct_of_peak_sustained_elapsed,sm__inst_executed_pipe_lsu.min.pct_of_peak_sustained_elapsed,sm__inst_executed_pipe_tex.min.pct_of_peak_sustained_elapsed,sm__inst_executed_pipe_uniform.min.pct_of_peak_sustained_elapsed,sm__inst_executed_pipe_xu.min.pct_of_peak_sustained_elapsed,sm__instruction_throughput_internal_activity.min.pct_of_peak_sustained_elapsed,sm__issue_active.min.pct_of_peak_sustained_elapsed,sm__memory_throughput_internal_activity.min.pct_of_peak_sustained_elapsed,sm__mio2rf_writeback_active.min.pct_of_peak_sustained_elapsed,sm__mio_inst_issued.min.pct_of_peak_sustained_elapsed,sm__mio_pq_read_cycles_active.min.pct_of_peak_sustained_elapsed,sm__mio_pq_write_cycles_active.min.pct_of_peak_sustained_elapsed,sm__pipe_alu_cycles_active.min.pct_of_peak_sustained_elapsed,sm__pipe_fma_cycles_active.min.pct_of_peak_sustained_elapsed,sm__pipe_fmaheavy_cycles_active.min.pct_of_peak_sustained_elapsed,sm__pipe_fp64_cycles_active.min.pct_of_peak_sustained_elapsed,sm__pipe_tensor_cycles_active.min.pct_of_peak_sustained_elapsed,sm__pipe_tensor_cycles_active_v2.min.pct_of_peak_sustained_elapsed"
breakdown:sm__throughput.sum.pct_of_peak_sustained_elapsed,"idc__request_cycles_active.sum.pct_of_peak_sustained_elapsed,sm__inst_executed.sum.pct_of_peak_sustained_elapsed,sm__inst_executed_pipe_adu.sum.pct_of_peak_sustained_elapsed,sm__inst_executed_pipe_cbu_pred_on_any.sum.pct_of_peak_sustained_elapsed,sm__inst_executed_pipe_ipa.sum.pct_of_peak_sustained_elapsed,sm__inst_executed_pipe_lsu.sum.pct_of_peak_sustained_elapsed,sm__inst_executed_pipe_tex.sum.pct_of_peak_sustained_elapsed,sm__inst_executed_pipe_uniform.sum.pct_of_peak_sustained_elapsed,sm__inst_executed_pipe_xu.sum.pct_of_peak_sustained_elapsed,sm__instruction_throughput_internal_activity.sum.pct_of_peak_sustained_elapsed,sm__issue_active.sum.pct_of_peak_sustained_elapsed,sm__memory_throughput_internal_activity.sum.pct_of_peak_sustained_elapsed,sm__mio2rf_writeback_active.sum.pct_of_peak_sustained_elapsed,sm__mio_inst_issued.sum.pct_of_peak_sustained_elapsed,sm__mio_pq_read_cycles_active.sum.pct_of_peak_sustained_elapsed,sm__mio_pq_write_cycles_active.sum.pct_of_peak_sustained_elapsed,sm__pipe_alu_cycles_active.sum.pct_of_peak_sustained_elapsed,sm__pipe_fma_cycles_active.sum.pct_of_peak_sustained_elapsed,sm__pipe_fmaheavy_cycles_active.sum.pct_of_peak_sustained_elapsed,sm__pipe_fp64_cycles_active.sum.pct_of_peak_sustained_elapsed,sm__pipe_tensor_cycles_active.sum.pct_of_peak_sustained_elapsed,sm__pipe_tensor_cycles_active_v2.sum.pct_of_peak_sustained_elapsed","idc__request_cycles_active.sum.pct_of_peak_sustained_elapsed,sm__inst_executed.sum.pct_of_peak_sustained_elapsed,sm__inst_executed_pipe_adu.sum.pct_of_peak_sustained_elapsed,sm__inst_executed_pipe_cbu_pred_on_any.sum.pct_of_peak_sustained_elapsed,sm__inst_executed_pipe_ipa.sum.pct_of_peak_sustained_elapsed,sm__inst_executed_pipe_lsu.sum.pct_of_peak_sustained_elapsed,sm__inst_executed_pipe_tex.sum.pct_of_peak_sustained_elapsed,sm__inst_executed_pipe_uniform.sum.pct_of_peak_sustained_elapsed,sm__inst_executed_pipe_xu.sum.pct_of_peak_sustained_elapsed,sm__instruction_throughput_internal_activity.sum.pct_of_peak_sustained_elapsed,sm__issue_active.sum.pct_of_peak_sustained_elapsed,sm__memory_throughput_internal_activity.sum.pct_of_peak_sustained_elapsed,sm__mio2rf_writeback_active.sum.pct_of_peak_sustained_elapsed,sm__mio_inst_issued.sum.pct_of_peak_sustained_elapsed,sm__mio_pq_read_cycles_active.sum.pct_of_peak_sustained_elapsed,sm__mio_pq_write_cycles_active.sum.pct_of_peak_sustained_elapsed,sm__pipe_alu_cycles_active.sum.pct_of_peak_sustained_elapsed,sm__pipe_fma_cycles_active.sum.pct_of_peak_sustained_elapsed,sm__pipe_fmaheavy_cycles_active.sum.pct_of_peak_sustained_elapsed,sm__pipe_fp64_cycles_active.sum.pct_of_peak_sustained_elapsed,sm__pipe_tensor_cycles_active.sum.pct_of_peak_sustained_elapsed,sm__pipe_tensor_cycles_active_v2.sum.pct_of_peak_sustained_elapsed","idc__request_cycles_active.sum.pct_of_peak_sustained_elapsed,sm__inst_executed.sum.pct_of_peak_sustained_elapsed,sm__inst_executed_pipe_adu.sum.pct_of_peak_sustained_elapsed,sm__inst_executed_pipe_cbu_pred_on_any.sum.pct_of_peak_sustained_elapsed,sm__inst_executed_pipe_ipa.sum.pct_of_peak_sustained_elapsed,sm__inst_executed_pipe_lsu.sum.pct_of_peak_sustained_elapsed,sm__inst_executed_pipe_tex.sum.pct_of_peak_sustained_elapsed,sm__inst_executed_pipe_uniform.sum.pct_of_peak_sustained_elapsed,sm__inst_executed_pipe_xu.sum.pct_of_peak_sustained_elapsed,sm__instruction_throughput_internal_activity.sum.pct_of_peak_sustained_elapsed,sm__issue_active.sum.pct_of_peak_sustained_elapsed,sm__memory_throughput_internal_activity.sum.pct_of_peak_sustained_elapsed,sm__mio2rf_writeback_active.sum.pct_of_peak_sustained_elapsed,sm__mio_inst_issued.sum.pct_of_peak_sustained_elapsed,sm__mio_pq_read_cycles_active.sum.pct_of_peak_sustained_elapsed,sm__mio_pq_write_cycles_active.sum.pct_of_peak_sustained_elapsed,sm__pipe_alu_cycles_active.sum.pct_of_peak_sustained_elapsed,sm__pipe_fma_cycles_active.sum.pct_of_peak_sustained_elapsed,sm__pipe_fmaheavy_cycles_active.sum.pct_of_peak_sustained_elapsed,sm__pipe_fp64_cycles_active.sum.pct_of_peak_sustained_elapsed,sm__pipe_tensor_cycles_active.sum.pct_of_peak_sustained_elapsed,sm__pipe_tensor_cycles_active_v2.sum.pct_of_peak_sustained_elapsed","idc__request_cycles_active.sum.pct_of_peak_sustained_elapsed,sm__inst_executed.sum.pct_of_peak_sustained_elapsed,sm__inst_executed_pipe_adu.sum.pct_of_peak_sustained_elapsed,sm__inst_executed_pipe_cbu_pred_on_any.sum.pct_of_peak_sustained_elapsed,sm__inst_executed_pipe_ipa.sum.pct_of_peak_sustained_elapsed,sm__inst_executed_pipe_lsu.sum.pct_of_peak_sustained_elapsed,sm__inst_executed_pipe_tex.sum.pct_of_peak_sustained_elapsed,sm__inst_executed_pipe_uniform.sum.pct_of_peak_sustained_elapsed,sm__inst_executed_pipe_xu.sum.pct_of_peak_sustained_elapsed,sm__instruction_throughput_internal_activity.sum.pct_of_peak_sustained_elapsed,sm__issue_active.sum.pct_of_peak_sustained_elapsed,sm__memory_throughput_internal_activity.sum.pct_of_peak_sustained_elapsed,sm__mio2rf_writeback_active.sum.pct_of_peak_sustained_elapsed,sm__mio_inst_issued.sum.pct_of_peak_sustained_elapsed,sm__mio_pq_read_cycles_active.sum.pct_of_peak_sustained_elapsed,sm__mio_pq_write_cycles_active.sum.pct_of_peak_sustained_elapsed,sm__pipe_alu_cycles_active.sum.pct_of_peak_sustained_elapsed,sm__pipe_fma_cycles_active.sum.pct_of_peak_sustained_elapsed,sm__pipe_fmaheavy_cycles_active.sum.pct_of_peak_sustained_elapsed,sm__pipe_fp64_cycles_active.sum.pct_of_peak_sustained_elapsed,sm__pipe_tensor_cycles_active.sum.pct_of_peak_sustained_elapsed,sm__pipe_tensor_cycles_active_v2.sum.pct_of_peak_sustained_elapsed"
c2clink__enabled_mask,0,0,0,0
c2clink__present,0,0,0,0
derived__avg_thread_executed [thread],480 {15},480 {15},480 {15},"17,033 {965}"
derived__avg_thread_executed_true [thread],448 {15},448 {15},448 {15},"16,313 {965}"
derived__avg_thread_unexecuted_true [thread],32 {15},32 {15},32 {15},"14,567 {965}"
derived__derivative_avg_thread_executed_true [thread],64 {15},64 {15},64 {15},"1,408 {965}"
derived__l1tex__lsu_writeback_bytes_mem_lg.sum.peak_sustained,"2,560","2,560","2,560","2,560"
derived__l1tex__lsu_writeback_bytes_mem_lg.sum.per_second,"2,44,25,68,80,733.94","2,42,03,63,63,636.36","2,42,03,63,63,636.36","1,23,69,83,24,022.35"
derived__local_spilling_requests,0,0,0,0
derived__local_spilling_requests_pct [%],0,0,0,0
derived__lts__lts2xbar_bytes.sum.peak_sustained [bytes],768,768,768,768
derived__lts__lts2xbar_bytes.sum.per_second [Gbytes],116.46,114.86,114.86,24.54
derived__lts__t_sectors_lookup_miss_data_promoted_pct [%],0,0,0,0
derived__memory_l1_conflicts_shared_nway,0 {15},0 {15},0 {15},"2,354 {226}"
derived__memory_l1_wavefronts_shared_excessive,0,0,0,"4,80,064 {226}"
derived__memory_l2_theoretical_sectors_global_excessive [Kbyte],0 {2},0 {2},0 {2},26.62 {62}
derived__pct_occupancy_per_block_size [%],"5,151 {65}","5,151 {65}","5,151 {65}","4,994 {65}"
derived__pct_occupancy_per_register_count [%/register],"10,252 {257}","10,252 {257}","10,252 {257}","10,507 {257}"
derived__pct_occupancy_per_shared_mem_size [%/Kbyte],2.39 {200},2.39 {200},2.39 {200},5.17 {200}
derived__shared_spilling_requests,0,0,0,0
derived__shared_spilling_requests_pct [%],0,0,0,0
derived__sm__sass_thread_inst_executed_op_dfma_pred_on_x2 [inst],80,80,80,80
derived__sm__sass_thread_inst_executed_op_ffma_pred_on_x2 [inst],"5,120","5,120","5,120","5,120"
derived__sm__sass_thread_inst_executed_op_hfma_pred_on_x4 [inst],"5,120","5,120","5,120","5,120"
derived__smsp__inst_executed_op_branch_pct [%],0.13,0.13,0.13,0.06
derived__smsp__sass_thread_inst_executed_op_dfma_pred_on_x2 [inst],0,0,0,0
derived__smsp__sass_thread_inst_executed_op_ffma_pred_on_x2 [inst],0,0,0,0.14
derived__smsp__sass_thread_inst_executed_op_hadd_pred_on_x2 [inst],0,0,0,0
derived__smsp__sass_thread_inst_executed_op_hfma_pred_on_x4 [inst],0,0,0,0
derived__smsp__sass_thread_inst_executed_op_hmul_pred_on_x2 [inst],0,0,0,0
derived_tempMetric0,"13,312","13,312","13,312","45,552"
derived_tempMetric1,"99,840","99,840","99,840","7,99,760"
derived_tempMetric2,0,0,0,0
derived_tempMetric3,0,0,0,0
derived_tempMetric4,0,0,0,0
derived_tempMetric5,0,0,0,0
device__attribute_architecture,400,400,400,400
device__attribute_async_engine_count,1,1,1,1
device__attribute_can_flush_remote_writes,0,0,0,0
device__attribute_can_map_host_memory,1,1,1,1
device__attribute_can_tex2d_gather,1,1,1,1
device__attribute_can_use_64_bit_stream_mem_ops,1,1,1,1
device__attribute_can_use_64_bit_stream_mem_ops_v1,0,0,0,0
device__attribute_can_use_host_pointer_for_registered_mem,0,0,0,0
device__attribute_can_use_stream_mem_ops_v1,0,0,0,0
device__attribute_can_use_stream_wait_value_nor,1,1,1,1
device__attribute_can_use_stream_wait_value_nor_v1,0,0,0,0
device__attribute_chip,407,407,407,407
device__attribute_clock_rate,"21,30,000","21,30,000","21,30,000","21,30,000"
device__attribute_cluster_launch,0,0,0,0
device__attribute_compute_capability_major,8,8,8,8
device__attribute_compute_capability_minor,9,9,9,9
device__attribute_compute_mode,0,0,0,0
device__attribute_compute_preemption_supported,1,1,1,1
device__attribute_concurrent_kernels,1,1,1,1
device__attribute_concurrent_managed_access,0,0,0,0
device__attribute_confidential_computing_mode,No-CC,No-CC,No-CC,No-CC
device__attribute_cooperative_launch,1,1,1,1
device__attribute_cooperative_multi_device_launch,0,0,0,0
device__attribute_deferred_mapping_cuda_array_supported,1,1,1,1
device__attribute_device_index,0,0,0,0
device__attribute_direct_managed_mem_access_from_host,0,0,0,0
device__attribute_display_name,NVIDIA GeForce RTX 4050 Laptop GPU,NVIDIA GeForce RTX 4050 Laptop GPU,NVIDIA GeForce RTX 4050 Laptop GPU,NVIDIA GeForce RTX 4050 Laptop GPU
device__attribute_dma_buf_supported,0,0,0,0
device__attribute_ecc_enabled,0,0,0,0
device__attribute_fb_bus_width,96,96,96,96
device__attribute_fbp_count,2,2,2,2
device__attribute_generic_compression_supported,1,1,1,1
device__attribute_global_l1_cache_supported,1,1,1,1
device__attribute_global_memory_bus_width,96,96,96,96
device__attribute_gpu_direct_rdma_flush_writes_options,0,0,0,0
device__attribute_gpu_direct_rdma_supported,0,0,0,0
device__attribute_gpu_direct_rdma_with_cuda_vmm_supported,0,0,0,0
device__attribute_gpu_direct_rdma_writes_ordering,0,0,0,0
device__attribute_gpu_overlap,1,1,1,1
device__attribute_gpu_pci_device_id,"68,16,44,254","68,16,44,254","68,16,44,254","68,16,44,254"
device__attribute_gpu_pci_ext_device_id,"10,401","10,401","10,401","10,401"
device__attribute_gpu_pci_ext_downstream_link_rate,"32,000","32,000","32,000","32,000"
device__attribute_gpu_pci_ext_downstream_link_width,8,8,8,8
device__attribute_gpu_pci_ext_gen,3,3,3,3
device__attribute_gpu_pci_ext_gpu_gen,3,3,3,3
device__attribute_gpu_pci_ext_gpu_link_rate,"16,000","16,000","16,000","16,000"
device__attribute_gpu_pci_ext_gpu_link_width,8,8,8,8
device__attribute_gpu_pci_revision_id,161,161,161,161
device__attribute_gpu_pci_sub_system_id,"2,34,36,37,052","2,34,36,37,052","2,34,36,37,052","2,34,36,37,052"
device__attribute_handle_type_fabric_supported,0,0,0,0
device__attribute_handle_type_posix_file_descriptor_supported,0,0,0,0
device__attribute_handle_type_win32_handle_supported,1,1,1,1
device__attribute_handle_type_win32_kmt_handle_supported,1,1,1,1
device__attribute_host_native_atomic_supported,0,0,0,0
device__attribute_host_numa_id,0,0,0,0
device__attribute_host_register_supported,1,1,1,1
device__attribute_implementation,407,407,407,407
device__attribute_integrated,0,0,0,0
device__attribute_ipc_event_supported,1,1,1,1
device__attribute_kernel_exec_timeout,1,1,1,1
device__attribute_l2_cache_size,"2,51,65,824","2,51,65,824","2,51,65,824","2,51,65,824"
device__attribute_l2s_count,16,16,16,16
device__attribute_limits_max_cta_per_sm,24,24,24,24
device__attribute_limits_num_tpcs,10,10,10,10
device__attribute_local_l1_cache_supported,1,1,1,1
device__attribute_managed_memory,1,1,1,1
device__attribute_max_access_policy_window_size,"13,42,13,632","13,42,13,632","13,42,13,632","13,42,13,632"
device__attribute_max_block_dim_x,"1,024","1,024","1,024","1,024"
device__attribute_max_block_dim_y,"1,024","1,024","1,024","1,024"
device__attribute_max_block_dim_z,64,64,64,64
device__attribute_max_blocks_per_multiprocessor,24,24,24,24
device__attribute_max_gpu_frequency_khz,"21,30,000","21,30,000","21,30,000","21,30,000"
device__attribute_max_grid_dim_x,"2,14,74,83,647","2,14,74,83,647","2,14,74,83,647","2,14,74,83,647"
device__attribute_max_grid_dim_y,"65,535","65,535","65,535","65,535"
device__attribute_max_grid_dim_z,"65,535","65,535","65,535","65,535"
device__attribute_max_ipc_per_multiprocessor,4,4,4,4
device__attribute_max_ipc_per_scheduler,1,1,1,1
device__attribute_max_mem_frequency_khz,"80,01,000","80,01,000","80,01,000","80,01,000"
device__attribute_max_persisting_l2_cache_size,"1,73,01,504","1,73,01,504","1,73,01,504","1,73,01,504"
device__attribute_max_pitch,"2,14,74,83,647","2,14,74,83,647","2,14,74,83,647","2,14,74,83,647"
device__attribute_max_registers_per_block,"65,536","65,536","65,536","65,536"
device__attribute_max_registers_per_multiprocessor,"65,536","65,536","65,536","65,536"
device__attribute_max_registers_per_thread,255,255,255,255
device__attribute_max_shared_memory_per_block,"49,152","49,152","49,152","49,152"
device__attribute_max_shared_memory_per_block_optin,"1,01,376","1,01,376","1,01,376","1,01,376"
device__attribute_max_shared_memory_per_multiprocessor,"1,02,400","1,02,400","1,02,400","1,02,400"
device__attribute_max_threads_per_block,"1,024","1,024","1,024","1,024"
device__attribute_max_threads_per_multiprocessor,"1,536","1,536","1,536","1,536"
device__attribute_max_warps_per_multiprocessor,48,48,48,48
device__attribute_max_warps_per_scheduler,12,12,12,12
device__attribute_maximum_surface1d_layered_layers,"2,048","2,048","2,048","2,048"
device__attribute_maximum_surface1d_layered_width,"32,768","32,768","32,768","32,768"
device__attribute_maximum_surface1d_width,"32,768","32,768","32,768","32,768"
device__attribute_maximum_surface2d_height,"65,536","65,536","65,536","65,536"
device__attribute_maximum_surface2d_layered_height,"32,768","32,768","32,768","32,768"
device__attribute_maximum_surface2d_layered_layers,"2,048","2,048","2,048","2,048"
device__attribute_maximum_surface2d_layered_width,"32,768","32,768","32,768","32,768"
device__attribute_maximum_surface2d_width,"1,31,072","1,31,072","1,31,072","1,31,072"
device__attribute_maximum_surface3d_depth,"16,384","16,384","16,384","16,384"
device__attribute_maximum_surface3d_height,"16,384","16,384","16,384","16,384"
device__attribute_maximum_surface3d_width,"16,384","16,384","16,384","16,384"
device__attribute_maximum_surfacecubemap_layered_layers,"2,046","2,046","2,046","2,046"
device__attribute_maximum_surfacecubemap_layered_width,"32,768","32,768","32,768","32,768"
device__attribute_maximum_surfacecubemap_width,"32,768","32,768","32,768","32,768"
device__attribute_maximum_texture1d_layered_layers,"2,048","2,048","2,048","2,048"
device__attribute_maximum_texture1d_layered_width,"32,768","32,768","32,768","32,768"
device__attribute_maximum_texture1d_linear_width,"26,84,35,456","26,84,35,456","26,84,35,456","26,84,35,456"
device__attribute_maximum_texture1d_mipmapped_width,"32,768","32,768","32,768","32,768"
device__attribute_maximum_texture1d_width,"1,31,072","1,31,072","1,31,072","1,31,072"
device__attribute_maximum_texture2d_gather_height,"32,768","32,768","32,768","32,768"
device__attribute_maximum_texture2d_gather_width,"32,768","32,768","32,768","32,768"
device__attribute_maximum_texture2d_height,"65,536","65,536","65,536","65,536"
device__attribute_maximum_texture2d_layered_height,"32,768","32,768","32,768","32,768"
device__attribute_maximum_texture2d_layered_layers,"2,048","2,048","2,048","2,048"
device__attribute_maximum_texture2d_layered_width,"32,768","32,768","32,768","32,768"
device__attribute_maximum_texture2d_linear_height,"65,000","65,000","65,000","65,000"
device__attribute_maximum_texture2d_linear_pitch,"20,97,120","20,97,120","20,97,120","20,97,120"
device__attribute_maximum_texture2d_linear_width,"1,31,072","1,31,072","1,31,072","1,31,072"
device__attribute_maximum_texture2d_mipmapped_height,"32,768","32,768","32,768","32,768"
device__attribute_maximum_texture2d_mipmapped_width,"32,768","32,768","32,768","32,768"
device__attribute_maximum_texture2d_width,"1,31,072","1,31,072","1,31,072","1,31,072"
device__attribute_maximum_texture3d_depth,"16,384","16,384","16,384","16,384"
device__attribute_maximum_texture3d_depth_alternate,"32,768","32,768","32,768","32,768"
device__attribute_maximum_texture3d_height,"16,384","16,384","16,384","16,384"
device__attribute_maximum_texture3d_height_alternate,"8,192","8,192","8,192","8,192"
device__attribute_maximum_texture3d_width,"16,384","16,384","16,384","16,384"
device__attribute_maximum_texture3d_width_alternate,"8,192","8,192","8,192","8,192"
device__attribute_maximum_texturecubemap_layered_layers,"2,046","2,046","2,046","2,046"
device__attribute_maximum_texturecubemap_layered_width,"32,768","32,768","32,768","32,768"
device__attribute_maximum_texturecubemap_width,"32,768","32,768","32,768","32,768"
device__attribute_mem_sync_domain_count,1,1,1,1
device__attribute_memory_clock_rate,"80,01,000","80,01,000","80,01,000","80,01,000"
device__attribute_memory_pools_supported,1,1,1,1
device__attribute_mempool_supported_handle_types,0,0,0,0
device__attribute_mps_enabled,0,0,0,0
device__attribute_multi_gpu_board,0,0,0,0
device__attribute_multi_gpu_board_group_id,0,0,0,0
device__attribute_multicast_supported,0,0,0,0
device__attribute_multiprocessor_count,20,20,20,20
device__attribute_num_l2s_per_fbp,8,8,8,8
device__attribute_num_schedulers_per_multiprocessor,4,4,4,4
device__attribute_num_tex_per_multiprocessor,1,1,1,1
device__attribute_numa_config,0,0,0,0
device__attribute_pageable_memory_access,0,0,0,0
device__attribute_pageable_memory_access_uses_host_page_tables,0,0,0,0
device__attribute_pci_bus_id,1,1,1,1
device__attribute_pci_device_id,0,0,0,0
device__attribute_pci_domain_id,0,0,0,0
device__attribute_ram_location,1,1,1,1
device__attribute_ram_type,17,17,17,17
device__attribute_reserved_shared_memory_per_block,"1,024","1,024","1,024","1,024"
device__attribute_sass_level,8,8,8,8
device__attribute_single_to_double_precision_perf_ratio,64,64,64,64
device__attribute_sparse_cuda_array_supported,1,1,1,1
device__attribute_stream_priorities_supported,1,1,1,1
device__attribute_surface_alignment,512,512,512,512
device__attribute_tcc_driver,0,0,0,0
device__attribute_tensor_map_access_supported,0,0,0,0
device__attribute_texture_alignment,512,512,512,512
device__attribute_texture_pitch_alignment,32,32,32,32
device__attribute_total_constant_memory,"65,536","65,536","65,536","65,536"
device__attribute_total_memory,"6,43,87,80,928","6,43,87,80,928","6,43,87,80,928","6,43,87,80,928"
device__attribute_unified_addressing,1,1,1,1
device__attribute_unified_function_pointers,0,0,0,0
device__attribute_virtual_address_management_supported,1,1,1,1
device__attribute_warp_size,32,32,32,32
dram__bytes.avg.peak_sustained [byte/cycle],8,8,8,8
dram__bytes.avg.per_second [Gbyte/s],40.84,40.47,40.47,6.55
dram__bytes.max.peak_sustained [byte/cycle],8,8,8,8
dram__bytes.max.per_second [Gbyte/s],40.94,40.58,40.58,6.58
dram__bytes.min.peak_sustained [byte/cycle],8,8,8,8
dram__bytes.min.per_second [Gbyte/s],40.66,40.27,40.25,6.53
dram__bytes.sum.peak_sustained [byte/cycle],24,24,24,24
dram__bytes.sum.per_second [Gbyte/s],122.51,121.40,121.40,19.66
dram__bytes_read.sum [Kbyte],854.66,854.66,854.66,450.43
dram__bytes_read.sum.pct_of_peak_sustained_elapsed [%],73.21,73.21,73.21,11.75
dram__bytes_read.sum.per_second [Gbyte/s],122.51,121.40,121.40,19.66
dram__bytes_write.sum [byte],0,0,0,0
dram__bytes_write.sum.pct_of_peak_sustained_elapsed [%],0,0,0,0
dram__bytes_write.sum.per_second [byte/s],0,0,0,0
dram__cycles_active.avg [cycle],"35,610.67","35,610.67","35,610.67","18,768"
dram__cycles_active.avg.pct_of_peak_sustained_elapsed [%],73.21,73.21,73.21,11.75
dram__cycles_active.max [cycle],"35,696","35,712","35,712","18,848"
dram__cycles_active.max.pct_of_peak_sustained_elapsed [%],73.39,73.42,73.42,11.80
dram__cycles_active.min [cycle],"35,456","35,440","35,424","18,688"
dram__cycles_active.min.pct_of_peak_sustained_elapsed [%],72.89,72.86,72.83,11.70
dram__cycles_active.sum [cycle],"1,06,832","1,06,832","1,06,832","56,304"
dram__cycles_active.sum.pct_of_peak_sustained_elapsed [%],73.21,73.21,73.21,11.75
dram__cycles_elapsed.avg [cycle],"48,640","48,640","48,640","1,59,744"
dram__cycles_elapsed.avg.per_second [Ghz],6.97,6.91,6.91,6.97
dram__cycles_elapsed.max [cycle],"48,640","48,640","48,640","1,59,744"
dram__cycles_elapsed.max.per_second [Ghz],6.97,6.91,6.91,6.97
dram__cycles_elapsed.min [cycle],"48,640","48,640","48,640","1,59,744"
dram__cycles_elapsed.min.per_second [Ghz],6.97,6.91,6.91,6.97
dram__cycles_elapsed.sum [cycle],"1,45,920","1,45,920","1,45,920","4,79,232"
dram__cycles_elapsed.sum.per_second [Ghz],20.92,20.73,20.73,20.92
dram__sectors_read.sum [sector],"26,708","26,708","26,708","14,076"
dram__sectors_write.sum [sector],0,0,0,0
fbpa__dram_sectors.avg.pct_of_peak_sustained_elapsed [%],24.98,24.91,24.78,4.00
fbpa__dram_sectors.max.pct_of_peak_sustained_elapsed [%],33.38,33.16,33.00,5.34
fbpa__dram_sectors.min.pct_of_peak_sustained_elapsed [%],16.58,16.65,16.57,2.65
fbpa__dram_sectors.sum.pct_of_peak_sustained_elapsed [%],24.98,24.91,24.78,4.00
gcc__average_cache_request_hit_rate.pct [%],40.65,40.97,40.97,86.81
gcc__cache_requests_type_constant.sum [request],240,240,240,320
gcc__cache_requests_type_constant.sum.pct_of_peak_sustained_elapsed [%],1.08,1.08,1.08,0.44
gcc__cache_requests_type_instruction.sum [request],68,69,69,"1,088"
gcc__cache_requests_type_instruction.sum.pct_of_peak_sustained_elapsed [%],0.31,0.31,0.31,1.49
gcc__xbar2gcc_sectors.sum [sector],288,288,288,"1,704"
gcc__xbar2gcc_sectors.sum.pct_of_peak_sustained_elapsed [%],0.65,0.65,0.65,1.17
gpc__cycles_elapsed.avg [cycle],"14,758.67","14,797.33","14,861.33","48,561.67"
gpc__cycles_elapsed.avg.per_second [Ghz],2.12,2.10,2.11,2.12
gpc__cycles_elapsed.max.per_second [Ghz],2.12,2.10,2.11,2.12
gpc__cycles_elapsed.min [cycle],"14,750","14,780","14,847","48,527"
gpc__cycles_elapsed.min.per_second [Ghz],2.11,2.10,2.11,2.12
gpc__cycles_elapsed.sum [cycle],"44,276","44,392","44,584","1,45,685"
gpc__cycles_elapsed.sum.per_second [Ghz],6.35,6.31,6.33,6.36
gpu__compute_memory_access_throughput.avg.pct_of_peak_sustained_elapsed [%],12.64,12.62,12.54,67.90
gpu__compute_memory_access_throughput.max.pct_of_peak_sustained_elapsed [%],12.79,12.81,12.69,71.92
gpu__compute_memory_access_throughput.min.pct_of_peak_sustained_elapsed [%],12.46,12.49,12.39,65.23
gpu__compute_memory_access_throughput.sum.pct_of_peak_sustained_elapsed [%],12.64,12.62,12.54,67.90
gpu__compute_memory_access_throughput_internal_activity.avg.pct_of_peak_sustained_elapsed [%],7.45,7.37,7.35,2.97
gpu__compute_memory_access_throughput_internal_activity.max.pct_of_peak_sustained_elapsed [%],7.74,7.57,7.69,4.19
gpu__compute_memory_access_throughput_internal_activity.min.pct_of_peak_sustained_elapsed [%],7.28,7.24,7.22,2.29
gpu__compute_memory_access_throughput_internal_activity.sum.pct_of_peak_sustained_elapsed [%],7.45,7.37,7.35,2.97
gpu__compute_memory_request_throughput.avg.pct_of_peak_sustained_elapsed [%],73.21,73.21,73.21,23.04
gpu__compute_memory_request_throughput.max.pct_of_peak_sustained_elapsed [%],73.39,73.42,73.42,24.37
gpu__compute_memory_request_throughput.min.pct_of_peak_sustained_elapsed [%],72.89,72.86,72.83,22.16
gpu__compute_memory_request_throughput.sum.pct_of_peak_sustained_elapsed [%],73.21,73.21,73.21,23.04
gpu__compute_memory_request_throughput_internal_activity.avg.pct_of_peak_sustained_elapsed [%],0,0,0,0
gpu__compute_memory_request_throughput_internal_activity.max.pct_of_peak_sustained_elapsed [%],0,0,0,0
gpu__compute_memory_request_throughput_internal_activity.min.pct_of_peak_sustained_elapsed [%],0,0,0,0
gpu__compute_memory_request_throughput_internal_activity.sum.pct_of_peak_sustained_elapsed [%],0,0,0,0
gpu__compute_memory_throughput.max.pct_of_peak_sustained_elapsed [%],73.39,73.42,73.42,71.92
gpu__compute_memory_throughput.min.pct_of_peak_sustained_elapsed [%],72.89,72.86,72.83,65.23
gpu__compute_memory_throughput.sum.pct_of_peak_sustained_elapsed [%],73.21,73.21,73.21,67.90
gpu__dram_throughput.avg.pct_of_peak_sustained_elapsed [%],73.21,73.21,73.21,11.75
gpu__dram_throughput.max.pct_of_peak_sustained_elapsed [%],73.39,73.42,73.42,11.80
gpu__dram_throughput.min.pct_of_peak_sustained_elapsed [%],72.89,72.86,72.83,11.70
gpu__dram_throughput.sum.pct_of_peak_sustained_elapsed [%],73.21,73.21,73.21,11.75
gpu__time_duration.avg [us],6.98,7.04,7.04,22.91
gpu__time_duration.max [us],6.98,7.04,7.04,22.91
gpu__time_duration.min [us],6.98,7.04,7.04,22.91
group:memory__chart,"dram__bytes_read.sum,dram__bytes_read.sum.pct_of_peak_sustained_elapsed,dram__bytes_read.sum.per_second,dram__bytes_write.sum,dram__bytes_write.sum.pct_of_peak_sustained_elapsed,dram__bytes_write.sum.per_second,gcc__average_cache_request_hit_rate.pct,gcc__cache_requests_type_constant.sum,gcc__cache_requests_type_constant.sum.pct_of_peak_sustained_elapsed,gcc__cache_requests_type_instruction.sum,gcc__cache_requests_type_instruction.sum.pct_of_peak_sustained_elapsed,gcc__xbar2gcc_sectors.sum,gcc__xbar2gcc_sectors.sum.pct_of_peak_sustained_elapsed,idc__request_hit_rate.pct,idc__requests.sum,idc__requests.sum.pct_of_peak_sustained_elapsed,l1tex__data_pipe_lsu_wavefronts_mem_shared.sum.pct_of_peak_sustained_elapsed,l1tex__m_l1tex2xbar_write_bytes.sum,l1tex__m_l1tex2xbar_write_bytes.sum.pct_of_peak_sustained_elapsed,l1tex__m_l1tex2xbar_write_bytes.sum.per_second,l1tex__m_xbar2l1tex_read_bytes.sum,l1tex__m_xbar2l1tex_read_bytes.sum.pct_of_peak_sustained_elapsed,l1tex__m_xbar2l1tex_read_bytes.sum.per_second,l1tex__t_requests_pipe_lsu_mem_global_op_atom.sum,l1tex__t_requests_pipe_lsu_mem_global_op_atom.sum.pct_of_peak_sustained_elapsed,l1tex__t_requests_pipe_lsu_mem_global_op_ld.sum,l1tex__t_requests_pipe_lsu_mem_global_op_ld.sum.pct_of_peak_sustained_elapsed,l1tex__t_requests_pipe_lsu_mem_global_op_red.sum,l1tex__t_requests_pipe_lsu_mem_global_op_red.sum.pct_of_peak_sustained_elapsed,l1tex__t_requests_pipe_lsu_mem_global_op_st.sum,l1tex__t_requests_pipe_lsu_mem_global_op_st.sum.pct_of_peak_sustained_elapsed,l1tex__t_requests_pipe_lsu_mem_local_op_ld.sum,l1tex__t_requests_pipe_lsu_mem_local_op_ld.sum.pct_of_peak_sustained_elapsed,l1tex__t_requests_pipe_lsu_mem_local_op_st.sum,l1tex__t_requests_pipe_lsu_mem_local_op_st.sum.pct_of_peak_sustained_elapsed,l1tex__t_requests_pipe_tex_mem_surface_op_atom.sum,l1tex__t_requests_pipe_tex_mem_surface_op_atom.sum.pct_of_peak_sustained_elapsed,l1tex__t_requests_pipe_tex_mem_surface_op_ld.sum,l1tex__t_requests_pipe_tex_mem_surface_op_ld.sum.pct_of_peak_sustained_elapsed,l1tex__t_requests_pipe_tex_mem_surface_op_red.sum,l1tex__t_requests_pipe_tex_mem_surface_op_red.sum.pct_of_peak_sustained_elapsed,l1tex__t_requests_pipe_tex_mem_surface_op_st.sum,l1tex__t_requests_pipe_tex_mem_surface_op_st.sum.pct_of_peak_sustained_elapsed,l1tex__t_requests_pipe_tex_mem_texture.sum,l1tex__t_requests_pipe_tex_mem_texture.sum.pct_of_peak_sustained_elapsed,l1tex__t_sector_hit_rate.pct,lts__average_gcomp_input_sector_success_rate.pct,lts__average_gcomp_output_sector_compression_achieved_rate.ratio,lts__gcomp_input_sectors.sum,lts__gcomp_input_sectors.sum.pct_of_peak_sustained_elapsed,lts__gcomp_input_sectors.sum.per_second,lts__gcomp_output_sectors.sum,lts__gcomp_output_sectors.sum.pct_of_peak_sustained_elapsed,lts__gcomp_output_sectors.sum.per_second,lts__t_sector_hit_rate.pct,lts__t_sectors_srcunit_tex_aperture_peer_op_atom.sum,lts__t_sectors_srcunit_tex_aperture_peer_op_atom.sum.pct_of_peak_sustained_elapsed,lts__t_sectors_srcunit_tex_aperture_peer_op_atom.sum.per_second,lts__t_sectors_srcunit_tex_aperture_peer_op_read_lookup_miss.sum,lts__t_sectors_srcunit_tex_aperture_peer_op_read_lookup_miss.sum.pct_of_peak_sustained_elapsed,lts__t_sectors_srcunit_tex_aperture_peer_op_read_lookup_miss.sum.per_second,lts__t_sectors_srcunit_tex_aperture_peer_op_red.sum,lts__t_sectors_srcunit_tex_aperture_peer_op_red.sum.pct_of_peak_sustained_elapsed,lts__t_sectors_srcunit_tex_aperture_peer_op_red.sum.per_second,lts__t_sectors_srcunit_tex_aperture_peer_op_write.sum,lts__t_sectors_srcunit_tex_aperture_peer_op_write.sum.pct_of_peak_sustained_elapsed,lts__t_sectors_srcunit_tex_aperture_peer_op_write.sum.per_second,lts__t_sectors_srcunit_tex_aperture_sysmem_op_atom.sum,lts__t_sectors_srcunit_tex_aperture_sysmem_op_atom.sum.pct_of_peak_sustained_elapsed,lts__t_sectors_srcunit_tex_aperture_sysmem_op_atom.sum.per_second,lts__t_sectors_srcunit_tex_aperture_sysmem_op_read_lookup_miss.sum,lts__t_sectors_srcunit_tex_aperture_sysmem_op_read_lookup_miss.sum.pct_of_peak_sustained_elapsed,lts__t_sectors_srcunit_tex_aperture_sysmem_op_read_lookup_miss.sum.per_second,lts__t_sectors_srcunit_tex_aperture_sysmem_op_red.sum,lts__t_sectors_srcunit_tex_aperture_sysmem_op_red.sum.pct_of_peak_sustained_elapsed,lts__t_sectors_srcunit_tex_aperture_sysmem_op_red.sum.per_second,lts__t_sectors_srcunit_tex_aperture_sysmem_op_write.sum,lts__t_sectors_srcunit_tex_aperture_sysmem_op_write.sum.pct_of_peak_sustained_elapsed,lts__t_sectors_srcunit_tex_aperture_sysmem_op_write.sum.per_second,lts__t_sectors_srcunit_tex_op_read.avg.pct_of_peak_sustained_elapsed,lts__t_sectors_srcunit_tex_op_read.sum,lts__t_sectors_srcunit_tex_op_write.avg.pct_of_peak_sustained_elapsed,lts__t_sectors_srcunit_tex_op_write.sum,sm__icc_request_hit_rate.pct,sm__icc_requests.sum,sm__icc_requests.sum.pct_of_peak_sustained_elapsed,sm__sass_l1tex_m_xbar2l1tex_read_bytes_mem_global_op_ldgsts_cache_bypass.sum,sm__sass_l1tex_m_xbar2l1tex_read_bytes_mem_global_op_ldgsts_cache_bypass...","dram__bytes_read.sum,dram__bytes_read.sum.pct_of_peak_sustained_elapsed,dram__bytes_read.sum.per_second,dram__bytes_write.sum,dram__bytes_write.sum.pct_of_peak_sustained_elapsed,dram__bytes_write.sum.per_second,gcc__average_cache_request_hit_rate.pct,gcc__cache_requests_type_constant.sum,gcc__cache_requests_type_constant.sum.pct_of_peak_sustained_elapsed,gcc__cache_requests_type_instruction.sum,gcc__cache_requests_type_instruction.sum.pct_of_peak_sustained_elapsed,gcc__xbar2gcc_sectors.sum,gcc__xbar2gcc_sectors.sum.pct_of_peak_sustained_elapsed,idc__request_hit_rate.pct,idc__requests.sum,idc__requests.sum.pct_of_peak_sustained_elapsed,l1tex__data_pipe_lsu_wavefronts_mem_shared.sum.pct_of_peak_sustained_elapsed,l1tex__m_l1tex2xbar_write_bytes.sum,l1tex__m_l1tex2xbar_write_bytes.sum.pct_of_peak_sustained_elapsed,l1tex__m_l1tex2xbar_write_bytes.sum.per_second,l1tex__m_xbar2l1tex_read_bytes.sum,l1tex__m_xbar2l1tex_read_bytes.sum.pct_of_peak_sustained_elapsed,l1tex__m_xbar2l1tex_read_bytes.sum.per_second,l1tex__t_requests_pipe_lsu_mem_global_op_atom.sum,l1tex__t_requests_pipe_lsu_mem_global_op_atom.sum.pct_of_peak_sustained_elapsed,l1tex__t_requests_pipe_lsu_mem_global_op_ld.sum,l1tex__t_requests_pipe_lsu_mem_global_op_ld.sum.pct_of_peak_sustained_elapsed,l1tex__t_requests_pipe_lsu_mem_global_op_red.sum,l1tex__t_requests_pipe_lsu_mem_global_op_red.sum.pct_of_peak_sustained_elapsed,l1tex__t_requests_pipe_lsu_mem_global_op_st.sum,l1tex__t_requests_pipe_lsu_mem_global_op_st.sum.pct_of_peak_sustained_elapsed,l1tex__t_requests_pipe_lsu_mem_local_op_ld.sum,l1tex__t_requests_pipe_lsu_mem_local_op_ld.sum.pct_of_peak_sustained_elapsed,l1tex__t_requests_pipe_lsu_mem_local_op_st.sum,l1tex__t_requests_pipe_lsu_mem_local_op_st.sum.pct_of_peak_sustained_elapsed,l1tex__t_requests_pipe_tex_mem_surface_op_atom.sum,l1tex__t_requests_pipe_tex_mem_surface_op_atom.sum.pct_of_peak_sustained_elapsed,l1tex__t_requests_pipe_tex_mem_surface_op_ld.sum,l1tex__t_requests_pipe_tex_mem_surface_op_ld.sum.pct_of_peak_sustained_elapsed,l1tex__t_requests_pipe_tex_mem_surface_op_red.sum,l1tex__t_requests_pipe_tex_mem_surface_op_red.sum.pct_of_peak_sustained_elapsed,l1tex__t_requests_pipe_tex_mem_surface_op_st.sum,l1tex__t_requests_pipe_tex_mem_surface_op_st.sum.pct_of_peak_sustained_elapsed,l1tex__t_requests_pipe_tex_mem_texture.sum,l1tex__t_requests_pipe_tex_mem_texture.sum.pct_of_peak_sustained_elapsed,l1tex__t_sector_hit_rate.pct,lts__average_gcomp_input_sector_success_rate.pct,lts__average_gcomp_output_sector_compression_achieved_rate.ratio,lts__gcomp_input_sectors.sum,lts__gcomp_input_sectors.sum.pct_of_peak_sustained_elapsed,lts__gcomp_input_sectors.sum.per_second,lts__gcomp_output_sectors.sum,lts__gcomp_output_sectors.sum.pct_of_peak_sustained_elapsed,lts__gcomp_output_sectors.sum.per_second,lts__t_sector_hit_rate.pct,lts__t_sectors_srcunit_tex_aperture_peer_op_atom.sum,lts__t_sectors_srcunit_tex_aperture_peer_op_atom.sum.pct_of_peak_sustained_elapsed,lts__t_sectors_srcunit_tex_aperture_peer_op_atom.sum.per_second,lts__t_sectors_srcunit_tex_aperture_peer_op_read_lookup_miss.sum,lts__t_sectors_srcunit_tex_aperture_peer_op_read_lookup_miss.sum.pct_of_peak_sustained_elapsed,lts__t_sectors_srcunit_tex_aperture_peer_op_read_lookup_miss.sum.per_second,lts__t_sectors_srcunit_tex_aperture_peer_op_red.sum,lts__t_sectors_srcunit_tex_aperture_peer_op_red.sum.pct_of_peak_sustained_elapsed,lts__t_sectors_srcunit_tex_aperture_peer_op_red.sum.per_second,lts__t_sectors_srcunit_tex_aperture_peer_op_write.sum,lts__t_sectors_srcunit_tex_aperture_peer_op_write.sum.pct_of_peak_sustained_elapsed,lts__t_sectors_srcunit_tex_aperture_peer_op_write.sum.per_second,lts__t_sectors_srcunit_tex_aperture_sysmem_op_atom.sum,lts__t_sectors_srcunit_tex_aperture_sysmem_op_atom.sum.pct_of_peak_sustained_elapsed,lts__t_sectors_srcunit_tex_aperture_sysmem_op_atom.sum.per_second,lts__t_sectors_srcunit_tex_aperture_sysmem_op_read_lookup_miss.sum,lts__t_sectors_srcunit_tex_aperture_sysmem_op_read_lookup_miss.sum.pct_of_peak_sustained_elapsed,lts__t_sectors_srcunit_tex_aperture_sysmem_op_read_lookup_miss.sum.per_second,lts__t_sectors_srcunit_tex_aperture_sysmem_op_red.sum,lts__t_sectors_srcunit_tex_aperture_sysmem_op_red.sum.pct_of_peak_sustained_elapsed,lts__t_sectors_srcunit_tex_aperture_sysmem_op_red.sum.per_second,lts__t_sectors_srcunit_tex_aperture_sysmem_op_write.sum,lts__t_sectors_srcunit_tex_aperture_sysmem_op_write.sum.pct_of_peak_sustained_elapsed,lts__t_sectors_srcunit_tex_aperture_sysmem_op_write.sum.per_second,lts__t_sectors_srcunit_tex_op_read.avg.pct_of_peak_sustained_elapsed,lts__t_sectors_srcunit_tex_op_read.sum,lts__t_sectors_srcunit_tex_op_write.avg.pct_of_peak_sustained_elapsed,lts__t_sectors_srcunit_tex_op_write.sum,sm__icc_request_hit_rate.pct,sm__icc_requests.sum,sm__icc_requests.sum.pct_of_peak_sustained_elapsed,sm__sass_l1tex_m_xbar2l1tex_read_bytes_mem_global_op_ldgsts_cache_bypass.sum,sm__sass_l1tex_m_xbar2l1tex_read_bytes_mem_global_op_ldgsts_cache_bypass...","dram__bytes_read.sum,dram__bytes_read.sum.pct_of_peak_sustained_elapsed,dram__bytes_read.sum.per_second,dram__bytes_write.sum,dram__bytes_write.sum.pct_of_peak_sustained_elapsed,dram__bytes_write.sum.per_second,gcc__average_cache_request_hit_rate.pct,gcc__cache_requests_type_constant.sum,gcc__cache_requests_type_constant.sum.pct_of_peak_sustained_elapsed,gcc__cache_requests_type_instruction.sum,gcc__cache_requests_type_instruction.sum.pct_of_peak_sustained_elapsed,gcc__xbar2gcc_sectors.sum,gcc__xbar2gcc_sectors.sum.pct_of_peak_sustained_elapsed,idc__request_hit_rate.pct,idc__requests.sum,idc__requests.sum.pct_of_peak_sustained_elapsed,l1tex__data_pipe_lsu_wavefronts_mem_shared.sum.pct_of_peak_sustained_elapsed,l1tex__m_l1tex2xbar_write_bytes.sum,l1tex__m_l1tex2xbar_write_bytes.sum.pct_of_peak_sustained_elapsed,l1tex__m_l1tex2xbar_write_bytes.sum.per_second,l1tex__m_xbar2l1tex_read_bytes.sum,l1tex__m_xbar2l1tex_read_bytes.sum.pct_of_peak_sustained_elapsed,l1tex__m_xbar2l1tex_read_bytes.sum.per_second,l1tex__t_requests_pipe_lsu_mem_global_op_atom.sum,l1tex__t_requests_pipe_lsu_mem_global_op_atom.sum.pct_of_peak_sustained_elapsed,l1tex__t_requests_pipe_lsu_mem_global_op_ld.sum,l1tex__t_requests_pipe_lsu_mem_global_op_ld.sum.pct_of_peak_sustained_elapsed,l1tex__t_requests_pipe_lsu_mem_global_op_red.sum,l1tex__t_requests_pipe_lsu_mem_global_op_red.sum.pct_of_peak_sustained_elapsed,l1tex__t_requests_pipe_lsu_mem_global_op_st.sum,l1tex__t_requests_pipe_lsu_mem_global_op_st.sum.pct_of_peak_sustained_elapsed,l1tex__t_requests_pipe_lsu_mem_local_op_ld.sum,l1tex__t_requests_pipe_lsu_mem_local_op_ld.sum.pct_of_peak_sustained_elapsed,l1tex__t_requests_pipe_lsu_mem_local_op_st.sum,l1tex__t_requests_pipe_lsu_mem_local_op_st.sum.pct_of_peak_sustained_elapsed,l1tex__t_requests_pipe_tex_mem_surface_op_atom.sum,l1tex__t_requests_pipe_tex_mem_surface_op_atom.sum.pct_of_peak_sustained_elapsed,l1tex__t_requests_pipe_tex_mem_surface_op_ld.sum,l1tex__t_requests_pipe_tex_mem_surface_op_ld.sum.pct_of_peak_sustained_elapsed,l1tex__t_requests_pipe_tex_mem_surface_op_red.sum,l1tex__t_requests_pipe_tex_mem_surface_op_red.sum.pct_of_peak_sustained_elapsed,l1tex__t_requests_pipe_tex_mem_surface_op_st.sum,l1tex__t_requests_pipe_tex_mem_surface_op_st.sum.pct_of_peak_sustained_elapsed,l1tex__t_requests_pipe_tex_mem_texture.sum,l1tex__t_requests_pipe_tex_mem_texture.sum.pct_of_peak_sustained_elapsed,l1tex__t_sector_hit_rate.pct,lts__average_gcomp_input_sector_success_rate.pct,lts__average_gcomp_output_sector_compression_achieved_rate.ratio,lts__gcomp_input_sectors.sum,lts__gcomp_input_sectors.sum.pct_of_peak_sustained_elapsed,lts__gcomp_input_sectors.sum.per_second,lts__gcomp_output_sectors.sum,lts__gcomp_output_sectors.sum.pct_of_peak_sustained_elapsed,lts__gcomp_output_sectors.sum.per_second,lts__t_sector_hit_rate.pct,lts__t_sectors_srcunit_tex_aperture_peer_op_atom.sum,lts__t_sectors_srcunit_tex_aperture_peer_op_atom.sum.pct_of_peak_sustained_elapsed,lts__t_sectors_srcunit_tex_aperture_peer_op_atom.sum.per_second,lts__t_sectors_srcunit_tex_aperture_peer_op_read_lookup_miss.sum,lts__t_sectors_srcunit_tex_aperture_peer_op_read_lookup_miss.sum.pct_of_peak_sustained_elapsed,lts__t_sectors_srcunit_tex_aperture_peer_op_read_lookup_miss.sum.per_second,lts__t_sectors_srcunit_tex_aperture_peer_op_red.sum,lts__t_sectors_srcunit_tex_aperture_peer_op_red.sum.pct_of_peak_sustained_elapsed,lts__t_sectors_srcunit_tex_aperture_peer_op_red.sum.per_second,lts__t_sectors_srcunit_tex_aperture_peer_op_write.sum,lts__t_sectors_srcunit_tex_aperture_peer_op_write.sum.pct_of_peak_sustained_elapsed,lts__t_sectors_srcunit_tex_aperture_peer_op_write.sum.per_second,lts__t_sectors_srcunit_tex_aperture_sysmem_op_atom.sum,lts__t_sectors_srcunit_tex_aperture_sysmem_op_atom.sum.pct_of_peak_sustained_elapsed,lts__t_sectors_srcunit_tex_aperture_sysmem_op_atom.sum.per_second,lts__t_sectors_srcunit_tex_aperture_sysmem_op_read_lookup_miss.sum,lts__t_sectors_srcunit_tex_aperture_sysmem_op_read_lookup_miss.sum.pct_of_peak_sustained_elapsed,lts__t_sectors_srcunit_tex_aperture_sysmem_op_read_lookup_miss.sum.per_second,lts__t_sectors_srcunit_tex_aperture_sysmem_op_red.sum,lts__t_sectors_srcunit_tex_aperture_sysmem_op_red.sum.pct_of_peak_sustained_elapsed,lts__t_sectors_srcunit_tex_aperture_sysmem_op_red.sum.per_second,lts__t_sectors_srcunit_tex_aperture_sysmem_op_write.sum,lts__t_sectors_srcunit_tex_aperture_sysmem_op_write.sum.pct_of_peak_sustained_elapsed,lts__t_sectors_srcunit_tex_aperture_sysmem_op_write.sum.per_second,lts__t_sectors_srcunit_tex_op_read.avg.pct_of_peak_sustained_elapsed,lts__t_sectors_srcunit_tex_op_read.sum,lts__t_sectors_srcunit_tex_op_write.avg.pct_of_peak_sustained_elapsed,lts__t_sectors_srcunit_tex_op_write.sum,sm__icc_request_hit_rate.pct,sm__icc_requests.sum,sm__icc_requests.sum.pct_of_peak_sustained_elapsed,sm__sass_l1tex_m_xbar2l1tex_read_bytes_mem_global_op_ldgsts_cache_bypass.sum,sm__sass_l1tex_m_xbar2l1tex_read_bytes_mem_global_op_ldgsts_cache_bypass...","dram__bytes_read.sum,dram__bytes_read.sum.pct_of_peak_sustained_elapsed,dram__bytes_read.sum.per_second,dram__bytes_write.sum,dram__bytes_write.sum.pct_of_peak_sustained_elapsed,dram__bytes_write.sum.per_second,gcc__average_cache_request_hit_rate.pct,gcc__cache_requests_type_constant.sum,gcc__cache_requests_type_constant.sum.pct_of_peak_sustained_elapsed,gcc__cache_requests_type_instruction.sum,gcc__cache_requests_type_instruction.sum.pct_of_peak_sustained_elapsed,gcc__xbar2gcc_sectors.sum,gcc__xbar2gcc_sectors.sum.pct_of_peak_sustained_elapsed,idc__request_hit_rate.pct,idc__requests.sum,idc__requests.sum.pct_of_peak_sustained_elapsed,l1tex__data_pipe_lsu_wavefronts_mem_shared.sum.pct_of_peak_sustained_elapsed,l1tex__m_l1tex2xbar_write_bytes.sum,l1tex__m_l1tex2xbar_write_bytes.sum.pct_of_peak_sustained_elapsed,l1tex__m_l1tex2xbar_write_bytes.sum.per_second,l1tex__m_xbar2l1tex_read_bytes.sum,l1tex__m_xbar2l1tex_read_bytes.sum.pct_of_peak_sustained_elapsed,l1tex__m_xbar2l1tex_read_bytes.sum.per_second,l1tex__t_requests_pipe_lsu_mem_global_op_atom.sum,l1tex__t_requests_pipe_lsu_mem_global_op_atom.sum.pct_of_peak_sustained_elapsed,l1tex__t_requests_pipe_lsu_mem_global_op_ld.sum,l1tex__t_requests_pipe_lsu_mem_global_op_ld.sum.pct_of_peak_sustained_elapsed,l1tex__t_requests_pipe_lsu_mem_global_op_red.sum,l1tex__t_requests_pipe_lsu_mem_global_op_red.sum.pct_of_peak_sustained_elapsed,l1tex__t_requests_pipe_lsu_mem_global_op_st.sum,l1tex__t_requests_pipe_lsu_mem_global_op_st.sum.pct_of_peak_sustained_elapsed,l1tex__t_requests_pipe_lsu_mem_local_op_ld.sum,l1tex__t_requests_pipe_lsu_mem_local_op_ld.sum.pct_of_peak_sustained_elapsed,l1tex__t_requests_pipe_lsu_mem_local_op_st.sum,l1tex__t_requests_pipe_lsu_mem_local_op_st.sum.pct_of_peak_sustained_elapsed,l1tex__t_requests_pipe_tex_mem_surface_op_atom.sum,l1tex__t_requests_pipe_tex_mem_surface_op_atom.sum.pct_of_peak_sustained_elapsed,l1tex__t_requests_pipe_tex_mem_surface_op_ld.sum,l1tex__t_requests_pipe_tex_mem_surface_op_ld.sum.pct_of_peak_sustained_elapsed,l1tex__t_requests_pipe_tex_mem_surface_op_red.sum,l1tex__t_requests_pipe_tex_mem_surface_op_red.sum.pct_of_peak_sustained_elapsed,l1tex__t_requests_pipe_tex_mem_surface_op_st.sum,l1tex__t_requests_pipe_tex_mem_surface_op_st.sum.pct_of_peak_sustained_elapsed,l1tex__t_requests_pipe_tex_mem_texture.sum,l1tex__t_requests_pipe_tex_mem_texture.sum.pct_of_peak_sustained_elapsed,l1tex__t_sector_hit_rate.pct,lts__average_gcomp_input_sector_success_rate.pct,lts__average_gcomp_output_sector_compression_achieved_rate.ratio,lts__gcomp_input_sectors.sum,lts__gcomp_input_sectors.sum.pct_of_peak_sustained_elapsed,lts__gcomp_input_sectors.sum.per_second,lts__gcomp_output_sectors.sum,lts__gcomp_output_sectors.sum.pct_of_peak_sustained_elapsed,lts__gcomp_output_sectors.sum.per_second,lts__t_sector_hit_rate.pct,lts__t_sectors_srcunit_tex_aperture_peer_op_atom.sum,lts__t_sectors_srcunit_tex_aperture_peer_op_atom.sum.pct_of_peak_sustained_elapsed,lts__t_sectors_srcunit_tex_aperture_peer_op_atom.sum.per_second,lts__t_sectors_srcunit_tex_aperture_peer_op_read_lookup_miss.sum,lts__t_sectors_srcunit_tex_aperture_peer_op_read_lookup_miss.sum.pct_of_peak_sustained_elapsed,lts__t_sectors_srcunit_tex_aperture_peer_op_read_lookup_miss.sum.per_second,lts__t_sectors_srcunit_tex_aperture_peer_op_red.sum,lts__t_sectors_srcunit_tex_aperture_peer_op_red.sum.pct_of_peak_sustained_elapsed,lts__t_sectors_srcunit_tex_aperture_peer_op_red.sum.per_second,lts__t_sectors_srcunit_tex_aperture_peer_op_write.sum,lts__t_sectors_srcunit_tex_aperture_peer_op_write.sum.pct_of_peak_sustained_elapsed,lts__t_sectors_srcunit_tex_aperture_peer_op_write.sum.per_second,lts__t_sectors_srcunit_tex_aperture_sysmem_op_atom.sum,lts__t_sectors_srcunit_tex_aperture_sysmem_op_atom.sum.pct_of_peak_sustained_elapsed,lts__t_sectors_srcunit_tex_aperture_sysmem_op_atom.sum.per_second,lts__t_sectors_srcunit_tex_aperture_sysmem_op_read_lookup_miss.sum,lts__t_sectors_srcunit_tex_aperture_sysmem_op_read_lookup_miss.sum.pct_of_peak_sustained_elapsed,lts__t_sectors_srcunit_tex_aperture_sysmem_op_read_lookup_miss.sum.per_second,lts__t_sectors_srcunit_tex_aperture_sysmem_op_red.sum,lts__t_sectors_srcunit_tex_aperture_sysmem_op_red.sum.pct_of_peak_sustained_elapsed,lts__t_sectors_srcunit_tex_aperture_sysmem_op_red.sum.per_second,lts__t_sectors_srcunit_tex_aperture_sysmem_op_write.sum,lts__t_sectors_srcunit_tex_aperture_sysmem_op_write.sum.pct_of_peak_sustained_elapsed,lts__t_sectors_srcunit_tex_aperture_sysmem_op_write.sum.per_second,lts__t_sectors_srcunit_tex_op_read.avg.pct_of_peak_sustained_elapsed,lts__t_sectors_srcunit_tex_op_read.sum,lts__t_sectors_srcunit_tex_op_write.avg.pct_of_peak_sustained_elapsed,lts__t_sectors_srcunit_tex_op_write.sum,sm__icc_request_hit_rate.pct,sm__icc_requests.sum,sm__icc_requests.sum.pct_of_peak_sustained_elapsed,sm__sass_l1tex_m_xbar2l1tex_read_bytes_mem_global_op_ldgsts_cache_bypass.sum,sm__sass_l1tex_m_xbar2l1tex_read_bytes_mem_global_op_ldgsts_cache_bypass..."
group:memory__dram_table,"dram__bytes_read.sum,dram__bytes_read.sum.pct_of_peak_sustained_elapsed,dram__bytes_read.sum.per_second,dram__bytes_write.sum,dram__bytes_write.sum.pct_of_peak_sustained_elapsed,dram__bytes_write.sum.per_second,dram__sectors_read.sum,dram__sectors_write.sum","dram__bytes_read.sum,dram__bytes_read.sum.pct_of_peak_sustained_elapsed,dram__bytes_read.sum.per_second,dram__bytes_write.sum,dram__bytes_write.sum.pct_of_peak_sustained_elapsed,dram__bytes_write.sum.per_second,dram__sectors_read.sum,dram__sectors_write.sum","dram__bytes_read.sum,dram__bytes_read.sum.pct_of_peak_sustained_elapsed,dram__bytes_read.sum.per_second,dram__bytes_write.sum,dram__bytes_write.sum.pct_of_peak_sustained_elapsed,dram__bytes_write.sum.per_second,dram__sectors_read.sum,dram__sectors_write.sum","dram__bytes_read.sum,dram__bytes_read.sum.pct_of_peak_sustained_elapsed,dram__bytes_read.sum.per_second,dram__bytes_write.sum,dram__bytes_write.sum.pct_of_peak_sustained_elapsed,dram__bytes_write.sum.per_second,dram__sectors_read.sum,dram__sectors_write.sum"
group:memory__first_level_cache_table,"l1tex__lsu_writeback_active_mem_lg.sum,l1tex__lsu_writeback_active_mem_lg.sum.pct_of_peak_sustained_elapsed,l1tex__m_l1tex2xbar_write_sectors_mem_global_op_atom.sum,l1tex__m_l1tex2xbar_write_sectors_mem_global_op_atom.sum.pct_of_peak_sustained_elapsed,l1tex__m_l1tex2xbar_write_sectors_mem_global_op_red.sum,l1tex__m_l1tex2xbar_write_sectors_mem_global_op_red.sum.pct_of_peak_sustained_elapsed,l1tex__m_l1tex2xbar_write_sectors_mem_lg_op_st.sum,l1tex__m_l1tex2xbar_write_sectors_mem_lg_op_st.sum.pct_of_peak_sustained_elapsed,l1tex__m_l1tex2xbar_write_sectors_mem_surface_op_atom.sum,l1tex__m_l1tex2xbar_write_sectors_mem_surface_op_atom.sum.pct_of_peak_sustained_elapsed,l1tex__m_l1tex2xbar_write_sectors_mem_surface_op_red.sum,l1tex__m_l1tex2xbar_write_sectors_mem_surface_op_red.sum.pct_of_peak_sustained_elapsed,l1tex__m_l1tex2xbar_write_sectors_mem_surface_op_st.sum,l1tex__m_l1tex2xbar_write_sectors_mem_surface_op_st.sum.pct_of_peak_sustained_elapsed,l1tex__m_xbar2l1tex_read_sectors_mem_global_op_atom.sum,l1tex__m_xbar2l1tex_read_sectors_mem_global_op_atom.sum.pct_of_peak_sustained_elapsed,l1tex__m_xbar2l1tex_read_sectors_mem_lg_op_ld.sum,l1tex__m_xbar2l1tex_read_sectors_mem_lg_op_ld.sum.pct_of_peak_sustained_elapsed,l1tex__m_xbar2l1tex_read_sectors_mem_surface_op_atom.sum,l1tex__m_xbar2l1tex_read_sectors_mem_surface_op_atom.sum.pct_of_peak_sustained_elapsed,l1tex__m_xbar2l1tex_read_sectors_mem_surface_op_ld.sum,l1tex__m_xbar2l1tex_read_sectors_mem_surface_op_ld.sum.pct_of_peak_sustained_elapsed,l1tex__m_xbar2l1tex_read_sectors_mem_texture.sum,l1tex__m_xbar2l1tex_read_sectors_mem_texture.sum.pct_of_peak_sustained_elapsed,l1tex__t_output_wavefronts_pipe_lsu_mem_global_op_atom.sum,l1tex__t_output_wavefronts_pipe_lsu_mem_global_op_atom.sum.pct_of_peak_sustained_elapsed,l1tex__t_output_wavefronts_pipe_lsu_mem_global_op_ld.sum,l1tex__t_output_wavefronts_pipe_lsu_mem_global_op_ld.sum.pct_of_peak_sustained_elapsed,l1tex__t_output_wavefronts_pipe_lsu_mem_global_op_red.sum,l1tex__t_output_wavefronts_pipe_lsu_mem_global_op_red.sum.pct_of_peak_sustained_elapsed,l1tex__t_output_wavefronts_pipe_lsu_mem_global_op_st.sum,l1tex__t_output_wavefronts_pipe_lsu_mem_global_op_st.sum.pct_of_peak_sustained_elapsed,l1tex__t_output_wavefronts_pipe_lsu_mem_local_op_ld.sum,l1tex__t_output_wavefronts_pipe_lsu_mem_local_op_ld.sum.pct_of_peak_sustained_elapsed,l1tex__t_output_wavefronts_pipe_lsu_mem_local_op_st.sum,l1tex__t_output_wavefronts_pipe_lsu_mem_local_op_st.sum.pct_of_peak_sustained_elapsed,l1tex__t_output_wavefronts_pipe_tex_mem_surface_op_atom.sum,l1tex__t_output_wavefronts_pipe_tex_mem_surface_op_atom.sum.pct_of_peak_sustained_elapsed,l1tex__t_output_wavefronts_pipe_tex_mem_surface_op_ld.sum,l1tex__t_output_wavefronts_pipe_tex_mem_surface_op_ld.sum.pct_of_peak_sustained_elapsed,l1tex__t_output_wavefronts_pipe_tex_mem_surface_op_red.sum,l1tex__t_output_wavefronts_pipe_tex_mem_surface_op_red.sum.pct_of_peak_sustained_elapsed,l1tex__t_output_wavefronts_pipe_tex_mem_surface_op_st.sum,l1tex__t_output_wavefronts_pipe_tex_mem_surface_op_st.sum.pct_of_peak_sustained_elapsed,l1tex__t_output_wavefronts_pipe_tex_mem_texture.sum,l1tex__t_output_wavefronts_pipe_tex_mem_texture.sum.pct_of_peak_sustained_elapsed,l1tex__t_requests_pipe_lsu_mem_global_op_atom.sum,l1tex__t_requests_pipe_lsu_mem_global_op_atom.sum.pct_of_peak_sustained_elapsed,l1tex__t_requests_pipe_lsu_mem_global_op_ld.sum,l1tex__t_requests_pipe_lsu_mem_global_op_ld.sum.pct_of_peak_sustained_elapsed,l1tex__t_requests_pipe_lsu_mem_global_op_red.sum,l1tex__t_requests_pipe_lsu_mem_global_op_red.sum.pct_of_peak_sustained_elapsed,l1tex__t_requests_pipe_lsu_mem_global_op_st.sum,l1tex__t_requests_pipe_lsu_mem_global_op_st.sum.pct_of_peak_sustained_elapsed,l1tex__t_requests_pipe_lsu_mem_local_op_ld.sum,l1tex__t_requests_pipe_lsu_mem_local_op_ld.sum.pct_of_peak_sustained_elapsed,l1tex__t_requests_pipe_lsu_mem_local_op_st.sum,l1tex__t_requests_pipe_lsu_mem_local_op_st.sum.pct_of_peak_sustained_elapsed,l1tex__t_requests_pipe_tex_mem_surface_op_atom.sum,l1tex__t_requests_pipe_tex_mem_surface_op_atom.sum.pct_of_peak_sustained_elapsed,l1tex__t_requests_pipe_tex_mem_surface_op_ld.sum,l1tex__t_requests_pipe_tex_mem_surface_op_ld.sum.pct_of_peak_sustained_elapsed,l1tex__t_requests_pipe_tex_mem_surface_op_red.sum,l1tex__t_requests_pipe_tex_mem_surface_op_red.sum.pct_of_peak_sustained_elapsed,l1tex__t_requests_pipe_tex_mem_surface_op_st.sum,l1tex__t_requests_pipe_tex_mem_surface_op_st.sum.pct_of_peak_sustained_elapsed,l1tex__t_requests_pipe_tex_mem_texture.sum,l1tex__t_requests_pipe_tex_mem_texture.sum.pct_of_peak_sustained_elapsed,l1tex__t_sector_pipe_lsu_mem_global_op_atom_hit_rate.pct,l1tex__t_sector_pipe_lsu_mem_global_op_ld_hit_rate.pct,l1tex__t_sector_pipe_lsu_mem_global_op_red_hit_rate.pct,l1tex__t_sector_pipe_lsu_mem_global_op_st_hit_rate.pct,l1tex__t_sector_pipe_lsu_mem_local_op_ld_hit_rate.pct,l1tex__t_sector_pipe_lsu_mem_local_op_st_hit_rate.pct,l1tex__t_sector_pipe_tex_mem_surface_op_atom_...","l1tex__lsu_writeback_active_mem_lg.sum,l1tex__lsu_writeback_active_mem_lg.sum.pct_of_peak_sustained_elapsed,l1tex__m_l1tex2xbar_write_sectors_mem_global_op_atom.sum,l1tex__m_l1tex2xbar_write_sectors_mem_global_op_atom.sum.pct_of_peak_sustained_elapsed,l1tex__m_l1tex2xbar_write_sectors_mem_global_op_red.sum,l1tex__m_l1tex2xbar_write_sectors_mem_global_op_red.sum.pct_of_peak_sustained_elapsed,l1tex__m_l1tex2xbar_write_sectors_mem_lg_op_st.sum,l1tex__m_l1tex2xbar_write_sectors_mem_lg_op_st.sum.pct_of_peak_sustained_elapsed,l1tex__m_l1tex2xbar_write_sectors_mem_surface_op_atom.sum,l1tex__m_l1tex2xbar_write_sectors_mem_surface_op_atom.sum.pct_of_peak_sustained_elapsed,l1tex__m_l1tex2xbar_write_sectors_mem_surface_op_red.sum,l1tex__m_l1tex2xbar_write_sectors_mem_surface_op_red.sum.pct_of_peak_sustained_elapsed,l1tex__m_l1tex2xbar_write_sectors_mem_surface_op_st.sum,l1tex__m_l1tex2xbar_write_sectors_mem_surface_op_st.sum.pct_of_peak_sustained_elapsed,l1tex__m_xbar2l1tex_read_sectors_mem_global_op_atom.sum,l1tex__m_xbar2l1tex_read_sectors_mem_global_op_atom.sum.pct_of_peak_sustained_elapsed,l1tex__m_xbar2l1tex_read_sectors_mem_lg_op_ld.sum,l1tex__m_xbar2l1tex_read_sectors_mem_lg_op_ld.sum.pct_of_peak_sustained_elapsed,l1tex__m_xbar2l1tex_read_sectors_mem_surface_op_atom.sum,l1tex__m_xbar2l1tex_read_sectors_mem_surface_op_atom.sum.pct_of_peak_sustained_elapsed,l1tex__m_xbar2l1tex_read_sectors_mem_surface_op_ld.sum,l1tex__m_xbar2l1tex_read_sectors_mem_surface_op_ld.sum.pct_of_peak_sustained_elapsed,l1tex__m_xbar2l1tex_read_sectors_mem_texture.sum,l1tex__m_xbar2l1tex_read_sectors_mem_texture.sum.pct_of_peak_sustained_elapsed,l1tex__t_output_wavefronts_pipe_lsu_mem_global_op_atom.sum,l1tex__t_output_wavefronts_pipe_lsu_mem_global_op_atom.sum.pct_of_peak_sustained_elapsed,l1tex__t_output_wavefronts_pipe_lsu_mem_global_op_ld.sum,l1tex__t_output_wavefronts_pipe_lsu_mem_global_op_ld.sum.pct_of_peak_sustained_elapsed,l1tex__t_output_wavefronts_pipe_lsu_mem_global_op_red.sum,l1tex__t_output_wavefronts_pipe_lsu_mem_global_op_red.sum.pct_of_peak_sustained_elapsed,l1tex__t_output_wavefronts_pipe_lsu_mem_global_op_st.sum,l1tex__t_output_wavefronts_pipe_lsu_mem_global_op_st.sum.pct_of_peak_sustained_elapsed,l1tex__t_output_wavefronts_pipe_lsu_mem_local_op_ld.sum,l1tex__t_output_wavefronts_pipe_lsu_mem_local_op_ld.sum.pct_of_peak_sustained_elapsed,l1tex__t_output_wavefronts_pipe_lsu_mem_local_op_st.sum,l1tex__t_output_wavefronts_pipe_lsu_mem_local_op_st.sum.pct_of_peak_sustained_elapsed,l1tex__t_output_wavefronts_pipe_tex_mem_surface_op_atom.sum,l1tex__t_output_wavefronts_pipe_tex_mem_surface_op_atom.sum.pct_of_peak_sustained_elapsed,l1tex__t_output_wavefronts_pipe_tex_mem_surface_op_ld.sum,l1tex__t_output_wavefronts_pipe_tex_mem_surface_op_ld.sum.pct_of_peak_sustained_elapsed,l1tex__t_output_wavefronts_pipe_tex_mem_surface_op_red.sum,l1tex__t_output_wavefronts_pipe_tex_mem_surface_op_red.sum.pct_of_peak_sustained_elapsed,l1tex__t_output_wavefronts_pipe_tex_mem_surface_op_st.sum,l1tex__t_output_wavefronts_pipe_tex_mem_surface_op_st.sum.pct_of_peak_sustained_elapsed,l1tex__t_output_wavefronts_pipe_tex_mem_texture.sum,l1tex__t_output_wavefronts_pipe_tex_mem_texture.sum.pct_of_peak_sustained_elapsed,l1tex__t_requests_pipe_lsu_mem_global_op_atom.sum,l1tex__t_requests_pipe_lsu_mem_global_op_atom.sum.pct_of_peak_sustained_elapsed,l1tex__t_requests_pipe_lsu_mem_global_op_ld.sum,l1tex__t_requests_pipe_lsu_mem_global_op_ld.sum.pct_of_peak_sustained_elapsed,l1tex__t_requests_pipe_lsu_mem_global_op_red.sum,l1tex__t_requests_pipe_lsu_mem_global_op_red.sum.pct_of_peak_sustained_elapsed,l1tex__t_requests_pipe_lsu_mem_global_op_st.sum,l1tex__t_requests_pipe_lsu_mem_global_op_st.sum.pct_of_peak_sustained_elapsed,l1tex__t_requests_pipe_lsu_mem_local_op_ld.sum,l1tex__t_requests_pipe_lsu_mem_local_op_ld.sum.pct_of_peak_sustained_elapsed,l1tex__t_requests_pipe_lsu_mem_local_op_st.sum,l1tex__t_requests_pipe_lsu_mem_local_op_st.sum.pct_of_peak_sustained_elapsed,l1tex__t_requests_pipe_tex_mem_surface_op_atom.sum,l1tex__t_requests_pipe_tex_mem_surface_op_atom.sum.pct_of_peak_sustained_elapsed,l1tex__t_requests_pipe_tex_mem_surface_op_ld.sum,l1tex__t_requests_pipe_tex_mem_surface_op_ld.sum.pct_of_peak_sustained_elapsed,l1tex__t_requests_pipe_tex_mem_surface_op_red.sum,l1tex__t_requests_pipe_tex_mem_surface_op_red.sum.pct_of_peak_sustained_elapsed,l1tex__t_requests_pipe_tex_mem_surface_op_st.sum,l1tex__t_requests_pipe_tex_mem_surface_op_st.sum.pct_of_peak_sustained_elapsed,l1tex__t_requests_pipe_tex_mem_texture.sum,l1tex__t_requests_pipe_tex_mem_texture.sum.pct_of_peak_sustained_elapsed,l1tex__t_sector_pipe_lsu_mem_global_op_atom_hit_rate.pct,l1tex__t_sector_pipe_lsu_mem_global_op_ld_hit_rate.pct,l1tex__t_sector_pipe_lsu_mem_global_op_red_hit_rate.pct,l1tex__t_sector_pipe_lsu_mem_global_op_st_hit_rate.pct,l1tex__t_sector_pipe_lsu_mem_local_op_ld_hit_rate.pct,l1tex__t_sector_pipe_lsu_mem_local_op_st_hit_rate.pct,l1tex__t_sector_pipe_tex_mem_surface_op_atom_...","l1tex__lsu_writeback_active_mem_lg.sum,l1tex__lsu_writeback_active_mem_lg.sum.pct_of_peak_sustained_elapsed,l1tex__m_l1tex2xbar_write_sectors_mem_global_op_atom.sum,l1tex__m_l1tex2xbar_write_sectors_mem_global_op_atom.sum.pct_of_peak_sustained_elapsed,l1tex__m_l1tex2xbar_write_sectors_mem_global_op_red.sum,l1tex__m_l1tex2xbar_write_sectors_mem_global_op_red.sum.pct_of_peak_sustained_elapsed,l1tex__m_l1tex2xbar_write_sectors_mem_lg_op_st.sum,l1tex__m_l1tex2xbar_write_sectors_mem_lg_op_st.sum.pct_of_peak_sustained_elapsed,l1tex__m_l1tex2xbar_write_sectors_mem_surface_op_atom.sum,l1tex__m_l1tex2xbar_write_sectors_mem_surface_op_atom.sum.pct_of_peak_sustained_elapsed,l1tex__m_l1tex2xbar_write_sectors_mem_surface_op_red.sum,l1tex__m_l1tex2xbar_write_sectors_mem_surface_op_red.sum.pct_of_peak_sustained_elapsed,l1tex__m_l1tex2xbar_write_sectors_mem_surface_op_st.sum,l1tex__m_l1tex2xbar_write_sectors_mem_surface_op_st.sum.pct_of_peak_sustained_elapsed,l1tex__m_xbar2l1tex_read_sectors_mem_global_op_atom.sum,l1tex__m_xbar2l1tex_read_sectors_mem_global_op_atom.sum.pct_of_peak_sustained_elapsed,l1tex__m_xbar2l1tex_read_sectors_mem_lg_op_ld.sum,l1tex__m_xbar2l1tex_read_sectors_mem_lg_op_ld.sum.pct_of_peak_sustained_elapsed,l1tex__m_xbar2l1tex_read_sectors_mem_surface_op_atom.sum,l1tex__m_xbar2l1tex_read_sectors_mem_surface_op_atom.sum.pct_of_peak_sustained_elapsed,l1tex__m_xbar2l1tex_read_sectors_mem_surface_op_ld.sum,l1tex__m_xbar2l1tex_read_sectors_mem_surface_op_ld.sum.pct_of_peak_sustained_elapsed,l1tex__m_xbar2l1tex_read_sectors_mem_texture.sum,l1tex__m_xbar2l1tex_read_sectors_mem_texture.sum.pct_of_peak_sustained_elapsed,l1tex__t_output_wavefronts_pipe_lsu_mem_global_op_atom.sum,l1tex__t_output_wavefronts_pipe_lsu_mem_global_op_atom.sum.pct_of_peak_sustained_elapsed,l1tex__t_output_wavefronts_pipe_lsu_mem_global_op_ld.sum,l1tex__t_output_wavefronts_pipe_lsu_mem_global_op_ld.sum.pct_of_peak_sustained_elapsed,l1tex__t_output_wavefronts_pipe_lsu_mem_global_op_red.sum,l1tex__t_output_wavefronts_pipe_lsu_mem_global_op_red.sum.pct_of_peak_sustained_elapsed,l1tex__t_output_wavefronts_pipe_lsu_mem_global_op_st.sum,l1tex__t_output_wavefronts_pipe_lsu_mem_global_op_st.sum.pct_of_peak_sustained_elapsed,l1tex__t_output_wavefronts_pipe_lsu_mem_local_op_ld.sum,l1tex__t_output_wavefronts_pipe_lsu_mem_local_op_ld.sum.pct_of_peak_sustained_elapsed,l1tex__t_output_wavefronts_pipe_lsu_mem_local_op_st.sum,l1tex__t_output_wavefronts_pipe_lsu_mem_local_op_st.sum.pct_of_peak_sustained_elapsed,l1tex__t_output_wavefronts_pipe_tex_mem_surface_op_atom.sum,l1tex__t_output_wavefronts_pipe_tex_mem_surface_op_atom.sum.pct_of_peak_sustained_elapsed,l1tex__t_output_wavefronts_pipe_tex_mem_surface_op_ld.sum,l1tex__t_output_wavefronts_pipe_tex_mem_surface_op_ld.sum.pct_of_peak_sustained_elapsed,l1tex__t_output_wavefronts_pipe_tex_mem_surface_op_red.sum,l1tex__t_output_wavefronts_pipe_tex_mem_surface_op_red.sum.pct_of_peak_sustained_elapsed,l1tex__t_output_wavefronts_pipe_tex_mem_surface_op_st.sum,l1tex__t_output_wavefronts_pipe_tex_mem_surface_op_st.sum.pct_of_peak_sustained_elapsed,l1tex__t_output_wavefronts_pipe_tex_mem_texture.sum,l1tex__t_output_wavefronts_pipe_tex_mem_texture.sum.pct_of_peak_sustained_elapsed,l1tex__t_requests_pipe_lsu_mem_global_op_atom.sum,l1tex__t_requests_pipe_lsu_mem_global_op_atom.sum.pct_of_peak_sustained_elapsed,l1tex__t_requests_pipe_lsu_mem_global_op_ld.sum,l1tex__t_requests_pipe_lsu_mem_global_op_ld.sum.pct_of_peak_sustained_elapsed,l1tex__t_requests_pipe_lsu_mem_global_op_red.sum,l1tex__t_requests_pipe_lsu_mem_global_op_red.sum.pct_of_peak_sustained_elapsed,l1tex__t_requests_pipe_lsu_mem_global_op_st.sum,l1tex__t_requests_pipe_lsu_mem_global_op_st.sum.pct_of_peak_sustained_elapsed,l1tex__t_requests_pipe_lsu_mem_local_op_ld.sum,l1tex__t_requests_pipe_lsu_mem_local_op_ld.sum.pct_of_peak_sustained_elapsed,l1tex__t_requests_pipe_lsu_mem_local_op_st.sum,l1tex__t_requests_pipe_lsu_mem_local_op_st.sum.pct_of_peak_sustained_elapsed,l1tex__t_requests_pipe_tex_mem_surface_op_atom.sum,l1tex__t_requests_pipe_tex_mem_surface_op_atom.sum.pct_of_peak_sustained_elapsed,l1tex__t_requests_pipe_tex_mem_surface_op_ld.sum,l1tex__t_requests_pipe_tex_mem_surface_op_ld.sum.pct_of_peak_sustained_elapsed,l1tex__t_requests_pipe_tex_mem_surface_op_red.sum,l1tex__t_requests_pipe_tex_mem_surface_op_red.sum.pct_of_peak_sustained_elapsed,l1tex__t_requests_pipe_tex_mem_surface_op_st.sum,l1tex__t_requests_pipe_tex_mem_surface_op_st.sum.pct_of_peak_sustained_elapsed,l1tex__t_requests_pipe_tex_mem_texture.sum,l1tex__t_requests_pipe_tex_mem_texture.sum.pct_of_peak_sustained_elapsed,l1tex__t_sector_pipe_lsu_mem_global_op_atom_hit_rate.pct,l1tex__t_sector_pipe_lsu_mem_global_op_ld_hit_rate.pct,l1tex__t_sector_pipe_lsu_mem_global_op_red_hit_rate.pct,l1tex__t_sector_pipe_lsu_mem_global_op_st_hit_rate.pct,l1tex__t_sector_pipe_lsu_mem_local_op_ld_hit_rate.pct,l1tex__t_sector_pipe_lsu_mem_local_op_st_hit_rate.pct,l1tex__t_sector_pipe_tex_mem_surface_op_atom_...","l1tex__lsu_writeback_active_mem_lg.sum,l1tex__lsu_writeback_active_mem_lg.sum.pct_of_peak_sustained_elapsed,l1tex__m_l1tex2xbar_write_sectors_mem_global_op_atom.sum,l1tex__m_l1tex2xbar_write_sectors_mem_global_op_atom.sum.pct_of_peak_sustained_elapsed,l1tex__m_l1tex2xbar_write_sectors_mem_global_op_red.sum,l1tex__m_l1tex2xbar_write_sectors_mem_global_op_red.sum.pct_of_peak_sustained_elapsed,l1tex__m_l1tex2xbar_write_sectors_mem_lg_op_st.sum,l1tex__m_l1tex2xbar_write_sectors_mem_lg_op_st.sum.pct_of_peak_sustained_elapsed,l1tex__m_l1tex2xbar_write_sectors_mem_surface_op_atom.sum,l1tex__m_l1tex2xbar_write_sectors_mem_surface_op_atom.sum.pct_of_peak_sustained_elapsed,l1tex__m_l1tex2xbar_write_sectors_mem_surface_op_red.sum,l1tex__m_l1tex2xbar_write_sectors_mem_surface_op_red.sum.pct_of_peak_sustained_elapsed,l1tex__m_l1tex2xbar_write_sectors_mem_surface_op_st.sum,l1tex__m_l1tex2xbar_write_sectors_mem_surface_op_st.sum.pct_of_peak_sustained_elapsed,l1tex__m_xbar2l1tex_read_sectors_mem_global_op_atom.sum,l1tex__m_xbar2l1tex_read_sectors_mem_global_op_atom.sum.pct_of_peak_sustained_elapsed,l1tex__m_xbar2l1tex_read_sectors_mem_lg_op_ld.sum,l1tex__m_xbar2l1tex_read_sectors_mem_lg_op_ld.sum.pct_of_peak_sustained_elapsed,l1tex__m_xbar2l1tex_read_sectors_mem_surface_op_atom.sum,l1tex__m_xbar2l1tex_read_sectors_mem_surface_op_atom.sum.pct_of_peak_sustained_elapsed,l1tex__m_xbar2l1tex_read_sectors_mem_surface_op_ld.sum,l1tex__m_xbar2l1tex_read_sectors_mem_surface_op_ld.sum.pct_of_peak_sustained_elapsed,l1tex__m_xbar2l1tex_read_sectors_mem_texture.sum,l1tex__m_xbar2l1tex_read_sectors_mem_texture.sum.pct_of_peak_sustained_elapsed,l1tex__t_output_wavefronts_pipe_lsu_mem_global_op_atom.sum,l1tex__t_output_wavefronts_pipe_lsu_mem_global_op_atom.sum.pct_of_peak_sustained_elapsed,l1tex__t_output_wavefronts_pipe_lsu_mem_global_op_ld.sum,l1tex__t_output_wavefronts_pipe_lsu_mem_global_op_ld.sum.pct_of_peak_sustained_elapsed,l1tex__t_output_wavefronts_pipe_lsu_mem_global_op_red.sum,l1tex__t_output_wavefronts_pipe_lsu_mem_global_op_red.sum.pct_of_peak_sustained_elapsed,l1tex__t_output_wavefronts_pipe_lsu_mem_global_op_st.sum,l1tex__t_output_wavefronts_pipe_lsu_mem_global_op_st.sum.pct_of_peak_sustained_elapsed,l1tex__t_output_wavefronts_pipe_lsu_mem_local_op_ld.sum,l1tex__t_output_wavefronts_pipe_lsu_mem_local_op_ld.sum.pct_of_peak_sustained_elapsed,l1tex__t_output_wavefronts_pipe_lsu_mem_local_op_st.sum,l1tex__t_output_wavefronts_pipe_lsu_mem_local_op_st.sum.pct_of_peak_sustained_elapsed,l1tex__t_output_wavefronts_pipe_tex_mem_surface_op_atom.sum,l1tex__t_output_wavefronts_pipe_tex_mem_surface_op_atom.sum.pct_of_peak_sustained_elapsed,l1tex__t_output_wavefronts_pipe_tex_mem_surface_op_ld.sum,l1tex__t_output_wavefronts_pipe_tex_mem_surface_op_ld.sum.pct_of_peak_sustained_elapsed,l1tex__t_output_wavefronts_pipe_tex_mem_surface_op_red.sum,l1tex__t_output_wavefronts_pipe_tex_mem_surface_op_red.sum.pct_of_peak_sustained_elapsed,l1tex__t_output_wavefronts_pipe_tex_mem_surface_op_st.sum,l1tex__t_output_wavefronts_pipe_tex_mem_surface_op_st.sum.pct_of_peak_sustained_elapsed,l1tex__t_output_wavefronts_pipe_tex_mem_texture.sum,l1tex__t_output_wavefronts_pipe_tex_mem_texture.sum.pct_of_peak_sustained_elapsed,l1tex__t_requests_pipe_lsu_mem_global_op_atom.sum,l1tex__t_requests_pipe_lsu_mem_global_op_atom.sum.pct_of_peak_sustained_elapsed,l1tex__t_requests_pipe_lsu_mem_global_op_ld.sum,l1tex__t_requests_pipe_lsu_mem_global_op_ld.sum.pct_of_peak_sustained_elapsed,l1tex__t_requests_pipe_lsu_mem_global_op_red.sum,l1tex__t_requests_pipe_lsu_mem_global_op_red.sum.pct_of_peak_sustained_elapsed,l1tex__t_requests_pipe_lsu_mem_global_op_st.sum,l1tex__t_requests_pipe_lsu_mem_global_op_st.sum.pct_of_peak_sustained_elapsed,l1tex__t_requests_pipe_lsu_mem_local_op_ld.sum,l1tex__t_requests_pipe_lsu_mem_local_op_ld.sum.pct_of_peak_sustained_elapsed,l1tex__t_requests_pipe_lsu_mem_local_op_st.sum,l1tex__t_requests_pipe_lsu_mem_local_op_st.sum.pct_of_peak_sustained_elapsed,l1tex__t_requests_pipe_tex_mem_surface_op_atom.sum,l1tex__t_requests_pipe_tex_mem_surface_op_atom.sum.pct_of_peak_sustained_elapsed,l1tex__t_requests_pipe_tex_mem_surface_op_ld.sum,l1tex__t_requests_pipe_tex_mem_surface_op_ld.sum.pct_of_peak_sustained_elapsed,l1tex__t_requests_pipe_tex_mem_surface_op_red.sum,l1tex__t_requests_pipe_tex_mem_surface_op_red.sum.pct_of_peak_sustained_elapsed,l1tex__t_requests_pipe_tex_mem_surface_op_st.sum,l1tex__t_requests_pipe_tex_mem_surface_op_st.sum.pct_of_peak_sustained_elapsed,l1tex__t_requests_pipe_tex_mem_texture.sum,l1tex__t_requests_pipe_tex_mem_texture.sum.pct_of_peak_sustained_elapsed,l1tex__t_sector_pipe_lsu_mem_global_op_atom_hit_rate.pct,l1tex__t_sector_pipe_lsu_mem_global_op_ld_hit_rate.pct,l1tex__t_sector_pipe_lsu_mem_global_op_red_hit_rate.pct,l1tex__t_sector_pipe_lsu_mem_global_op_st_hit_rate.pct,l1tex__t_sector_pipe_lsu_mem_local_op_ld_hit_rate.pct,l1tex__t_sector_pipe_lsu_mem_local_op_st_hit_rate.pct,l1tex__t_sector_pipe_tex_mem_surface_op_atom_..."
group:memory__l2_cache_evict_policy_table,"lts__t_sectors_evict_first_lookup_hit.sum,lts__t_sectors_evict_first_lookup_miss.sum,lts__t_sectors_evict_last_lookup_hit.sum,lts__t_sectors_evict_last_lookup_miss.sum,lts__t_sectors_evict_normal_demote_lookup_hit.sum,lts__t_sectors_evict_normal_demote_lookup_miss.sum,lts__t_sectors_evict_normal_lookup_hit.sum,lts__t_sectors_evict_normal_lookup_miss.sum,lts__t_sectors_srcunit_tex_evict_first_lookup_hit.sum,lts__t_sectors_srcunit_tex_evict_first_lookup_miss.sum,lts__t_sectors_srcunit_tex_evict_last_lookup_hit.sum,lts__t_sectors_srcunit_tex_evict_last_lookup_miss.sum,lts__t_sectors_srcunit_tex_evict_normal_demote_lookup_hit.sum,lts__t_sectors_srcunit_tex_evict_normal_demote_lookup_miss.sum,lts__t_sectors_srcunit_tex_evict_normal_lookup_hit.sum,lts__t_sectors_srcunit_tex_evict_normal_lookup_miss.sum,lts__t_sectors_srcunit_tex_op_atom_evict_first_lookup_hit.sum,lts__t_sectors_srcunit_tex_op_atom_evict_first_lookup_miss.sum,lts__t_sectors_srcunit_tex_op_atom_evict_last_lookup_hit.sum,lts__t_sectors_srcunit_tex_op_atom_evict_last_lookup_miss.sum,lts__t_sectors_srcunit_tex_op_atom_evict_normal_lookup_hit.sum,lts__t_sectors_srcunit_tex_op_atom_evict_normal_lookup_miss.sum,lts__t_sectors_srcunit_tex_op_read_evict_first_lookup_hit.sum,lts__t_sectors_srcunit_tex_op_read_evict_first_lookup_miss.sum,lts__t_sectors_srcunit_tex_op_read_evict_last_lookup_hit.sum,lts__t_sectors_srcunit_tex_op_read_evict_last_lookup_miss.sum,lts__t_sectors_srcunit_tex_op_read_evict_normal_demote_lookup_hit.sum,lts__t_sectors_srcunit_tex_op_read_evict_normal_demote_lookup_miss.sum,lts__t_sectors_srcunit_tex_op_read_evict_normal_lookup_hit.sum,lts__t_sectors_srcunit_tex_op_read_evict_normal_lookup_miss.sum,lts__t_sectors_srcunit_tex_op_write_evict_first_lookup_hit.sum,lts__t_sectors_srcunit_tex_op_write_evict_first_lookup_miss.sum,lts__t_sectors_srcunit_tex_op_write_evict_last_lookup_hit.sum,lts__t_sectors_srcunit_tex_op_write_evict_last_lookup_miss.sum,lts__t_sectors_srcunit_tex_op_write_evict_normal_demote_lookup_hit.sum,lts__t_sectors_srcunit_tex_op_write_evict_normal_demote_lookup_miss.sum,lts__t_sectors_srcunit_tex_op_write_evict_normal_lookup_hit.sum,lts__t_sectors_srcunit_tex_op_write_evict_normal_lookup_miss.sum","lts__t_sectors_evict_first_lookup_hit.sum,lts__t_sectors_evict_first_lookup_miss.sum,lts__t_sectors_evict_last_lookup_hit.sum,lts__t_sectors_evict_last_lookup_miss.sum,lts__t_sectors_evict_normal_demote_lookup_hit.sum,lts__t_sectors_evict_normal_demote_lookup_miss.sum,lts__t_sectors_evict_normal_lookup_hit.sum,lts__t_sectors_evict_normal_lookup_miss.sum,lts__t_sectors_srcunit_tex_evict_first_lookup_hit.sum,lts__t_sectors_srcunit_tex_evict_first_lookup_miss.sum,lts__t_sectors_srcunit_tex_evict_last_lookup_hit.sum,lts__t_sectors_srcunit_tex_evict_last_lookup_miss.sum,lts__t_sectors_srcunit_tex_evict_normal_demote_lookup_hit.sum,lts__t_sectors_srcunit_tex_evict_normal_demote_lookup_miss.sum,lts__t_sectors_srcunit_tex_evict_normal_lookup_hit.sum,lts__t_sectors_srcunit_tex_evict_normal_lookup_miss.sum,lts__t_sectors_srcunit_tex_op_atom_evict_first_lookup_hit.sum,lts__t_sectors_srcunit_tex_op_atom_evict_first_lookup_miss.sum,lts__t_sectors_srcunit_tex_op_atom_evict_last_lookup_hit.sum,lts__t_sectors_srcunit_tex_op_atom_evict_last_lookup_miss.sum,lts__t_sectors_srcunit_tex_op_atom_evict_normal_lookup_hit.sum,lts__t_sectors_srcunit_tex_op_atom_evict_normal_lookup_miss.sum,lts__t_sectors_srcunit_tex_op_read_evict_first_lookup_hit.sum,lts__t_sectors_srcunit_tex_op_read_evict_first_lookup_miss.sum,lts__t_sectors_srcunit_tex_op_read_evict_last_lookup_hit.sum,lts__t_sectors_srcunit_tex_op_read_evict_last_lookup_miss.sum,lts__t_sectors_srcunit_tex_op_read_evict_normal_demote_lookup_hit.sum,lts__t_sectors_srcunit_tex_op_read_evict_normal_demote_lookup_miss.sum,lts__t_sectors_srcunit_tex_op_read_evict_normal_lookup_hit.sum,lts__t_sectors_srcunit_tex_op_read_evict_normal_lookup_miss.sum,lts__t_sectors_srcunit_tex_op_write_evict_first_lookup_hit.sum,lts__t_sectors_srcunit_tex_op_write_evict_first_lookup_miss.sum,lts__t_sectors_srcunit_tex_op_write_evict_last_lookup_hit.sum,lts__t_sectors_srcunit_tex_op_write_evict_last_lookup_miss.sum,lts__t_sectors_srcunit_tex_op_write_evict_normal_demote_lookup_hit.sum,lts__t_sectors_srcunit_tex_op_write_evict_normal_demote_lookup_miss.sum,lts__t_sectors_srcunit_tex_op_write_evict_normal_lookup_hit.sum,lts__t_sectors_srcunit_tex_op_write_evict_normal_lookup_miss.sum","lts__t_sectors_evict_first_lookup_hit.sum,lts__t_sectors_evict_first_lookup_miss.sum,lts__t_sectors_evict_last_lookup_hit.sum,lts__t_sectors_evict_last_lookup_miss.sum,lts__t_sectors_evict_normal_demote_lookup_hit.sum,lts__t_sectors_evict_normal_demote_lookup_miss.sum,lts__t_sectors_evict_normal_lookup_hit.sum,lts__t_sectors_evict_normal_lookup_miss.sum,lts__t_sectors_srcunit_tex_evict_first_lookup_hit.sum,lts__t_sectors_srcunit_tex_evict_first_lookup_miss.sum,lts__t_sectors_srcunit_tex_evict_last_lookup_hit.sum,lts__t_sectors_srcunit_tex_evict_last_lookup_miss.sum,lts__t_sectors_srcunit_tex_evict_normal_demote_lookup_hit.sum,lts__t_sectors_srcunit_tex_evict_normal_demote_lookup_miss.sum,lts__t_sectors_srcunit_tex_evict_normal_lookup_hit.sum,lts__t_sectors_srcunit_tex_evict_normal_lookup_miss.sum,lts__t_sectors_srcunit_tex_op_atom_evict_first_lookup_hit.sum,lts__t_sectors_srcunit_tex_op_atom_evict_first_lookup_miss.sum,lts__t_sectors_srcunit_tex_op_atom_evict_last_lookup_hit.sum,lts__t_sectors_srcunit_tex_op_atom_evict_last_lookup_miss.sum,lts__t_sectors_srcunit_tex_op_atom_evict_normal_lookup_hit.sum,lts__t_sectors_srcunit_tex_op_atom_evict_normal_lookup_miss.sum,lts__t_sectors_srcunit_tex_op_read_evict_first_lookup_hit.sum,lts__t_sectors_srcunit_tex_op_read_evict_first_lookup_miss.sum,lts__t_sectors_srcunit_tex_op_read_evict_last_lookup_hit.sum,lts__t_sectors_srcunit_tex_op_read_evict_last_lookup_miss.sum,lts__t_sectors_srcunit_tex_op_read_evict_normal_demote_lookup_hit.sum,lts__t_sectors_srcunit_tex_op_read_evict_normal_demote_lookup_miss.sum,lts__t_sectors_srcunit_tex_op_read_evict_normal_lookup_hit.sum,lts__t_sectors_srcunit_tex_op_read_evict_normal_lookup_miss.sum,lts__t_sectors_srcunit_tex_op_write_evict_first_lookup_hit.sum,lts__t_sectors_srcunit_tex_op_write_evict_first_lookup_miss.sum,lts__t_sectors_srcunit_tex_op_write_evict_last_lookup_hit.sum,lts__t_sectors_srcunit_tex_op_write_evict_last_lookup_miss.sum,lts__t_sectors_srcunit_tex_op_write_evict_normal_demote_lookup_hit.sum,lts__t_sectors_srcunit_tex_op_write_evict_normal_demote_lookup_miss.sum,lts__t_sectors_srcunit_tex_op_write_evict_normal_lookup_hit.sum,lts__t_sectors_srcunit_tex_op_write_evict_normal_lookup_miss.sum","lts__t_sectors_evict_first_lookup_hit.sum,lts__t_sectors_evict_first_lookup_miss.sum,lts__t_sectors_evict_last_lookup_hit.sum,lts__t_sectors_evict_last_lookup_miss.sum,lts__t_sectors_evict_normal_demote_lookup_hit.sum,lts__t_sectors_evict_normal_demote_lookup_miss.sum,lts__t_sectors_evict_normal_lookup_hit.sum,lts__t_sectors_evict_normal_lookup_miss.sum,lts__t_sectors_srcunit_tex_evict_first_lookup_hit.sum,lts__t_sectors_srcunit_tex_evict_first_lookup_miss.sum,lts__t_sectors_srcunit_tex_evict_last_lookup_hit.sum,lts__t_sectors_srcunit_tex_evict_last_lookup_miss.sum,lts__t_sectors_srcunit_tex_evict_normal_demote_lookup_hit.sum,lts__t_sectors_srcunit_tex_evict_normal_demote_lookup_miss.sum,lts__t_sectors_srcunit_tex_evict_normal_lookup_hit.sum,lts__t_sectors_srcunit_tex_evict_normal_lookup_miss.sum,lts__t_sectors_srcunit_tex_op_atom_evict_first_lookup_hit.sum,lts__t_sectors_srcunit_tex_op_atom_evict_first_lookup_miss.sum,lts__t_sectors_srcunit_tex_op_atom_evict_last_lookup_hit.sum,lts__t_sectors_srcunit_tex_op_atom_evict_last_lookup_miss.sum,lts__t_sectors_srcunit_tex_op_atom_evict_normal_lookup_hit.sum,lts__t_sectors_srcunit_tex_op_atom_evict_normal_lookup_miss.sum,lts__t_sectors_srcunit_tex_op_read_evict_first_lookup_hit.sum,lts__t_sectors_srcunit_tex_op_read_evict_first_lookup_miss.sum,lts__t_sectors_srcunit_tex_op_read_evict_last_lookup_hit.sum,lts__t_sectors_srcunit_tex_op_read_evict_last_lookup_miss.sum,lts__t_sectors_srcunit_tex_op_read_evict_normal_demote_lookup_hit.sum,lts__t_sectors_srcunit_tex_op_read_evict_normal_demote_lookup_miss.sum,lts__t_sectors_srcunit_tex_op_read_evict_normal_lookup_hit.sum,lts__t_sectors_srcunit_tex_op_read_evict_normal_lookup_miss.sum,lts__t_sectors_srcunit_tex_op_write_evict_first_lookup_hit.sum,lts__t_sectors_srcunit_tex_op_write_evict_first_lookup_miss.sum,lts__t_sectors_srcunit_tex_op_write_evict_last_lookup_hit.sum,lts__t_sectors_srcunit_tex_op_write_evict_last_lookup_miss.sum,lts__t_sectors_srcunit_tex_op_write_evict_normal_demote_lookup_hit.sum,lts__t_sectors_srcunit_tex_op_write_evict_normal_demote_lookup_miss.sum,lts__t_sectors_srcunit_tex_op_write_evict_normal_lookup_hit.sum,lts__t_sectors_srcunit_tex_op_write_evict_normal_lookup_miss.sum"
group:memory__l2_cache_table,"lts__t_requests.sum,lts__t_requests_srcunit_gcc.sum,lts__t_requests_srcunit_tex.sum,lts__t_requests_srcunit_tex_op_atom_dot_alu.sum,lts__t_requests_srcunit_tex_op_atom_dot_cas.sum,lts__t_requests_srcunit_tex_op_read.sum,lts__t_requests_srcunit_tex_op_red.sum,lts__t_requests_srcunit_tex_op_write.sum,lts__t_sectors.avg.pct_of_peak_sustained_elapsed,lts__t_sectors.avg.peak_sustained,lts__t_sectors.avg.per_cycle_elapsed,lts__t_sectors.sum,lts__t_sectors.sum.per_second,lts__t_sectors_aperture_device_lookup_miss.sum,lts__t_sectors_aperture_peer_lookup_miss.sum,lts__t_sectors_aperture_sysmem_lookup_miss.sum,lts__t_sectors_data_ecc.avg.pct_of_peak_sustained_elapsed,lts__t_sectors_data_ecc.avg.peak_sustained,lts__t_sectors_data_ecc.avg.per_cycle_elapsed,lts__t_sectors_data_ecc.sum,lts__t_sectors_data_ecc.sum.per_second,lts__t_sectors_lookup_hit.sum,lts__t_sectors_lookup_miss.sum,lts__t_sectors_srcunit_gcc.avg.pct_of_peak_sustained_elapsed,lts__t_sectors_srcunit_gcc.avg.peak_sustained,lts__t_sectors_srcunit_gcc.avg.per_cycle_elapsed,lts__t_sectors_srcunit_gcc.sum,lts__t_sectors_srcunit_gcc.sum.per_second,lts__t_sectors_srcunit_gcc_aperture_device_lookup_miss.sum,lts__t_sectors_srcunit_gcc_aperture_peer_lookup_miss.sum,lts__t_sectors_srcunit_gcc_aperture_sysmem_lookup_miss.sum,lts__t_sectors_srcunit_gcc_lookup_hit.sum,lts__t_sectors_srcunit_gcc_lookup_miss.sum,lts__t_sectors_srcunit_tex.avg.pct_of_peak_sustained_elapsed,lts__t_sectors_srcunit_tex.avg.peak_sustained,lts__t_sectors_srcunit_tex.avg.per_cycle_elapsed,lts__t_sectors_srcunit_tex.sum,lts__t_sectors_srcunit_tex.sum.pct_of_peak_sustained_elapsed,lts__t_sectors_srcunit_tex.sum.per_second,lts__t_sectors_srcunit_tex_aperture_device_lookup_miss.sum,lts__t_sectors_srcunit_tex_aperture_device_op_atom_dot_alu_lookup_miss.sum,lts__t_sectors_srcunit_tex_aperture_device_op_atom_dot_cas_lookup_miss.sum,lts__t_sectors_srcunit_tex_aperture_device_op_read_lookup_miss.sum,lts__t_sectors_srcunit_tex_aperture_device_op_red_lookup_miss.sum,lts__t_sectors_srcunit_tex_aperture_device_op_write_lookup_miss.sum,lts__t_sectors_srcunit_tex_aperture_peer_lookup_miss.sum,lts__t_sectors_srcunit_tex_aperture_peer_op_atom_dot_alu_lookup_miss.sum,lts__t_sectors_srcunit_tex_aperture_peer_op_atom_dot_cas_lookup_miss.sum,lts__t_sectors_srcunit_tex_aperture_peer_op_read_lookup_miss.sum,lts__t_sectors_srcunit_tex_aperture_peer_op_red_lookup_miss.sum,lts__t_sectors_srcunit_tex_aperture_peer_op_write_lookup_miss.sum,lts__t_sectors_srcunit_tex_aperture_sysmem_lookup_miss.sum,lts__t_sectors_srcunit_tex_aperture_sysmem_op_atom_dot_alu_lookup_miss.sum,lts__t_sectors_srcunit_tex_aperture_sysmem_op_atom_dot_cas_lookup_miss.sum,lts__t_sectors_srcunit_tex_aperture_sysmem_op_read_lookup_miss.sum,lts__t_sectors_srcunit_tex_aperture_sysmem_op_red_lookup_miss.sum,lts__t_sectors_srcunit_tex_aperture_sysmem_op_write_lookup_miss.sum,lts__t_sectors_srcunit_tex_lookup_hit.sum,lts__t_sectors_srcunit_tex_lookup_miss.sum,lts__t_sectors_srcunit_tex_op_atom_dot_alu.avg.pct_of_peak_sustained_elapsed,lts__t_sectors_srcunit_tex_op_atom_dot_alu.avg.peak_sustained,lts__t_sectors_srcunit_tex_op_atom_dot_alu.avg.per_cycle_elapsed,lts__t_sectors_srcunit_tex_op_atom_dot_alu.sum,lts__t_sectors_srcunit_tex_op_atom_dot_alu.sum.per_second,lts__t_sectors_srcunit_tex_op_atom_dot_alu_lookup_hit.sum,lts__t_sectors_srcunit_tex_op_atom_dot_alu_lookup_miss.sum,lts__t_sectors_srcunit_tex_op_atom_dot_cas.avg.pct_of_peak_sustained_elapsed,lts__t_sectors_srcunit_tex_op_atom_dot_cas.avg.peak_sustained,lts__t_sectors_srcunit_tex_op_atom_dot_cas.avg.per_cycle_elapsed,lts__t_sectors_srcunit_tex_op_atom_dot_cas.sum,lts__t_sectors_srcunit_tex_op_atom_dot_cas.sum.per_second,lts__t_sectors_srcunit_tex_op_atom_dot_cas_lookup_hit.sum,lts__t_sectors_srcunit_tex_op_atom_dot_cas_lookup_miss.sum,lts__t_sectors_srcunit_tex_op_read.avg.pct_of_peak_sustained_elapsed,lts__t_sectors_srcunit_tex_op_read.avg.peak_sustained,lts__t_sectors_srcunit_tex_op_read.avg.per_cycle_elapsed,lts__t_sectors_srcunit_tex_op_read.sum,lts__t_sectors_srcunit_tex_op_read.sum.per_second,lts__t_sectors_srcunit_tex_op_read_lookup_hit.sum,lts__t_sectors_srcunit_tex_op_read_lookup_miss.sum,lts__t_sectors_srcunit_tex_op_red.avg.pct_of_peak_sustained_elapsed,lts__t_sectors_srcunit_tex_op_red.avg.peak_sustained,lts__t_sectors_srcunit_tex_op_red.avg.per_cycle_elapsed,lts__t_sectors_srcunit_tex_op_red.sum,lts__t_sectors_srcunit_tex_op_red.sum.per_second,lts__t_sectors_srcunit_tex_op_red_lookup_hit.sum,lts__t_sectors_srcunit_tex_op_red_lookup_miss.sum,lts__t_sectors_srcunit_tex_op_write.avg.pct_of_peak_sustained_elapsed,lts__t_sectors_srcunit_tex_op_write.avg.peak_sustained,lts__t_sectors_srcunit_tex_op_write.avg.per_cycle_elapsed,lts__t_sectors_srcunit_tex_op_write.sum,lts__t_sectors_srcunit_tex_op_write.sum.per_second,lts__t_sectors_srcunit_tex_op_write_lookup_hit.sum,lts__t_sectors_srcunit_tex_op_write_lookup_miss.sum","lts__t_requests.sum,lts__t_requests_srcunit_gcc.sum,lts__t_requests_srcunit_tex.sum,lts__t_requests_srcunit_tex_op_atom_dot_alu.sum,lts__t_requests_srcunit_tex_op_atom_dot_cas.sum,lts__t_requests_srcunit_tex_op_read.sum,lts__t_requests_srcunit_tex_op_red.sum,lts__t_requests_srcunit_tex_op_write.sum,lts__t_sectors.avg.pct_of_peak_sustained_elapsed,lts__t_sectors.avg.peak_sustained,lts__t_sectors.avg.per_cycle_elapsed,lts__t_sectors.sum,lts__t_sectors.sum.per_second,lts__t_sectors_aperture_device_lookup_miss.sum,lts__t_sectors_aperture_peer_lookup_miss.sum,lts__t_sectors_aperture_sysmem_lookup_miss.sum,lts__t_sectors_data_ecc.avg.pct_of_peak_sustained_elapsed,lts__t_sectors_data_ecc.avg.peak_sustained,lts__t_sectors_data_ecc.avg.per_cycle_elapsed,lts__t_sectors_data_ecc.sum,lts__t_sectors_data_ecc.sum.per_second,lts__t_sectors_lookup_hit.sum,lts__t_sectors_lookup_miss.sum,lts__t_sectors_srcunit_gcc.avg.pct_of_peak_sustained_elapsed,lts__t_sectors_srcunit_gcc.avg.peak_sustained,lts__t_sectors_srcunit_gcc.avg.per_cycle_elapsed,lts__t_sectors_srcunit_gcc.sum,lts__t_sectors_srcunit_gcc.sum.per_second,lts__t_sectors_srcunit_gcc_aperture_device_lookup_miss.sum,lts__t_sectors_srcunit_gcc_aperture_peer_lookup_miss.sum,lts__t_sectors_srcunit_gcc_aperture_sysmem_lookup_miss.sum,lts__t_sectors_srcunit_gcc_lookup_hit.sum,lts__t_sectors_srcunit_gcc_lookup_miss.sum,lts__t_sectors_srcunit_tex.avg.pct_of_peak_sustained_elapsed,lts__t_sectors_srcunit_tex.avg.peak_sustained,lts__t_sectors_srcunit_tex.avg.per_cycle_elapsed,lts__t_sectors_srcunit_tex.sum,lts__t_sectors_srcunit_tex.sum.pct_of_peak_sustained_elapsed,lts__t_sectors_srcunit_tex.sum.per_second,lts__t_sectors_srcunit_tex_aperture_device_lookup_miss.sum,lts__t_sectors_srcunit_tex_aperture_device_op_atom_dot_alu_lookup_miss.sum,lts__t_sectors_srcunit_tex_aperture_device_op_atom_dot_cas_lookup_miss.sum,lts__t_sectors_srcunit_tex_aperture_device_op_read_lookup_miss.sum,lts__t_sectors_srcunit_tex_aperture_device_op_red_lookup_miss.sum,lts__t_sectors_srcunit_tex_aperture_device_op_write_lookup_miss.sum,lts__t_sectors_srcunit_tex_aperture_peer_lookup_miss.sum,lts__t_sectors_srcunit_tex_aperture_peer_op_atom_dot_alu_lookup_miss.sum,lts__t_sectors_srcunit_tex_aperture_peer_op_atom_dot_cas_lookup_miss.sum,lts__t_sectors_srcunit_tex_aperture_peer_op_read_lookup_miss.sum,lts__t_sectors_srcunit_tex_aperture_peer_op_red_lookup_miss.sum,lts__t_sectors_srcunit_tex_aperture_peer_op_write_lookup_miss.sum,lts__t_sectors_srcunit_tex_aperture_sysmem_lookup_miss.sum,lts__t_sectors_srcunit_tex_aperture_sysmem_op_atom_dot_alu_lookup_miss.sum,lts__t_sectors_srcunit_tex_aperture_sysmem_op_atom_dot_cas_lookup_miss.sum,lts__t_sectors_srcunit_tex_aperture_sysmem_op_read_lookup_miss.sum,lts__t_sectors_srcunit_tex_aperture_sysmem_op_red_lookup_miss.sum,lts__t_sectors_srcunit_tex_aperture_sysmem_op_write_lookup_miss.sum,lts__t_sectors_srcunit_tex_lookup_hit.sum,lts__t_sectors_srcunit_tex_lookup_miss.sum,lts__t_sectors_srcunit_tex_op_atom_dot_alu.avg.pct_of_peak_sustained_elapsed,lts__t_sectors_srcunit_tex_op_atom_dot_alu.avg.peak_sustained,lts__t_sectors_srcunit_tex_op_atom_dot_alu.avg.per_cycle_elapsed,lts__t_sectors_srcunit_tex_op_atom_dot_alu.sum,lts__t_sectors_srcunit_tex_op_atom_dot_alu.sum.per_second,lts__t_sectors_srcunit_tex_op_atom_dot_alu_lookup_hit.sum,lts__t_sectors_srcunit_tex_op_atom_dot_alu_lookup_miss.sum,lts__t_sectors_srcunit_tex_op_atom_dot_cas.avg.pct_of_peak_sustained_elapsed,lts__t_sectors_srcunit_tex_op_atom_dot_cas.avg.peak_sustained,lts__t_sectors_srcunit_tex_op_atom_dot_cas.avg.per_cycle_elapsed,lts__t_sectors_srcunit_tex_op_atom_dot_cas.sum,lts__t_sectors_srcunit_tex_op_atom_dot_cas.sum.per_second,lts__t_sectors_srcunit_tex_op_atom_dot_cas_lookup_hit.sum,lts__t_sectors_srcunit_tex_op_atom_dot_cas_lookup_miss.sum,lts__t_sectors_srcunit_tex_op_read.avg.pct_of_peak_sustained_elapsed,lts__t_sectors_srcunit_tex_op_read.avg.peak_sustained,lts__t_sectors_srcunit_tex_op_read.avg.per_cycle_elapsed,lts__t_sectors_srcunit_tex_op_read.sum,lts__t_sectors_srcunit_tex_op_read.sum.per_second,lts__t_sectors_srcunit_tex_op_read_lookup_hit.sum,lts__t_sectors_srcunit_tex_op_read_lookup_miss.sum,lts__t_sectors_srcunit_tex_op_red.avg.pct_of_peak_sustained_elapsed,lts__t_sectors_srcunit_tex_op_red.avg.peak_sustained,lts__t_sectors_srcunit_tex_op_red.avg.per_cycle_elapsed,lts__t_sectors_srcunit_tex_op_red.sum,lts__t_sectors_srcunit_tex_op_red.sum.per_second,lts__t_sectors_srcunit_tex_op_red_lookup_hit.sum,lts__t_sectors_srcunit_tex_op_red_lookup_miss.sum,lts__t_sectors_srcunit_tex_op_write.avg.pct_of_peak_sustained_elapsed,lts__t_sectors_srcunit_tex_op_write.avg.peak_sustained,lts__t_sectors_srcunit_tex_op_write.avg.per_cycle_elapsed,lts__t_sectors_srcunit_tex_op_write.sum,lts__t_sectors_srcunit_tex_op_write.sum.per_second,lts__t_sectors_srcunit_tex_op_write_lookup_hit.sum,lts__t_sectors_srcunit_tex_op_write_lookup_miss.sum","lts__t_requests.sum,lts__t_requests_srcunit_gcc.sum,lts__t_requests_srcunit_tex.sum,lts__t_requests_srcunit_tex_op_atom_dot_alu.sum,lts__t_requests_srcunit_tex_op_atom_dot_cas.sum,lts__t_requests_srcunit_tex_op_read.sum,lts__t_requests_srcunit_tex_op_red.sum,lts__t_requests_srcunit_tex_op_write.sum,lts__t_sectors.avg.pct_of_peak_sustained_elapsed,lts__t_sectors.avg.peak_sustained,lts__t_sectors.avg.per_cycle_elapsed,lts__t_sectors.sum,lts__t_sectors.sum.per_second,lts__t_sectors_aperture_device_lookup_miss.sum,lts__t_sectors_aperture_peer_lookup_miss.sum,lts__t_sectors_aperture_sysmem_lookup_miss.sum,lts__t_sectors_data_ecc.avg.pct_of_peak_sustained_elapsed,lts__t_sectors_data_ecc.avg.peak_sustained,lts__t_sectors_data_ecc.avg.per_cycle_elapsed,lts__t_sectors_data_ecc.sum,lts__t_sectors_data_ecc.sum.per_second,lts__t_sectors_lookup_hit.sum,lts__t_sectors_lookup_miss.sum,lts__t_sectors_srcunit_gcc.avg.pct_of_peak_sustained_elapsed,lts__t_sectors_srcunit_gcc.avg.peak_sustained,lts__t_sectors_srcunit_gcc.avg.per_cycle_elapsed,lts__t_sectors_srcunit_gcc.sum,lts__t_sectors_srcunit_gcc.sum.per_second,lts__t_sectors_srcunit_gcc_aperture_device_lookup_miss.sum,lts__t_sectors_srcunit_gcc_aperture_peer_lookup_miss.sum,lts__t_sectors_srcunit_gcc_aperture_sysmem_lookup_miss.sum,lts__t_sectors_srcunit_gcc_lookup_hit.sum,lts__t_sectors_srcunit_gcc_lookup_miss.sum,lts__t_sectors_srcunit_tex.avg.pct_of_peak_sustained_elapsed,lts__t_sectors_srcunit_tex.avg.peak_sustained,lts__t_sectors_srcunit_tex.avg.per_cycle_elapsed,lts__t_sectors_srcunit_tex.sum,lts__t_sectors_srcunit_tex.sum.pct_of_peak_sustained_elapsed,lts__t_sectors_srcunit_tex.sum.per_second,lts__t_sectors_srcunit_tex_aperture_device_lookup_miss.sum,lts__t_sectors_srcunit_tex_aperture_device_op_atom_dot_alu_lookup_miss.sum,lts__t_sectors_srcunit_tex_aperture_device_op_atom_dot_cas_lookup_miss.sum,lts__t_sectors_srcunit_tex_aperture_device_op_read_lookup_miss.sum,lts__t_sectors_srcunit_tex_aperture_device_op_red_lookup_miss.sum,lts__t_sectors_srcunit_tex_aperture_device_op_write_lookup_miss.sum,lts__t_sectors_srcunit_tex_aperture_peer_lookup_miss.sum,lts__t_sectors_srcunit_tex_aperture_peer_op_atom_dot_alu_lookup_miss.sum,lts__t_sectors_srcunit_tex_aperture_peer_op_atom_dot_cas_lookup_miss.sum,lts__t_sectors_srcunit_tex_aperture_peer_op_read_lookup_miss.sum,lts__t_sectors_srcunit_tex_aperture_peer_op_red_lookup_miss.sum,lts__t_sectors_srcunit_tex_aperture_peer_op_write_lookup_miss.sum,lts__t_sectors_srcunit_tex_aperture_sysmem_lookup_miss.sum,lts__t_sectors_srcunit_tex_aperture_sysmem_op_atom_dot_alu_lookup_miss.sum,lts__t_sectors_srcunit_tex_aperture_sysmem_op_atom_dot_cas_lookup_miss.sum,lts__t_sectors_srcunit_tex_aperture_sysmem_op_read_lookup_miss.sum,lts__t_sectors_srcunit_tex_aperture_sysmem_op_red_lookup_miss.sum,lts__t_sectors_srcunit_tex_aperture_sysmem_op_write_lookup_miss.sum,lts__t_sectors_srcunit_tex_lookup_hit.sum,lts__t_sectors_srcunit_tex_lookup_miss.sum,lts__t_sectors_srcunit_tex_op_atom_dot_alu.avg.pct_of_peak_sustained_elapsed,lts__t_sectors_srcunit_tex_op_atom_dot_alu.avg.peak_sustained,lts__t_sectors_srcunit_tex_op_atom_dot_alu.avg.per_cycle_elapsed,lts__t_sectors_srcunit_tex_op_atom_dot_alu.sum,lts__t_sectors_srcunit_tex_op_atom_dot_alu.sum.per_second,lts__t_sectors_srcunit_tex_op_atom_dot_alu_lookup_hit.sum,lts__t_sectors_srcunit_tex_op_atom_dot_alu_lookup_miss.sum,lts__t_sectors_srcunit_tex_op_atom_dot_cas.avg.pct_of_peak_sustained_elapsed,lts__t_sectors_srcunit_tex_op_atom_dot_cas.avg.peak_sustained,lts__t_sectors_srcunit_tex_op_atom_dot_cas.avg.per_cycle_elapsed,lts__t_sectors_srcunit_tex_op_atom_dot_cas.sum,lts__t_sectors_srcunit_tex_op_atom_dot_cas.sum.per_second,lts__t_sectors_srcunit_tex_op_atom_dot_cas_lookup_hit.sum,lts__t_sectors_srcunit_tex_op_atom_dot_cas_lookup_miss.sum,lts__t_sectors_srcunit_tex_op_read.avg.pct_of_peak_sustained_elapsed,lts__t_sectors_srcunit_tex_op_read.avg.peak_sustained,lts__t_sectors_srcunit_tex_op_read.avg.per_cycle_elapsed,lts__t_sectors_srcunit_tex_op_read.sum,lts__t_sectors_srcunit_tex_op_read.sum.per_second,lts__t_sectors_srcunit_tex_op_read_lookup_hit.sum,lts__t_sectors_srcunit_tex_op_read_lookup_miss.sum,lts__t_sectors_srcunit_tex_op_red.avg.pct_of_peak_sustained_elapsed,lts__t_sectors_srcunit_tex_op_red.avg.peak_sustained,lts__t_sectors_srcunit_tex_op_red.avg.per_cycle_elapsed,lts__t_sectors_srcunit_tex_op_red.sum,lts__t_sectors_srcunit_tex_op_red.sum.per_second,lts__t_sectors_srcunit_tex_op_red_lookup_hit.sum,lts__t_sectors_srcunit_tex_op_red_lookup_miss.sum,lts__t_sectors_srcunit_tex_op_write.avg.pct_of_peak_sustained_elapsed,lts__t_sectors_srcunit_tex_op_write.avg.peak_sustained,lts__t_sectors_srcunit_tex_op_write.avg.per_cycle_elapsed,lts__t_sectors_srcunit_tex_op_write.sum,lts__t_sectors_srcunit_tex_op_write.sum.per_second,lts__t_sectors_srcunit_tex_op_write_lookup_hit.sum,lts__t_sectors_srcunit_tex_op_write_lookup_miss.sum","lts__t_requests.sum,lts__t_requests_srcunit_gcc.sum,lts__t_requests_srcunit_tex.sum,lts__t_requests_srcunit_tex_op_atom_dot_alu.sum,lts__t_requests_srcunit_tex_op_atom_dot_cas.sum,lts__t_requests_srcunit_tex_op_read.sum,lts__t_requests_srcunit_tex_op_red.sum,lts__t_requests_srcunit_tex_op_write.sum,lts__t_sectors.avg.pct_of_peak_sustained_elapsed,lts__t_sectors.avg.peak_sustained,lts__t_sectors.avg.per_cycle_elapsed,lts__t_sectors.sum,lts__t_sectors.sum.per_second,lts__t_sectors_aperture_device_lookup_miss.sum,lts__t_sectors_aperture_peer_lookup_miss.sum,lts__t_sectors_aperture_sysmem_lookup_miss.sum,lts__t_sectors_data_ecc.avg.pct_of_peak_sustained_elapsed,lts__t_sectors_data_ecc.avg.peak_sustained,lts__t_sectors_data_ecc.avg.per_cycle_elapsed,lts__t_sectors_data_ecc.sum,lts__t_sectors_data_ecc.sum.per_second,lts__t_sectors_lookup_hit.sum,lts__t_sectors_lookup_miss.sum,lts__t_sectors_srcunit_gcc.avg.pct_of_peak_sustained_elapsed,lts__t_sectors_srcunit_gcc.avg.peak_sustained,lts__t_sectors_srcunit_gcc.avg.per_cycle_elapsed,lts__t_sectors_srcunit_gcc.sum,lts__t_sectors_srcunit_gcc.sum.per_second,lts__t_sectors_srcunit_gcc_aperture_device_lookup_miss.sum,lts__t_sectors_srcunit_gcc_aperture_peer_lookup_miss.sum,lts__t_sectors_srcunit_gcc_aperture_sysmem_lookup_miss.sum,lts__t_sectors_srcunit_gcc_lookup_hit.sum,lts__t_sectors_srcunit_gcc_lookup_miss.sum,lts__t_sectors_srcunit_tex.avg.pct_of_peak_sustained_elapsed,lts__t_sectors_srcunit_tex.avg.peak_sustained,lts__t_sectors_srcunit_tex.avg.per_cycle_elapsed,lts__t_sectors_srcunit_tex.sum,lts__t_sectors_srcunit_tex.sum.pct_of_peak_sustained_elapsed,lts__t_sectors_srcunit_tex.sum.per_second,lts__t_sectors_srcunit_tex_aperture_device_lookup_miss.sum,lts__t_sectors_srcunit_tex_aperture_device_op_atom_dot_alu_lookup_miss.sum,lts__t_sectors_srcunit_tex_aperture_device_op_atom_dot_cas_lookup_miss.sum,lts__t_sectors_srcunit_tex_aperture_device_op_read_lookup_miss.sum,lts__t_sectors_srcunit_tex_aperture_device_op_red_lookup_miss.sum,lts__t_sectors_srcunit_tex_aperture_device_op_write_lookup_miss.sum,lts__t_sectors_srcunit_tex_aperture_peer_lookup_miss.sum,lts__t_sectors_srcunit_tex_aperture_peer_op_atom_dot_alu_lookup_miss.sum,lts__t_sectors_srcunit_tex_aperture_peer_op_atom_dot_cas_lookup_miss.sum,lts__t_sectors_srcunit_tex_aperture_peer_op_read_lookup_miss.sum,lts__t_sectors_srcunit_tex_aperture_peer_op_red_lookup_miss.sum,lts__t_sectors_srcunit_tex_aperture_peer_op_write_lookup_miss.sum,lts__t_sectors_srcunit_tex_aperture_sysmem_lookup_miss.sum,lts__t_sectors_srcunit_tex_aperture_sysmem_op_atom_dot_alu_lookup_miss.sum,lts__t_sectors_srcunit_tex_aperture_sysmem_op_atom_dot_cas_lookup_miss.sum,lts__t_sectors_srcunit_tex_aperture_sysmem_op_read_lookup_miss.sum,lts__t_sectors_srcunit_tex_aperture_sysmem_op_red_lookup_miss.sum,lts__t_sectors_srcunit_tex_aperture_sysmem_op_write_lookup_miss.sum,lts__t_sectors_srcunit_tex_lookup_hit.sum,lts__t_sectors_srcunit_tex_lookup_miss.sum,lts__t_sectors_srcunit_tex_op_atom_dot_alu.avg.pct_of_peak_sustained_elapsed,lts__t_sectors_srcunit_tex_op_atom_dot_alu.avg.peak_sustained,lts__t_sectors_srcunit_tex_op_atom_dot_alu.avg.per_cycle_elapsed,lts__t_sectors_srcunit_tex_op_atom_dot_alu.sum,lts__t_sectors_srcunit_tex_op_atom_dot_alu.sum.per_second,lts__t_sectors_srcunit_tex_op_atom_dot_alu_lookup_hit.sum,lts__t_sectors_srcunit_tex_op_atom_dot_alu_lookup_miss.sum,lts__t_sectors_srcunit_tex_op_atom_dot_cas.avg.pct_of_peak_sustained_elapsed,lts__t_sectors_srcunit_tex_op_atom_dot_cas.avg.peak_sustained,lts__t_sectors_srcunit_tex_op_atom_dot_cas.avg.per_cycle_elapsed,lts__t_sectors_srcunit_tex_op_atom_dot_cas.sum,lts__t_sectors_srcunit_tex_op_atom_dot_cas.sum.per_second,lts__t_sectors_srcunit_tex_op_atom_dot_cas_lookup_hit.sum,lts__t_sectors_srcunit_tex_op_atom_dot_cas_lookup_miss.sum,lts__t_sectors_srcunit_tex_op_read.avg.pct_of_peak_sustained_elapsed,lts__t_sectors_srcunit_tex_op_read.avg.peak_sustained,lts__t_sectors_srcunit_tex_op_read.avg.per_cycle_elapsed,lts__t_sectors_srcunit_tex_op_read.sum,lts__t_sectors_srcunit_tex_op_read.sum.per_second,lts__t_sectors_srcunit_tex_op_read_lookup_hit.sum,lts__t_sectors_srcunit_tex_op_read_lookup_miss.sum,lts__t_sectors_srcunit_tex_op_red.avg.pct_of_peak_sustained_elapsed,lts__t_sectors_srcunit_tex_op_red.avg.peak_sustained,lts__t_sectors_srcunit_tex_op_red.avg.per_cycle_elapsed,lts__t_sectors_srcunit_tex_op_red.sum,lts__t_sectors_srcunit_tex_op_red.sum.per_second,lts__t_sectors_srcunit_tex_op_red_lookup_hit.sum,lts__t_sectors_srcunit_tex_op_red_lookup_miss.sum,lts__t_sectors_srcunit_tex_op_write.avg.pct_of_peak_sustained_elapsed,lts__t_sectors_srcunit_tex_op_write.avg.peak_sustained,lts__t_sectors_srcunit_tex_op_write.avg.per_cycle_elapsed,lts__t_sectors_srcunit_tex_op_write.sum,lts__t_sectors_srcunit_tex_op_write.sum.per_second,lts__t_sectors_srcunit_tex_op_write_lookup_hit.sum,lts__t_sectors_srcunit_tex_op_write_lookup_miss.sum"
group:memory__shared_table,"l1tex__data_bank_conflicts_pipe_lsu_mem_shared.sum,l1tex__data_bank_conflicts_pipe_lsu_mem_shared_op_atom.sum,l1tex__data_bank_conflicts_pipe_lsu_mem_shared_op_ld.sum,l1tex__data_bank_conflicts_pipe_lsu_mem_shared_op_st.sum,l1tex__data_pipe_lsu_wavefronts_mem_shared.sum,l1tex__data_pipe_lsu_wavefronts_mem_shared.sum.pct_of_peak_sustained_elapsed,l1tex__data_pipe_lsu_wavefronts_mem_shared_op_atom.sum,l1tex__data_pipe_lsu_wavefronts_mem_shared_op_atom.sum.pct_of_peak_sustained_elapsed,l1tex__data_pipe_lsu_wavefronts_mem_shared_op_ld.sum,l1tex__data_pipe_lsu_wavefronts_mem_shared_op_ld.sum.pct_of_peak_sustained_elapsed,l1tex__data_pipe_lsu_wavefronts_mem_shared_op_st.sum,l1tex__data_pipe_lsu_wavefronts_mem_shared_op_st.sum.pct_of_peak_sustained_elapsed,smsp__inst_executed_op_ldgsts.sum,smsp__inst_executed_op_ldsm.sum,smsp__inst_executed_op_shared_atom.sum,smsp__sass_inst_executed_op_shared_ld.sum,smsp__sass_inst_executed_op_shared_st.sum,smsp__sass_l1tex_data_bank_conflicts_pipe_lsu_mem_shared_op_ldgsts.sum,smsp__sass_l1tex_data_bank_conflicts_pipe_lsu_mem_shared_op_st.sum,smsp__sass_l1tex_data_pipe_lsu_wavefronts_mem_shared_op_ldgsts.sum,smsp__sass_l1tex_data_pipe_lsu_wavefronts_mem_shared_op_ldgsts.sum.pct_of_peak_sustained_elapsed,smsp__sass_l1tex_data_pipe_lsu_wavefronts_mem_shared_op_st.sum,smsp__sass_l1tex_data_pipe_lsu_wavefronts_mem_shared_op_st.sum.pct_of_peak_sustained_elapsed","l1tex__data_bank_conflicts_pipe_lsu_mem_shared.sum,l1tex__data_bank_conflicts_pipe_lsu_mem_shared_op_atom.sum,l1tex__data_bank_conflicts_pipe_lsu_mem_shared_op_ld.sum,l1tex__data_bank_conflicts_pipe_lsu_mem_shared_op_st.sum,l1tex__data_pipe_lsu_wavefronts_mem_shared.sum,l1tex__data_pipe_lsu_wavefronts_mem_shared.sum.pct_of_peak_sustained_elapsed,l1tex__data_pipe_lsu_wavefronts_mem_shared_op_atom.sum,l1tex__data_pipe_lsu_wavefronts_mem_shared_op_atom.sum.pct_of_peak_sustained_elapsed,l1tex__data_pipe_lsu_wavefronts_mem_shared_op_ld.sum,l1tex__data_pipe_lsu_wavefronts_mem_shared_op_ld.sum.pct_of_peak_sustained_elapsed,l1tex__data_pipe_lsu_wavefronts_mem_shared_op_st.sum,l1tex__data_pipe_lsu_wavefronts_mem_shared_op_st.sum.pct_of_peak_sustained_elapsed,smsp__inst_executed_op_ldgsts.sum,smsp__inst_executed_op_ldsm.sum,smsp__inst_executed_op_shared_atom.sum,smsp__sass_inst_executed_op_shared_ld.sum,smsp__sass_inst_executed_op_shared_st.sum,smsp__sass_l1tex_data_bank_conflicts_pipe_lsu_mem_shared_op_ldgsts.sum,smsp__sass_l1tex_data_bank_conflicts_pipe_lsu_mem_shared_op_st.sum,smsp__sass_l1tex_data_pipe_lsu_wavefronts_mem_shared_op_ldgsts.sum,smsp__sass_l1tex_data_pipe_lsu_wavefronts_mem_shared_op_ldgsts.sum.pct_of_peak_sustained_elapsed,smsp__sass_l1tex_data_pipe_lsu_wavefronts_mem_shared_op_st.sum,smsp__sass_l1tex_data_pipe_lsu_wavefronts_mem_shared_op_st.sum.pct_of_peak_sustained_elapsed","l1tex__data_bank_conflicts_pipe_lsu_mem_shared.sum,l1tex__data_bank_conflicts_pipe_lsu_mem_shared_op_atom.sum,l1tex__data_bank_conflicts_pipe_lsu_mem_shared_op_ld.sum,l1tex__data_bank_conflicts_pipe_lsu_mem_shared_op_st.sum,l1tex__data_pipe_lsu_wavefronts_mem_shared.sum,l1tex__data_pipe_lsu_wavefronts_mem_shared.sum.pct_of_peak_sustained_elapsed,l1tex__data_pipe_lsu_wavefronts_mem_shared_op_atom.sum,l1tex__data_pipe_lsu_wavefronts_mem_shared_op_atom.sum.pct_of_peak_sustained_elapsed,l1tex__data_pipe_lsu_wavefronts_mem_shared_op_ld.sum,l1tex__data_pipe_lsu_wavefronts_mem_shared_op_ld.sum.pct_of_peak_sustained_elapsed,l1tex__data_pipe_lsu_wavefronts_mem_shared_op_st.sum,l1tex__data_pipe_lsu_wavefronts_mem_shared_op_st.sum.pct_of_peak_sustained_elapsed,smsp__inst_executed_op_ldgsts.sum,smsp__inst_executed_op_ldsm.sum,smsp__inst_executed_op_shared_atom.sum,smsp__sass_inst_executed_op_shared_ld.sum,smsp__sass_inst_executed_op_shared_st.sum,smsp__sass_l1tex_data_bank_conflicts_pipe_lsu_mem_shared_op_ldgsts.sum,smsp__sass_l1tex_data_bank_conflicts_pipe_lsu_mem_shared_op_st.sum,smsp__sass_l1tex_data_pipe_lsu_wavefronts_mem_shared_op_ldgsts.sum,smsp__sass_l1tex_data_pipe_lsu_wavefronts_mem_shared_op_ldgsts.sum.pct_of_peak_sustained_elapsed,smsp__sass_l1tex_data_pipe_lsu_wavefronts_mem_shared_op_st.sum,smsp__sass_l1tex_data_pipe_lsu_wavefronts_mem_shared_op_st.sum.pct_of_peak_sustained_elapsed","l1tex__data_bank_conflicts_pipe_lsu_mem_shared.sum,l1tex__data_bank_conflicts_pipe_lsu_mem_shared_op_atom.sum,l1tex__data_bank_conflicts_pipe_lsu_mem_shared_op_ld.sum,l1tex__data_bank_conflicts_pipe_lsu_mem_shared_op_st.sum,l1tex__data_pipe_lsu_wavefronts_mem_shared.sum,l1tex__data_pipe_lsu_wavefronts_mem_shared.sum.pct_of_peak_sustained_elapsed,l1tex__data_pipe_lsu_wavefronts_mem_shared_op_atom.sum,l1tex__data_pipe_lsu_wavefronts_mem_shared_op_atom.sum.pct_of_peak_sustained_elapsed,l1tex__data_pipe_lsu_wavefronts_mem_shared_op_ld.sum,l1tex__data_pipe_lsu_wavefronts_mem_shared_op_ld.sum.pct_of_peak_sustained_elapsed,l1tex__data_pipe_lsu_wavefronts_mem_shared_op_st.sum,l1tex__data_pipe_lsu_wavefronts_mem_shared_op_st.sum.pct_of_peak_sustained_elapsed,smsp__inst_executed_op_ldgsts.sum,smsp__inst_executed_op_ldsm.sum,smsp__inst_executed_op_shared_atom.sum,smsp__sass_inst_executed_op_shared_ld.sum,smsp__sass_inst_executed_op_shared_st.sum,smsp__sass_l1tex_data_bank_conflicts_pipe_lsu_mem_shared_op_ldgsts.sum,smsp__sass_l1tex_data_bank_conflicts_pipe_lsu_mem_shared_op_st.sum,smsp__sass_l1tex_data_pipe_lsu_wavefronts_mem_shared_op_ldgsts.sum,smsp__sass_l1tex_data_pipe_lsu_wavefronts_mem_shared_op_ldgsts.sum.pct_of_peak_sustained_elapsed,smsp__sass_l1tex_data_pipe_lsu_wavefronts_mem_shared_op_st.sum,smsp__sass_l1tex_data_pipe_lsu_wavefronts_mem_shared_op_st.sum.pct_of_peak_sustained_elapsed"
group:smsp__pcsamp_warp_stall_reasons,"smsp__pcsamp_warps_issue_stalled_barrier,smsp__pcsamp_warps_issue_stalled_branch_resolving,smsp__pcsamp_warps_issue_stalled_dispatch_stall,smsp__pcsamp_warps_issue_stalled_drain,smsp__pcsamp_warps_issue_stalled_imc_miss,smsp__pcsamp_warps_issue_stalled_lg_throttle,smsp__pcsamp_warps_issue_stalled_long_scoreboard,smsp__pcsamp_warps_issue_stalled_math_pipe_throttle,smsp__pcsamp_warps_issue_stalled_membar,smsp__pcsamp_warps_issue_stalled_mio_throttle,smsp__pcsamp_warps_issue_stalled_misc,smsp__pcsamp_warps_issue_stalled_no_instructions,smsp__pcsamp_warps_issue_stalled_not_selected,smsp__pcsamp_warps_issue_stalled_selected,smsp__pcsamp_warps_issue_stalled_short_scoreboard,smsp__pcsamp_warps_issue_stalled_sleeping,smsp__pcsamp_warps_issue_stalled_tex_throttle,smsp__pcsamp_warps_issue_stalled_wait","smsp__pcsamp_warps_issue_stalled_barrier,smsp__pcsamp_warps_issue_stalled_branch_resolving,smsp__pcsamp_warps_issue_stalled_dispatch_stall,smsp__pcsamp_warps_issue_stalled_drain,smsp__pcsamp_warps_issue_stalled_imc_miss,smsp__pcsamp_warps_issue_stalled_lg_throttle,smsp__pcsamp_warps_issue_stalled_long_scoreboard,smsp__pcsamp_warps_issue_stalled_math_pipe_throttle,smsp__pcsamp_warps_issue_stalled_membar,smsp__pcsamp_warps_issue_stalled_mio_throttle,smsp__pcsamp_warps_issue_stalled_misc,smsp__pcsamp_warps_issue_stalled_no_instructions,smsp__pcsamp_warps_issue_stalled_not_selected,smsp__pcsamp_warps_issue_stalled_selected,smsp__pcsamp_warps_issue_stalled_short_scoreboard,smsp__pcsamp_warps_issue_stalled_sleeping,smsp__pcsamp_warps_issue_stalled_tex_throttle,smsp__pcsamp_warps_issue_stalled_wait","smsp__pcsamp_warps_issue_stalled_barrier,smsp__pcsamp_warps_issue_stalled_branch_resolving,smsp__pcsamp_warps_issue_stalled_dispatch_stall,smsp__pcsamp_warps_issue_stalled_drain,smsp__pcsamp_warps_issue_stalled_imc_miss,smsp__pcsamp_warps_issue_stalled_lg_throttle,smsp__pcsamp_warps_issue_stalled_long_scoreboard,smsp__pcsamp_warps_issue_stalled_math_pipe_throttle,smsp__pcsamp_warps_issue_stalled_membar,smsp__pcsamp_warps_issue_stalled_mio_throttle,smsp__pcsamp_warps_issue_stalled_misc,smsp__pcsamp_warps_issue_stalled_no_instructions,smsp__pcsamp_warps_issue_stalled_not_selected,smsp__pcsamp_warps_issue_stalled_selected,smsp__pcsamp_warps_issue_stalled_short_scoreboard,smsp__pcsamp_warps_issue_stalled_sleeping,smsp__pcsamp_warps_issue_stalled_tex_throttle,smsp__pcsamp_warps_issue_stalled_wait","smsp__pcsamp_warps_issue_stalled_barrier,smsp__pcsamp_warps_issue_stalled_branch_resolving,smsp__pcsamp_warps_issue_stalled_dispatch_stall,smsp__pcsamp_warps_issue_stalled_drain,smsp__pcsamp_warps_issue_stalled_imc_miss,smsp__pcsamp_warps_issue_stalled_lg_throttle,smsp__pcsamp_warps_issue_stalled_long_scoreboard,smsp__pcsamp_warps_issue_stalled_math_pipe_throttle,smsp__pcsamp_warps_issue_stalled_membar,smsp__pcsamp_warps_issue_stalled_mio_throttle,smsp__pcsamp_warps_issue_stalled_misc,smsp__pcsamp_warps_issue_stalled_no_instructions,smsp__pcsamp_warps_issue_stalled_not_selected,smsp__pcsamp_warps_issue_stalled_selected,smsp__pcsamp_warps_issue_stalled_short_scoreboard,smsp__pcsamp_warps_issue_stalled_sleeping,smsp__pcsamp_warps_issue_stalled_tex_throttle,smsp__pcsamp_warps_issue_stalled_wait"
group:smsp__pcsamp_warp_stall_reasons_not_issued,"smsp__pcsamp_warps_issue_stalled_barrier_not_issued,smsp__pcsamp_warps_issue_stalled_branch_resolving_not_issued,smsp__pcsamp_warps_issue_stalled_dispatch_stall_not_issued,smsp__pcsamp_warps_issue_stalled_drain_not_issued,smsp__pcsamp_warps_issue_stalled_imc_miss_not_issued,smsp__pcsamp_warps_issue_stalled_lg_throttle_not_issued,smsp__pcsamp_warps_issue_stalled_long_scoreboard_not_issued,smsp__pcsamp_warps_issue_stalled_math_pipe_throttle_not_issued,smsp__pcsamp_warps_issue_stalled_membar_not_issued,smsp__pcsamp_warps_issue_stalled_mio_throttle_not_issued,smsp__pcsamp_warps_issue_stalled_misc_not_issued,smsp__pcsamp_warps_issue_stalled_no_instructions_not_issued,smsp__pcsamp_warps_issue_stalled_not_selected_not_issued,smsp__pcsamp_warps_issue_stalled_selected_not_issued,smsp__pcsamp_warps_issue_stalled_short_scoreboard_not_issued,smsp__pcsamp_warps_issue_stalled_sleeping_not_issued,smsp__pcsamp_warps_issue_stalled_tex_throttle_not_issued,smsp__pcsamp_warps_issue_stalled_wait_not_issued","smsp__pcsamp_warps_issue_stalled_barrier_not_issued,smsp__pcsamp_warps_issue_stalled_branch_resolving_not_issued,smsp__pcsamp_warps_issue_stalled_dispatch_stall_not_issued,smsp__pcsamp_warps_issue_stalled_drain_not_issued,smsp__pcsamp_warps_issue_stalled_imc_miss_not_issued,smsp__pcsamp_warps_issue_stalled_lg_throttle_not_issued,smsp__pcsamp_warps_issue_stalled_long_scoreboard_not_issued,smsp__pcsamp_warps_issue_stalled_math_pipe_throttle_not_issued,smsp__pcsamp_warps_issue_stalled_membar_not_issued,smsp__pcsamp_warps_issue_stalled_mio_throttle_not_issued,smsp__pcsamp_warps_issue_stalled_misc_not_issued,smsp__pcsamp_warps_issue_stalled_no_instructions_not_issued,smsp__pcsamp_warps_issue_stalled_not_selected_not_issued,smsp__pcsamp_warps_issue_stalled_selected_not_issued,smsp__pcsamp_warps_issue_stalled_short_scoreboard_not_issued,smsp__pcsamp_warps_issue_stalled_sleeping_not_issued,smsp__pcsamp_warps_issue_stalled_tex_throttle_not_issued,smsp__pcsamp_warps_issue_stalled_wait_not_issued","smsp__pcsamp_warps_issue_stalled_barrier_not_issued,smsp__pcsamp_warps_issue_stalled_branch_resolving_not_issued,smsp__pcsamp_warps_issue_stalled_dispatch_stall_not_issued,smsp__pcsamp_warps_issue_stalled_drain_not_issued,smsp__pcsamp_warps_issue_stalled_imc_miss_not_issued,smsp__pcsamp_warps_issue_stalled_lg_throttle_not_issued,smsp__pcsamp_warps_issue_stalled_long_scoreboard_not_issued,smsp__pcsamp_warps_issue_stalled_math_pipe_throttle_not_issued,smsp__pcsamp_warps_issue_stalled_membar_not_issued,smsp__pcsamp_warps_issue_stalled_mio_throttle_not_issued,smsp__pcsamp_warps_issue_stalled_misc_not_issued,smsp__pcsamp_warps_issue_stalled_no_instructions_not_issued,smsp__pcsamp_warps_issue_stalled_not_selected_not_issued,smsp__pcsamp_warps_issue_stalled_selected_not_issued,smsp__pcsamp_warps_issue_stalled_short_scoreboard_not_issued,smsp__pcsamp_warps_issue_stalled_sleeping_not_issued,smsp__pcsamp_warps_issue_stalled_tex_throttle_not_issued,smsp__pcsamp_warps_issue_stalled_wait_not_issued","smsp__pcsamp_warps_issue_stalled_barrier_not_issued,smsp__pcsamp_warps_issue_stalled_branch_resolving_not_issued,smsp__pcsamp_warps_issue_stalled_dispatch_stall_not_issued,smsp__pcsamp_warps_issue_stalled_drain_not_issued,smsp__pcsamp_warps_issue_stalled_imc_miss_not_issued,smsp__pcsamp_warps_issue_stalled_lg_throttle_not_issued,smsp__pcsamp_warps_issue_stalled_long_scoreboard_not_issued,smsp__pcsamp_warps_issue_stalled_math_pipe_throttle_not_issued,smsp__pcsamp_warps_issue_stalled_membar_not_issued,smsp__pcsamp_warps_issue_stalled_mio_throttle_not_issued,smsp__pcsamp_warps_issue_stalled_misc_not_issued,smsp__pcsamp_warps_issue_stalled_no_instructions_not_issued,smsp__pcsamp_warps_issue_stalled_not_selected_not_issued,smsp__pcsamp_warps_issue_stalled_selected_not_issued,smsp__pcsamp_warps_issue_stalled_short_scoreboard_not_issued,smsp__pcsamp_warps_issue_stalled_sleeping_not_issued,smsp__pcsamp_warps_issue_stalled_tex_throttle_not_issued,smsp__pcsamp_warps_issue_stalled_wait_not_issued"
group:smsp__pmwarpsamp_warp_stall_reasons,"warpsampling:smsp__pcsamp_warps_issue_stalled_barrier,warpsampling:smsp__pcsamp_warps_issue_stalled_branch_resolving,warpsampling:smsp__pcsamp_warps_issue_stalled_dispatch_stall,warpsampling:smsp__pcsamp_warps_issue_stalled_drain,warpsampling:smsp__pcsamp_warps_issue_stalled_imc_miss,warpsampling:smsp__pcsamp_warps_issue_stalled_lg_throttle,warpsampling:smsp__pcsamp_warps_issue_stalled_long_scoreboard,warpsampling:smsp__pcsamp_warps_issue_stalled_math_pipe_throttle,warpsampling:smsp__pcsamp_warps_issue_stalled_membar,warpsampling:smsp__pcsamp_warps_issue_stalled_mio_throttle,warpsampling:smsp__pcsamp_warps_issue_stalled_misc,warpsampling:smsp__pcsamp_warps_issue_stalled_no_instructions,warpsampling:smsp__pcsamp_warps_issue_stalled_not_selected,warpsampling:smsp__pcsamp_warps_issue_stalled_selected,warpsampling:smsp__pcsamp_warps_issue_stalled_short_scoreboard,warpsampling:smsp__pcsamp_warps_issue_stalled_sleeping,warpsampling:smsp__pcsamp_warps_issue_stalled_tex_throttle,warpsampling:smsp__pcsamp_warps_issue_stalled_wait","warpsampling:smsp__pcsamp_warps_issue_stalled_barrier,warpsampling:smsp__pcsamp_warps_issue_stalled_branch_resolving,warpsampling:smsp__pcsamp_warps_issue_stalled_dispatch_stall,warpsampling:smsp__pcsamp_warps_issue_stalled_drain,warpsampling:smsp__pcsamp_warps_issue_stalled_imc_miss,warpsampling:smsp__pcsamp_warps_issue_stalled_lg_throttle,warpsampling:smsp__pcsamp_warps_issue_stalled_long_scoreboard,warpsampling:smsp__pcsamp_warps_issue_stalled_math_pipe_throttle,warpsampling:smsp__pcsamp_warps_issue_stalled_membar,warpsampling:smsp__pcsamp_warps_issue_stalled_mio_throttle,warpsampling:smsp__pcsamp_warps_issue_stalled_misc,warpsampling:smsp__pcsamp_warps_issue_stalled_no_instructions,warpsampling:smsp__pcsamp_warps_issue_stalled_not_selected,warpsampling:smsp__pcsamp_warps_issue_stalled_selected,warpsampling:smsp__pcsamp_warps_issue_stalled_short_scoreboard,warpsampling:smsp__pcsamp_warps_issue_stalled_sleeping,warpsampling:smsp__pcsamp_warps_issue_stalled_tex_throttle,warpsampling:smsp__pcsamp_warps_issue_stalled_wait","warpsampling:smsp__pcsamp_warps_issue_stalled_barrier,warpsampling:smsp__pcsamp_warps_issue_stalled_branch_resolving,warpsampling:smsp__pcsamp_warps_issue_stalled_dispatch_stall,warpsampling:smsp__pcsamp_warps_issue_stalled_drain,warpsampling:smsp__pcsamp_warps_issue_stalled_imc_miss,warpsampling:smsp__pcsamp_warps_issue_stalled_lg_throttle,warpsampling:smsp__pcsamp_warps_issue_stalled_long_scoreboard,warpsampling:smsp__pcsamp_warps_issue_stalled_math_pipe_throttle,warpsampling:smsp__pcsamp_warps_issue_stalled_membar,warpsampling:smsp__pcsamp_warps_issue_stalled_mio_throttle,warpsampling:smsp__pcsamp_warps_issue_stalled_misc,warpsampling:smsp__pcsamp_warps_issue_stalled_no_instructions,warpsampling:smsp__pcsamp_warps_issue_stalled_not_selected,warpsampling:smsp__pcsamp_warps_issue_stalled_selected,warpsampling:smsp__pcsamp_warps_issue_stalled_short_scoreboard,warpsampling:smsp__pcsamp_warps_issue_stalled_sleeping,warpsampling:smsp__pcsamp_warps_issue_stalled_tex_throttle,warpsampling:smsp__pcsamp_warps_issue_stalled_wait","warpsampling:smsp__pcsamp_warps_issue_stalled_barrier,warpsampling:smsp__pcsamp_warps_issue_stalled_branch_resolving,warpsampling:smsp__pcsamp_warps_issue_stalled_dispatch_stall,warpsampling:smsp__pcsamp_warps_issue_stalled_drain,warpsampling:smsp__pcsamp_warps_issue_stalled_imc_miss,warpsampling:smsp__pcsamp_warps_issue_stalled_lg_throttle,warpsampling:smsp__pcsamp_warps_issue_stalled_long_scoreboard,warpsampling:smsp__pcsamp_warps_issue_stalled_math_pipe_throttle,warpsampling:smsp__pcsamp_warps_issue_stalled_membar,warpsampling:smsp__pcsamp_warps_issue_stalled_mio_throttle,warpsampling:smsp__pcsamp_warps_issue_stalled_misc,warpsampling:smsp__pcsamp_warps_issue_stalled_no_instructions,warpsampling:smsp__pcsamp_warps_issue_stalled_not_selected,warpsampling:smsp__pcsamp_warps_issue_stalled_selected,warpsampling:smsp__pcsamp_warps_issue_stalled_short_scoreboard,warpsampling:smsp__pcsamp_warps_issue_stalled_sleeping,warpsampling:smsp__pcsamp_warps_issue_stalled_tex_throttle,warpsampling:smsp__pcsamp_warps_issue_stalled_wait"
idc__request_cycles_active.avg.pct_of_peak_sustained_elapsed [%],0,0,0,0
idc__request_cycles_active.max.pct_of_peak_sustained_elapsed [%],0,0,0,0
idc__request_cycles_active.min.pct_of_peak_sustained_elapsed [%],0,0,0,0
idc__request_cycles_active.sum.pct_of_peak_sustained_elapsed [%],0,0,0,0
idc__request_hit_rate.pct [%],0,0,0,0
idc__requests.sum,0,0,0,0
idc__requests.sum.pct_of_peak_sustained_elapsed [%],0,0,0,0
inst_executed [inst],"99,840 {15}","99,840 {15}","99,840 {15}","7,99,760 {965}"
l1tex__cycles_active.avg [cycle],"12,455.75","12,456.90","12,525.60","44,579.30"
l1tex__cycles_active.max [cycle],"12,824","12,791","12,882","46,566"
l1tex__cycles_active.min [cycle],"12,070","12,147","11,654","43,029"
l1tex__cycles_active.sum [cycle],"2,49,115","2,49,138","2,50,512","8,91,586"
l1tex__cycles_elapsed.avg [cycle],"14,760.20","14,799.50","14,863.40","48,566.90"
l1tex__cycles_elapsed.avg.per_second [Ghz],2.12,2.10,2.11,2.12
l1tex__cycles_elapsed.max [cycle],"14,774","14,819","14,882","48,614"
l1tex__cycles_elapsed.max.per_second [Ghz],2.12,2.10,2.11,2.12
l1tex__cycles_elapsed.min [cycle],"14,750","14,780","14,847","48,527"
l1tex__cycles_elapsed.min.per_second [Ghz],2.11,2.10,2.11,2.12
l1tex__cycles_elapsed.sum [cycle],"2,95,204","2,95,990","2,97,268","9,71,338"
l1tex__cycles_elapsed.sum.per_second [Ghz],42.32,42.04,42.23,42.39
l1tex__data_bank_conflicts_pipe_lsu_mem_shared.sum,0,0,0,"4,82,118"
l1tex__data_bank_conflicts_pipe_lsu_mem_shared_op_atom.sum,0,0,0,0
l1tex__data_bank_conflicts_pipe_lsu_mem_shared_op_ld.sum,0,0,0,"2,52,959"
l1tex__data_bank_conflicts_pipe_lsu_mem_shared_op_st.sum,0,0,0,"2,29,022"
l1tex__data_bank_reads.avg.pct_of_peak_sustained_elapsed [%],1.84,1.83,1.83,2.85
l1tex__data_bank_reads.max.pct_of_peak_sustained_elapsed [%],1.95,1.90,1.95,3.02
l1tex__data_bank_reads.min.pct_of_peak_sustained_elapsed [%],1.67,1.73,1.73,2.74
l1tex__data_bank_reads.sum.pct_of_peak_sustained_elapsed [%],1.84,1.83,1.83,2.85
l1tex__data_bank_writes.avg.pct_of_peak_sustained_elapsed [%],1.69,1.69,1.68,2.34
l1tex__data_bank_writes.max.pct_of_peak_sustained_elapsed [%],1.79,1.74,1.78,2.48
l1tex__data_bank_writes.min.pct_of_peak_sustained_elapsed [%],1.54,1.62,1.61,2.24
l1tex__data_bank_writes.sum.pct_of_peak_sustained_elapsed [%],1.69,1.69,1.68,2.34
l1tex__data_pipe_lsu_wavefronts.avg.pct_of_peak_sustained_elapsed [%],7.32,7.26,7.32,67.90
l1tex__data_pipe_lsu_wavefronts.max.pct_of_peak_sustained_elapsed [%],7.74,7.62,7.90,71.92
l1tex__data_pipe_lsu_wavefronts.min.pct_of_peak_sustained_elapsed [%],6.63,6.82,6.80,65.23
l1tex__data_pipe_lsu_wavefronts.sum.pct_of_peak_sustained_elapsed [%],7.32,7.26,7.32,67.90
l1tex__data_pipe_lsu_wavefronts_mem_shared.sum,"6,656","6,656","6,656","5,87,156"
l1tex__data_pipe_lsu_wavefronts_mem_shared.sum.pct_of_peak_sustained_elapsed [%],2.25,2.25,2.24,60.45
l1tex__data_pipe_lsu_wavefronts_mem_shared_op_atom.sum,0,0,0,0
l1tex__data_pipe_lsu_wavefronts_mem_shared_op_atom.sum.pct_of_peak_sustained_elapsed [%],0,0,0,0
l1tex__data_pipe_lsu_wavefronts_mem_shared_op_ld.sum,0,0,0,"3,02,812"
l1tex__data_pipe_lsu_wavefronts_mem_shared_op_ld.sum.pct_of_peak_sustained_elapsed [%],0,0,0,31.17
l1tex__data_pipe_lsu_wavefronts_mem_shared_op_st.sum,0,0,0,"2,73,950"
l1tex__data_pipe_lsu_wavefronts_mem_shared_op_st.sum.pct_of_peak_sustained_elapsed [%],0,0,0,28.20
l1tex__data_pipe_tex_wavefronts.avg.pct_of_peak_sustained_elapsed [%],0,0,0,0
l1tex__data_pipe_tex_wavefronts.max.pct_of_peak_sustained_elapsed [%],0,0,0,0
l1tex__data_pipe_tex_wavefronts.min.pct_of_peak_sustained_elapsed [%],0,0,0,0
l1tex__data_pipe_tex_wavefronts.sum.pct_of_peak_sustained_elapsed [%],0,0,0,0
l1tex__f_wavefronts.avg.pct_of_peak_sustained_elapsed [%],0,0,0,0
l1tex__f_wavefronts.max.pct_of_peak_sustained_elapsed [%],0,0,0,0
l1tex__f_wavefronts.min.pct_of_peak_sustained_elapsed [%],0,0,0,0
l1tex__f_wavefronts.sum.pct_of_peak_sustained_elapsed [%],0,0,0,0
l1tex__lsu_writeback_active.avg.pct_of_peak_sustained_elapsed [%],4.51,4.50,4.48,7.82
l1tex__lsu_writeback_active.max.pct_of_peak_sustained_elapsed [%],4.66,4.65,4.63,8.34
l1tex__lsu_writeback_active.min.pct_of_peak_sustained_elapsed [%],4.34,4.32,4.20,7.48
l1tex__lsu_writeback_active.sum.pct_of_peak_sustained_elapsed [%],4.51,4.50,4.48,7.82
l1tex__lsu_writeback_active_mem_lg.avg.peak_sustained,1,1,1,1
l1tex__lsu_writeback_active_mem_lg.avg.per_second [Mhz],95.41,94.55,94.55,48.32
l1tex__lsu_writeback_active_mem_lg.max.peak_sustained,1,1,1,1
l1tex__lsu_writeback_active_mem_lg.max.per_second [Mhz],103.21,102.27,100,50.93
l1tex__lsu_writeback_active_mem_lg.min.peak_sustained,1,1,1,1
l1tex__lsu_writeback_active_mem_lg.min.per_second [Mhz],87.16,90.91,88.64,45.35
l1tex__lsu_writeback_active_mem_lg.sum [cycle],"13,312","13,312","13,312","22,142"
l1tex__lsu_writeback_active_mem_lg.sum.pct_of_peak_sustained_elapsed [%],4.51,4.50,4.48,2.28
l1tex__lsu_writeback_active_mem_lg.sum.peak_sustained,20,20,20,20
l1tex__lsu_writeback_active_mem_lg.sum.per_second [Ghz],1.91,1.89,1.89,0.97
l1tex__lsuin_requests.avg.pct_of_peak_sustained_elapsed [%],13.53,13.49,13.43,23.04
l1tex__lsuin_requests.max.pct_of_peak_sustained_elapsed [%],14.31,14.27,14.21,24.37
l1tex__lsuin_requests.min.pct_of_peak_sustained_elapsed [%],13.01,12.65,12.59,22.16
l1tex__lsuin_requests.sum.pct_of_peak_sustained_elapsed [%],13.53,13.49,13.43,23.04
l1tex__m_l1tex2xbar_req_cycles_active.avg.pct_of_peak_sustained_elapsed [%],5.75,5.74,5.72,3.34
l1tex__m_l1tex2xbar_req_cycles_active.max.pct_of_peak_sustained_elapsed [%],5.99,5.93,5.93,3.59
l1tex__m_l1tex2xbar_req_cycles_active.min.pct_of_peak_sustained_elapsed [%],5.48,5.49,5.33,3.16
l1tex__m_l1tex2xbar_req_cycles_active.sum.pct_of_peak_sustained_elapsed [%],5.75,5.74,5.72,3.34
l1tex__m_l1tex2xbar_write_bytes.sum [Kbyte],425.98,425.98,425.98,851.97
l1tex__m_l1tex2xbar_write_bytes.sum.pct_of_peak_sustained_elapsed [%],4.51,4.50,4.48,2.74
l1tex__m_l1tex2xbar_write_bytes.sum.per_second [Gbyte/s],61.06,60.51,60.51,37.18
l1tex__m_l1tex2xbar_write_sectors_mem_global_op_atom.sum [sector],0,0,0,0
l1tex__m_l1tex2xbar_write_sectors_mem_global_op_atom.sum.pct_of_peak_sustained_elapsed [%],0,0,0,0
l1tex__m_l1tex2xbar_write_sectors_mem_global_op_red.sum [sector],0,0,0,0
l1tex__m_l1tex2xbar_write_sectors_mem_global_op_red.sum.pct_of_peak_sustained_elapsed [%],0,0,0,0
l1tex__m_l1tex2xbar_write_sectors_mem_lg_op_st.sum [sector],"13,312","13,312","13,312","26,624"
l1tex__m_l1tex2xbar_write_sectors_mem_lg_op_st.sum.pct_of_peak_sustained_elapsed [%],4.51,4.50,4.48,2.74
l1tex__m_l1tex2xbar_write_sectors_mem_surface_op_atom.sum [sector],0,0,0,0
l1tex__m_l1tex2xbar_write_sectors_mem_surface_op_atom.sum.pct_of_peak_sustained_elapsed [%],0,0,0,0
l1tex__m_l1tex2xbar_write_sectors_mem_surface_op_red.sum [sector],0,0,0,0
l1tex__m_l1tex2xbar_write_sectors_mem_surface_op_red.sum.pct_of_peak_sustained_elapsed [%],0,0,0,0
l1tex__m_l1tex2xbar_write_sectors_mem_surface_op_st.sum [sector],0,0,0,0
l1tex__m_l1tex2xbar_write_sectors_mem_surface_op_st.sum.pct_of_peak_sustained_elapsed [%],0,0,0,0
l1tex__m_xbar2l1tex_read_bytes.sum [Kbyte],851.97,851.97,851.97,536.74
l1tex__m_xbar2l1tex_read_bytes.sum.pct_of_peak_sustained_elapsed [%],9.02,8.99,8.96,1.73
l1tex__m_xbar2l1tex_read_bytes.sum.per_second [Gbyte/s],122.13,121.02,121.02,23.43
l1tex__m_xbar2l1tex_read_sectors.avg.pct_of_peak_sustained_elapsed [%],9.02,8.99,8.96,1.73
l1tex__m_xbar2l1tex_read_sectors.max.pct_of_peak_sustained_elapsed [%],9.32,9.73,9.47,1.91
l1tex__m_xbar2l1tex_read_sectors.min.pct_of_peak_sustained_elapsed [%],8.46,8.65,8.40,1.61
l1tex__m_xbar2l1tex_read_sectors.sum.pct_of_peak_sustained_elapsed [%],9.02,8.99,8.96,1.73
l1tex__m_xbar2l1tex_read_sectors_mem_global_op_atom.sum [sector],0,0,0,0
l1tex__m_xbar2l1tex_read_sectors_mem_global_op_atom.sum.pct_of_peak_sustained_elapsed [%],0,0,0,0
l1tex__m_xbar2l1tex_read_sectors_mem_lg_op_ld.sum [sector],"26,624","26,624","26,624","16,818"
l1tex__m_xbar2l1tex_read_sectors_mem_lg_op_ld.sum.pct_of_peak_sustained_elapsed [%],9.02,8.99,8.96,1.73
l1tex__m_xbar2l1tex_read_sectors_mem_surface_op_atom.sum [sector],0,0,0,0
l1tex__m_xbar2l1tex_read_sectors_mem_surface_op_atom.sum.pct_of_peak_sustained_elapsed [%],0,0,0,0
l1tex__m_xbar2l1tex_read_sectors_mem_surface_op_ld.sum [sector],0,0,0,0
l1tex__m_xbar2l1tex_read_sectors_mem_surface_op_ld.sum.pct_of_peak_sustained_elapsed [%],0,0,0,0
l1tex__m_xbar2l1tex_read_sectors_mem_texture.sum [sector],0,0,0,0
l1tex__m_xbar2l1tex_read_sectors_mem_texture.sum.pct_of_peak_sustained_elapsed [%],0,0,0,0
l1tex__t_output_wavefronts_pipe_lsu_mem_global_op_atom.sum,0,0,0,0
l1tex__t_output_wavefronts_pipe_lsu_mem_global_op_atom.sum.pct_of_peak_sustained_elapsed [%],0,0,0,0
l1tex__t_output_wavefronts_pipe_lsu_mem_global_op_ld.sum,"6,656","6,656","6,656","23,296"
l1tex__t_output_wavefronts_pipe_lsu_mem_global_op_ld.sum.pct_of_peak_sustained_elapsed [%],2.25,2.25,2.24,2.40
l1tex__t_output_wavefronts_pipe_lsu_mem_global_op_red.sum,0,0,0,0
l1tex__t_output_wavefronts_pipe_lsu_mem_global_op_red.sum.pct_of_peak_sustained_elapsed [%],0,0,0,0
l1tex__t_output_wavefronts_pipe_lsu_mem_global_op_st.sum,"6,656","6,656","6,656","6,656"
l1tex__t_output_wavefronts_pipe_lsu_mem_global_op_st.sum.pct_of_peak_sustained_elapsed [%],2.25,2.25,2.24,0.69
l1tex__t_output_wavefronts_pipe_lsu_mem_local_op_ld.sum,0,0,0,0
l1tex__t_output_wavefronts_pipe_lsu_mem_local_op_ld.sum.pct_of_peak_sustained_elapsed [%],0,0,0,0
l1tex__t_output_wavefronts_pipe_lsu_mem_local_op_st.sum,0,0,0,0
l1tex__t_output_wavefronts_pipe_lsu_mem_local_op_st.sum.pct_of_peak_sustained_elapsed [%],0,0,0,0
l1tex__t_output_wavefronts_pipe_tex_mem_surface_op_atom.sum,0,0,0,0
l1tex__t_output_wavefronts_pipe_tex_mem_surface_op_atom.sum.pct_of_peak_sustained_elapsed [%],0,0,0,0
l1tex__t_output_wavefronts_pipe_tex_mem_surface_op_ld.sum,0,0,0,0
l1tex__t_output_wavefronts_pipe_tex_mem_surface_op_ld.sum.pct_of_peak_sustained_elapsed [%],0,0,0,0
l1tex__t_output_wavefronts_pipe_tex_mem_surface_op_red.sum,0,0,0,0
l1tex__t_output_wavefronts_pipe_tex_mem_surface_op_red.sum.pct_of_peak_sustained_elapsed [%],0,0,0,0
l1tex__t_output_wavefronts_pipe_tex_mem_surface_op_st.sum,0,0,0,0
l1tex__t_output_wavefronts_pipe_tex_mem_surface_op_st.sum.pct_of_peak_sustained_elapsed [%],0,0,0,0
l1tex__t_output_wavefronts_pipe_tex_mem_texture.sum,0,0,0,0
l1tex__t_output_wavefronts_pipe_tex_mem_texture.sum.pct_of_peak_sustained_elapsed [%],0,0,0,0
l1tex__t_requests_pipe_lsu_mem_global_op_atom.sum,0,0,0,0
l1tex__t_requests_pipe_lsu_mem_global_op_atom.sum.pct_of_peak_sustained_elapsed [%],0,0,0,0
l1tex__t_requests_pipe_lsu_mem_global_op_ld.sum,"6,656","6,656","6,656","16,640"
l1tex__t_requests_pipe_lsu_mem_global_op_ld.sum.pct_of_peak_sustained_elapsed [%],2.25,2.25,2.24,1.71
l1tex__t_requests_pipe_lsu_mem_global_op_red.sum,0,0,0,0
l1tex__t_requests_pipe_lsu_mem_global_op_red.sum.pct_of_peak_sustained_elapsed [%],0,0,0,0
l1tex__t_requests_pipe_lsu_mem_global_op_st.sum,"6,656","6,656","6,656","6,656"
l1tex__t_requests_pipe_lsu_mem_global_op_st.sum.pct_of_peak_sustained_elapsed [%],2.25,2.25,2.24,0.69
l1tex__t_requests_pipe_lsu_mem_local_op_ld.sum,0,0,0,0
l1tex__t_requests_pipe_lsu_mem_local_op_ld.sum.pct_of_peak_sustained_elapsed [%],0,0,0,0
l1tex__t_requests_pipe_lsu_mem_local_op_st.sum,0,0,0,0
l1tex__t_requests_pipe_lsu_mem_local_op_st.sum.pct_of_peak_sustained_elapsed [%],0,0,0,0
l1tex__t_requests_pipe_tex_mem_surface_op_atom.sum,0,0,0,0
l1tex__t_requests_pipe_tex_mem_surface_op_atom.sum.pct_of_peak_sustained_elapsed [%],0,0,0,0
l1tex__t_requests_pipe_tex_mem_surface_op_ld.sum,0,0,0,0
l1tex__t_requests_pipe_tex_mem_surface_op_ld.sum.pct_of_peak_sustained_elapsed [%],0,0,0,0
l1tex__t_requests_pipe_tex_mem_surface_op_red.sum,0,0,0,0
l1tex__t_requests_pipe_tex_mem_surface_op_red.sum.pct_of_peak_sustained_elapsed [%],0,0,0,0
l1tex__t_requests_pipe_tex_mem_surface_op_st.sum,0,0,0,0
l1tex__t_requests_pipe_tex_mem_surface_op_st.sum.pct_of_peak_sustained_elapsed [%],0,0,0,0
l1tex__t_requests_pipe_tex_mem_texture.sum,0,0,0,0
l1tex__t_requests_pipe_tex_mem_texture.sum.pct_of_peak_sustained_elapsed [%],0,0,0,0
l1tex__t_sector_hit_rate.pct [%],11.31,11.06,12.19,55.02
l1tex__t_sector_pipe_lsu_mem_global_op_atom_hit_rate.pct [%],0,0,0,0
l1tex__t_sector_pipe_lsu_mem_global_op_ld_hit_rate.pct [%],0,0,0,75.93
l1tex__t_sector_pipe_lsu_mem_global_op_red_hit_rate.pct [%],0,0,0,0
l1tex__t_sector_pipe_lsu_mem_global_op_st_hit_rate.pct [%],34.36,31.79,36.18,0
l1tex__t_sector_pipe_lsu_mem_local_op_ld_hit_rate.pct [%],0,0,0,0
l1tex__t_sector_pipe_lsu_mem_local_op_st_hit_rate.pct [%],0,0,0,0
l1tex__t_sector_pipe_tex_mem_surface_op_atom_hit_rate.pct [%],0,0,0,0
l1tex__t_sector_pipe_tex_mem_surface_op_ld_hit_rate.pct [%],0,0,0,0
l1tex__t_sector_pipe_tex_mem_surface_op_red_hit_rate.pct [%],0,0,0,0
l1tex__t_sector_pipe_tex_mem_surface_op_st_hit_rate.pct [%],0,0,0,0
l1tex__t_sector_pipe_tex_mem_texture_op_tex_hit_rate.pct [%],0,0,0,0
l1tex__t_sectors.avg [sector],"1,996.80","1,996.80","1,996.80","4,825.60"
l1tex__t_sectors.max [sector],"2,174","2,160","2,134","5,184"
l1tex__t_sectors.min [sector],"1,788","1,890","1,872","4,571"
l1tex__t_sectors.sum [sector],"39,936","39,936","39,936","96,512"
l1tex__t_sectors_pipe_lsu_mem_global_op_atom.sum [sector],0,0,0,0
l1tex__t_sectors_pipe_lsu_mem_global_op_atom_lookup_hit.sum [sector],0,0,0,0
l1tex__t_sectors_pipe_lsu_mem_global_op_atom_lookup_miss.sum [sector],0,0,0,0
l1tex__t_sectors_pipe_lsu_mem_global_op_ld.sum [sector],"26,624","26,624","26,624","69,888"
l1tex__t_sectors_pipe_lsu_mem_global_op_ld_lookup_hit.sum [sector],0,0,0,"53,067"
l1tex__t_sectors_pipe_lsu_mem_global_op_ld_lookup_miss.sum [sector],"26,624","26,624","26,624","16,821"
l1tex__t_sectors_pipe_lsu_mem_global_op_red.sum [sector],0,0,0,0
l1tex__t_sectors_pipe_lsu_mem_global_op_red_lookup_hit.sum [sector],0,0,0,0
l1tex__t_sectors_pipe_lsu_mem_global_op_red_lookup_miss.sum [sector],0,0,0,0
l1tex__t_sectors_pipe_lsu_mem_global_op_st.sum [sector],"13,312","13,312","13,312","26,624"
l1tex__t_sectors_pipe_lsu_mem_global_op_st_lookup_hit.sum [sector],"4,574","4,232","4,816",0
l1tex__t_sectors_pipe_lsu_mem_global_op_st_lookup_miss.sum [sector],"8,738","9,080","8,496","26,624"
l1tex__t_sectors_pipe_lsu_mem_local_op_ld.avg.per_second [sector/s],0,0,0,0
l1tex__t_sectors_pipe_lsu_mem_local_op_ld.max.per_second [sector/s],0,0,0,0
l1tex__t_sectors_pipe_lsu_mem_local_op_ld.min.per_second [sector/s],0,0,0,0
l1tex__t_sectors_pipe_lsu_mem_local_op_ld.sum [sector],0,0,0,0
l1tex__t_sectors_pipe_lsu_mem_local_op_ld.sum.per_second [sector/s],0,0,0,0
l1tex__t_sectors_pipe_lsu_mem_local_op_ld_lookup_hit.sum [sector],0,0,0,0
l1tex__t_sectors_pipe_lsu_mem_local_op_ld_lookup_miss.sum [sector],0,0,0,0
l1tex__t_sectors_pipe_lsu_mem_local_op_st.avg.per_second [sector/s],0,0,0,0
l1tex__t_sectors_pipe_lsu_mem_local_op_st.max.per_second [sector/s],0,0,0,0
l1tex__t_sectors_pipe_lsu_mem_local_op_st.min.per_second [sector/s],0,0,0,0
l1tex__t_sectors_pipe_lsu_mem_local_op_st.sum [sector],0,0,0,0
l1tex__t_sectors_pipe_lsu_mem_local_op_st.sum.per_second [sector/s],0,0,0,0
l1tex__t_sectors_pipe_lsu_mem_local_op_st_lookup_hit.sum [sector],0,0,0,0
l1tex__t_sectors_pipe_lsu_mem_local_op_st_lookup_miss.sum [sector],0,0,0,0
l1tex__t_sectors_pipe_tex_mem_surface_op_atom.sum [sector],0,0,0,0
l1tex__t_sectors_pipe_tex_mem_surface_op_atom_lookup_hit.sum [sector],0,0,0,0
l1tex__t_sectors_pipe_tex_mem_surface_op_atom_lookup_miss.sum [sector],0,0,0,0
l1tex__t_sectors_pipe_tex_mem_surface_op_ld.sum [sector],0,0,0,0
l1tex__t_sectors_pipe_tex_mem_surface_op_ld_lookup_hit.sum [sector],0,0,0,0
l1tex__t_sectors_pipe_tex_mem_surface_op_ld_lookup_miss.sum [sector],0,0,0,0
l1tex__t_sectors_pipe_tex_mem_surface_op_red.sum [sector],0,0,0,0
l1tex__t_sectors_pipe_tex_mem_surface_op_red_lookup_hit.sum [sector],0,0,0,0
l1tex__t_sectors_pipe_tex_mem_surface_op_red_lookup_miss.sum [sector],0,0,0,0
l1tex__t_sectors_pipe_tex_mem_surface_op_st.sum [sector],0,0,0,0
l1tex__t_sectors_pipe_tex_mem_surface_op_st_lookup_hit.sum [sector],0,0,0,0
l1tex__t_sectors_pipe_tex_mem_surface_op_st_lookup_miss.sum [sector],0,0,0,0
l1tex__t_sectors_pipe_tex_mem_texture.sum [sector],0,0,0,0
l1tex__t_sectors_pipe_tex_mem_texture_lookup_hit.sum [sector],0,0,0,0
l1tex__t_sectors_pipe_tex_mem_texture_lookup_miss.sum [sector],0,0,0,0
l1tex__tex_writeback_active.avg.pct_of_peak_sustained_elapsed [%],0,0,0,0
l1tex__tex_writeback_active.max.pct_of_peak_sustained_elapsed [%],0,0,0,0
l1tex__tex_writeback_active.min.pct_of_peak_sustained_elapsed [%],0,0,0,0
l1tex__tex_writeback_active.sum [cycle],0,0,0,0
l1tex__tex_writeback_active.sum.pct_of_peak_sustained_elapsed [%],0,0,0,0
l1tex__texin_sm2tex_req_cycles_active.avg.pct_of_peak_sustained_elapsed [%],0.08,0.08,0.08,0.13
l1tex__texin_sm2tex_req_cycles_active.max.pct_of_peak_sustained_elapsed [%],0.08,0.08,0.08,0.14
l1tex__texin_sm2tex_req_cycles_active.min.pct_of_peak_sustained_elapsed [%],0.08,0.08,0.08,0.13
l1tex__texin_sm2tex_req_cycles_active.sum.pct_of_peak_sustained_elapsed [%],0.08,0.08,0.08,0.13
l1tex__throughput.avg.pct_of_peak_sustained_active [%],16.03,16.03,15.94,73.97
l1tex__throughput.avg.pct_of_peak_sustained_elapsed [%],13.53,13.49,13.43,67.90
l1tex__throughput.max.pct_of_peak_sustained_active [%],16.96,16.95,16.86,78.35
l1tex__throughput.max.pct_of_peak_sustained_elapsed [%],14.31,14.27,14.21,71.92
l1tex__throughput.min.pct_of_peak_sustained_active [%],15.41,15.03,14.95,71.06
l1tex__throughput.min.pct_of_peak_sustained_elapsed [%],13.01,12.65,12.59,65.23
l1tex__throughput.sum.pct_of_peak_sustained_active [%],16.03,16.03,15.94,73.97
l1tex__throughput.sum.pct_of_peak_sustained_elapsed [%],13.53,13.49,13.43,67.90
launch__barrier_count,0,0,0,1
launch__block_dim_x [block],256,256,256,32
launch__block_dim_y [block],1,1,1,4
launch__block_dim_z [block],1,1,1,1
launch__block_size,256,256,256,128
launch__context_id,1,1,1,1
launch__device_id,0,0,0,0
launch__execution_model,SIMT,SIMT,SIMT,SIMT
launch__func_cache_config,CachePreferNone,CachePreferNone,CachePreferNone,CachePreferNone
launch__function_pcs,1,1,1,1
launch__grid_dim_x,832,832,832,208
launch__grid_dim_y,1,1,1,1
launch__grid_dim_z,1,1,1,1
launch__grid_size,832,832,832,208
launch__kernel_name,{1},{1},{1},{1}
launch__occupancy_limit_blocks [block],24,24,24,24
launch__occupancy_limit_registers [block],16,16,16,12
launch__occupancy_limit_shared_mem [block],16,16,16,11
launch__occupancy_limit_warps [block],6,6,6,12
launch__occupancy_per_block_size,"2,484 {65}","2,484 {65}","2,484 {65}","2,411 {65}"
launch__occupancy_per_register_count,"4,976 {257}","4,976 {257}","4,976 {257}","5,100 {257}"
launch__occupancy_per_shared_mem_size,"1,176 {200}","1,176 {200}","1,176 {200}","2,512 {200}"
launch__persisting_l2_cache_size [Mbyte],4.72,4.72,4.72,4.72
launch__registers_per_thread [register/thread],16,16,16,40
launch__registers_per_thread_allocated [register/thread],16,16,16,40
launch__shared_mem_config_size [Kbyte],16.38,16.38,16.38,102.40
launch__shared_mem_per_block [Kbyte/block],1.02,1.02,1.02,8.83
launch__shared_mem_per_block_allocated [Kbyte/block],1.02,1.02,1.02,8.83
launch__shared_mem_per_block_driver [Kbyte/block],1.02,1.02,1.02,1.02
launch__shared_mem_per_block_dynamic [byte/block],0,0,0,0
launch__shared_mem_per_block_static [Kbyte/block],0,0,0,7.81
launch__sm_count [SM],20,20,20,20
launch__stack_size,"1,024","1,024","1,024","1,024"
launch__stream_id,7,7,7,7
launch__thread_count [thread],"2,12,992","2,12,992","2,12,992","26,624"
launch__tpc_count,10,10,10,10
launch__tpc_enabled,all,all,all,all
launch__user_grid_dim_x,832,832,832,208
launch__user_grid_dim_y,1,1,1,1
launch__user_grid_dim_z,1,1,1,1
launch__user_grid_size,832,832,832,208
launch__uses_blocks_as_clusters,0,0,0,0
launch__uses_cdp,0,0,0,0
launch__uses_green_context,0,0,0,0
launch__uses_nvlink_centric_scheduling,0,0,0,0
launch__uses_vgpu,0,0,0,0
launch__waves_per_multiprocessor,6.93,6.93,6.93,0.95
lts__average_gcomp_input_sector_success_rate.pct [%],0,0,0,0
lts__average_gcomp_output_sector_compression_achieved_rate.ratio,0,0,0,0
lts__cycles_active.avg [cycle],"10,827.58","10,972.50","10,786.50","15,725"
lts__cycles_active.max [cycle],"11,403","11,470","11,361","18,660"
lts__cycles_active.min [cycle],"10,364","10,610","10,369","13,258"
lts__cycles_active.sum [cycle],"1,29,931","1,31,670","1,29,438","1,88,700"
lts__cycles_elapsed.avg [cycle],"13,364","13,404","13,470","44,023"
lts__cycles_elapsed.avg.per_second [Ghz],1.92,1.90,1.91,1.92
lts__cycles_elapsed.max [cycle],"13,364","13,404","13,470","44,023"
lts__cycles_elapsed.max.per_second [Ghz],1.92,1.90,1.91,1.92
lts__cycles_elapsed.min [cycle],"13,364","13,404","13,470","44,023"
lts__cycles_elapsed.min.per_second [Ghz],1.92,1.90,1.91,1.92
lts__cycles_elapsed.sum [cycle],"1,60,368","1,60,848","1,61,640","5,28,276"
lts__cycles_elapsed.sum.per_second [Ghz],22.99,22.85,22.96,23.06
lts__d_atomic_input_cycles_active.avg.pct_of_peak_sustained_elapsed [%],0,0,0,0
lts__d_atomic_input_cycles_active.max.pct_of_peak_sustained_elapsed [%],0,0,0,0
lts__d_atomic_input_cycles_active.min.pct_of_peak_sustained_elapsed [%],0,0,0,0
lts__d_atomic_input_cycles_active.sum.pct_of_peak_sustained_elapsed [%],0,0,0,0
lts__d_sectors.avg.pct_of_peak_sustained_elapsed [%],10.43,10.41,10.35,2.81
lts__d_sectors.max.pct_of_peak_sustained_elapsed [%],10.54,10.52,10.47,3.16
lts__d_sectors.min.pct_of_peak_sustained_elapsed [%],10.31,10.31,10.24,2.62
lts__d_sectors.sum.pct_of_peak_sustained_elapsed [%],10.43,10.41,10.35,2.81
lts__d_sectors_fill_device.avg.pct_of_peak_sustained_elapsed [%],16.73,16.61,16.52,2.66
lts__d_sectors_fill_device.max.pct_of_peak_sustained_elapsed [%],17.00,16.71,16.67,2.74
lts__d_sectors_fill_device.min.pct_of_peak_sustained_elapsed [%],16.64,16.47,16.39,2.60
lts__d_sectors_fill_device.sum.pct_of_peak_sustained_elapsed [%],16.73,16.61,16.52,2.66
lts__d_sectors_fill_sysmem.avg.pct_of_peak_sustained_elapsed [%],0,0,0,0
lts__d_sectors_fill_sysmem.max.pct_of_peak_sustained_elapsed [%],0,0,0,0
lts__d_sectors_fill_sysmem.min.pct_of_peak_sustained_elapsed [%],0,0,0,0
lts__d_sectors_fill_sysmem.sum.pct_of_peak_sustained_elapsed [%],0,0,0,0
lts__gcomp_input_sectors.avg [sector],0,0,0,0
lts__gcomp_input_sectors.max [sector],0,0,0,0
lts__gcomp_input_sectors.min [sector],0,0,0,0
lts__gcomp_input_sectors.sum [sector],0,0,0,0
lts__gcomp_input_sectors.sum.pct_of_peak_sustained_elapsed [%],0,0,0,0
lts__gcomp_input_sectors.sum.per_second [sector/s],0,0,0,0
lts__gcomp_output_sectors.sum [sector],0,0,0,0
lts__gcomp_output_sectors.sum.pct_of_peak_sustained_elapsed [%],0,0,0,0
lts__gcomp_output_sectors.sum.per_second [sector/s],0,0,0,0
lts__lts2xbar_cycles_active.avg.pct_of_peak_sustained_elapsed [%],8.50,8.43,8.39,1.79
lts__lts2xbar_cycles_active.avg.peak_sustained,2,2,2,2
lts__lts2xbar_cycles_active.avg.per_second [Mhz],325.64,321.18,321.16,68.61
lts__lts2xbar_cycles_active.max.pct_of_peak_sustained_elapsed [%],8.71,8.65,8.60,2.45
lts__lts2xbar_cycles_active.max.peak_sustained,2,2,2,2
lts__lts2xbar_cycles_active.max.per_second [Mhz],333.86,329.26,329.12,94.27
lts__lts2xbar_cycles_active.min.pct_of_peak_sustained_elapsed [%],8.34,8.28,8.24,1.42
lts__lts2xbar_cycles_active.min.peak_sustained,2,2,2,2
lts__lts2xbar_cycles_active.min.per_second [Mhz],319.52,315.48,315.48,54.69
lts__lts2xbar_cycles_active.sum.pct_of_peak_sustained_elapsed [%],8.50,8.43,8.39,1.79
lts__lts2xbar_cycles_active.sum.peak_sustained,24,24,24,24
lts__lts2xbar_cycles_active.sum.per_second [Ghz],3.91,3.85,3.85,0.82
lts__t_requests.sum [request],"11,992","11,892","11,840","15,506"
lts__t_requests_srcunit_gcc.sum [request],72,72,72,426
lts__t_requests_srcunit_tex.sum [request],"11,735","11,639","11,522","14,944"
lts__t_requests_srcunit_tex_op_atom_dot_alu.sum [request],0,0,0,0
lts__t_requests_srcunit_tex_op_atom_dot_cas.sum [request],0,0,0,0
lts__t_requests_srcunit_tex_op_read.sum [request],"6,656","6,656","6,656","8,258"
lts__t_requests_srcunit_tex_op_red.sum [request],0,0,0,0
lts__t_requests_srcunit_tex_op_write.sum [request],"4,999","4,942","4,988","6,656"
lts__t_sector_hit_rate.pct [%],34.06,34.02,34.06,68.84
lts__t_sector_op_read_hit_rate.pct [%],0.94,0.96,0.94,24.36
lts__t_sector_op_write_hit_rate.pct [%],100,99.88,100,100
lts__t_sectors.avg [sector],"3,377.67","3,383","3,377.75","3,804.25"
lts__t_sectors.avg.pct_of_peak_sustained_elapsed [%],12.64,12.62,12.54,4.32
lts__t_sectors.avg.peak_sustained [sector/cycle],2,2,2,2
lts__t_sectors.avg.per_cycle_elapsed [sector/cycle],0.25,0.25,0.25,0.09
lts__t_sectors.max [sector],"3,419","3,435","3,419","4,377"
lts__t_sectors.max.pct_of_peak_sustained_elapsed [%],12.79,12.81,12.69,4.97
lts__t_sectors.min [sector],"3,331","3,347","3,339","3,483"
lts__t_sectors.min.pct_of_peak_sustained_elapsed [%],12.46,12.49,12.39,3.96
lts__t_sectors.sum [sector],"40,532","40,596","40,533","45,651"
lts__t_sectors.sum.pct_of_peak_sustained_elapsed [%],12.64,12.62,12.54,4.32
lts__t_sectors.sum.per_second [sector/ns],5.81,5.77,5.76,1.99
lts__t_sectors_aperture_device_lookup_miss.sum [sector],"26,709","26,709","26,709","14,074"
lts__t_sectors_aperture_peer_lookup_miss.sum [sector],0,0,0,0
lts__t_sectors_aperture_sysmem_lookup_miss.sum [sector],0,0,0,0
lts__t_sectors_data_ecc.avg.pct_of_peak_sustained_elapsed [%],0,0,0,0
lts__t_sectors_data_ecc.avg.peak_sustained [sector/cycle],8,8,8,8
lts__t_sectors_data_ecc.avg.per_cycle_elapsed [sector/cycle],0,0,0,0
lts__t_sectors_data_ecc.sum [sector],0,0,0,0
lts__t_sectors_data_ecc.sum.per_second [sector/s],0,0,0,0
lts__t_sectors_evict_first_lookup_hit.sum [sector],144,146,713,259
lts__t_sectors_evict_first_lookup_miss.sum [sector],0,0,0,0
lts__t_sectors_evict_last_lookup_hit.sum [sector],0,0,0,0
lts__t_sectors_evict_last_lookup_miss.sum [sector],0,0,0,0
lts__t_sectors_evict_normal_demote_lookup_hit.sum [sector],0,0,0,0
lts__t_sectors_evict_normal_demote_lookup_miss.sum [sector],0,0,0,0
lts__t_sectors_evict_normal_lookup_hit.sum [sector],"13,624","13,624","13,624","31,185"
lts__t_sectors_evict_normal_lookup_miss.sum [sector],"26,709","26,709","26,709","14,074"
lts__t_sectors_lookup_hit.sum [sector],"13,807","13,812","13,806","31,425"
lts__t_sectors_lookup_miss.avg [sector],"2,225.75","2,225.75","2,236.42","1,172.83"
lts__t_sectors_lookup_miss.max [sector],"2,245","2,240","2,256","1,208"
lts__t_sectors_lookup_miss.min [sector],"2,208","2,208","2,224","1,146"
lts__t_sectors_lookup_miss.sum [sector],"26,709","26,709","26,837","14,074"
lts__t_sectors_lookup_miss_data_promoted.avg [sector],0,0,0,0
lts__t_sectors_lookup_miss_data_promoted.max [sector],0,0,0,0
lts__t_sectors_lookup_miss_data_promoted.min [sector],0,0,0,0
lts__t_sectors_lookup_miss_data_promoted.sum [sector],0,0,0,0
lts__t_sectors_op_read.avg.per_second [sector/us],322.07,319.13,319.11,68.08
lts__t_sectors_op_read.max.per_second [sector/us],329.13,323.86,326.14,93.40
lts__t_sectors_op_read.min.per_second [sector/us],316.51,313.64,313.64,54.12
lts__t_sectors_op_read.sum.per_second [sector/ns],3.86,3.83,3.83,0.82
lts__t_sectors_op_write.avg.per_second [sector/us],159.18,157.92,157.73,96.88
lts__t_sectors_op_write.max.per_second [sector/us],160.69,160.94,159.66,97.59
lts__t_sectors_op_write.min.per_second [sector/us],158.26,156.82,156.82,96.37
lts__t_sectors_op_write.sum.per_second [sector/ns],1.91,1.90,1.89,1.16
lts__t_sectors_srcunit_gcc.avg.pct_of_peak_sustained_elapsed [%],0.18,0.18,0.18,0.32
lts__t_sectors_srcunit_gcc.avg.peak_sustained [sector/cycle],1,1,1,1
lts__t_sectors_srcunit_gcc.avg.per_cycle_elapsed [sector/cycle],0.00,0.00,0.00,0.00
lts__t_sectors_srcunit_gcc.sum [sector],288,288,288,"1,704"
lts__t_sectors_srcunit_gcc.sum.per_second [sector/us],41.28,40.91,40.91,74.37
lts__t_sectors_srcunit_gcc_aperture_device_lookup_miss.sum [sector],85,85,85,555
lts__t_sectors_srcunit_gcc_aperture_peer_lookup_miss.sum [sector],0,0,0,0
lts__t_sectors_srcunit_gcc_aperture_sysmem_lookup_miss.sum [sector],0,0,0,0
lts__t_sectors_srcunit_gcc_lookup_hit.sum [sector],203,203,203,"1,149"
lts__t_sectors_srcunit_gcc_lookup_miss.sum [sector],85,85,85,555
lts__t_sectors_srcunit_tex.avg.pct_of_peak_sustained_elapsed [%],12.45,12.41,12.35,4.11
lts__t_sectors_srcunit_tex.avg.peak_sustained [sector/cycle],2,2,2,2
lts__t_sectors_srcunit_tex.avg.per_cycle_elapsed [sector/cycle],0.25,0.25,0.25,0.08
lts__t_sectors_srcunit_tex.max.pct_of_peak_sustained_elapsed [%],12.51,12.41,12.41,4.77
lts__t_sectors_srcunit_tex.min.pct_of_peak_sustained_elapsed [%],12.39,12.41,12.29,3.76
lts__t_sectors_srcunit_tex.sum [sector],"39,936","39,936","39,936","43,442"
lts__t_sectors_srcunit_tex.sum.pct_of_peak_sustained_elapsed [%],12.45,12.41,12.35,4.11
lts__t_sectors_srcunit_tex.sum.per_second [sector/ns],5.72,5.67,5.67,1.90
lts__t_sectors_srcunit_tex_aperture_device_lookup_miss.sum [sector],"26,624","26,624","26,624","13,519"
lts__t_sectors_srcunit_tex_aperture_device_op_atom_dot_alu_lookup_miss.sum [sector],0,0,0,0
lts__t_sectors_srcunit_tex_aperture_device_op_atom_dot_cas_lookup_miss.sum [sector],0,0,0,0
lts__t_sectors_srcunit_tex_aperture_device_op_read_lookup_miss.sum [sector],"26,624","26,624","26,624","13,519"
lts__t_sectors_srcunit_tex_aperture_device_op_red_lookup_miss.sum [sector],0,0,0,0
lts__t_sectors_srcunit_tex_aperture_device_op_write_lookup_miss.sum [sector],0,0,0,0
lts__t_sectors_srcunit_tex_aperture_peer_lookup_miss.avg [sector],0,0,0,0
lts__t_sectors_srcunit_tex_aperture_peer_lookup_miss.max [sector],0,0,0,0
lts__t_sectors_srcunit_tex_aperture_peer_lookup_miss.min [sector],0,0,0,0
lts__t_sectors_srcunit_tex_aperture_peer_lookup_miss.sum [sector],0,0,0,0
lts__t_sectors_srcunit_tex_aperture_peer_op_atom.sum [sector],0,0,0,0
lts__t_sectors_srcunit_tex_aperture_peer_op_atom.sum.pct_of_peak_sustained_elapsed [%],0,0,0,0
lts__t_sectors_srcunit_tex_aperture_peer_op_atom.sum.per_second [sector/s],0,0,0,0
lts__t_sectors_srcunit_tex_aperture_peer_op_atom_dot_alu_lookup_miss.sum [sector],0,0,0,0
lts__t_sectors_srcunit_tex_aperture_peer_op_atom_dot_cas_lookup_miss.sum [sector],0,0,0,0
lts__t_sectors_srcunit_tex_aperture_peer_op_read_lookup_miss.sum [sector],0,0,0,0
lts__t_sectors_srcunit_tex_aperture_peer_op_read_lookup_miss.sum.pct_of_peak_sustained_elapsed [%],0,0,0,0
lts__t_sectors_srcunit_tex_aperture_peer_op_read_lookup_miss.sum.per_second [sector/s],0,0,0,0
lts__t_sectors_srcunit_tex_aperture_peer_op_red.sum [sector],0,0,0,0
lts__t_sectors_srcunit_tex_aperture_peer_op_red.sum.pct_of_peak_sustained_elapsed [%],0,0,0,0
lts__t_sectors_srcunit_tex_aperture_peer_op_red.sum.per_second [sector/s],0,0,0,0
lts__t_sectors_srcunit_tex_aperture_peer_op_red_lookup_miss.sum [sector],0,0,0,0
lts__t_sectors_srcunit_tex_aperture_peer_op_write.sum [sector],0,0,0,0
lts__t_sectors_srcunit_tex_aperture_peer_op_write.sum.pct_of_peak_sustained_elapsed [%],0,0,0,0
lts__t_sectors_srcunit_tex_aperture_peer_op_write.sum.per_second [sector/s],0,0,0,0
lts__t_sectors_srcunit_tex_aperture_peer_op_write_lookup_miss.sum [sector],0,0,0,0
lts__t_sectors_srcunit_tex_aperture_sysmem_lookup_miss.avg [sector],0,0,0,0
lts__t_sectors_srcunit_tex_aperture_sysmem_lookup_miss.max [sector],0,0,0,0
lts__t_sectors_srcunit_tex_aperture_sysmem_lookup_miss.min [sector],0,0,0,0
lts__t_sectors_srcunit_tex_aperture_sysmem_lookup_miss.sum [sector],0,0,0,0
lts__t_sectors_srcunit_tex_aperture_sysmem_op_atom.sum [sector],0,0,0,0
lts__t_sectors_srcunit_tex_aperture_sysmem_op_atom.sum.pct_of_peak_sustained_elapsed [%],0,0,0,0
lts__t_sectors_srcunit_tex_aperture_sysmem_op_atom.sum.per_second [sector/s],0,0,0,0
lts__t_sectors_srcunit_tex_aperture_sysmem_op_atom_dot_alu_lookup_miss.sum [sector],0,0,0,0
lts__t_sectors_srcunit_tex_aperture_sysmem_op_atom_dot_cas_lookup_miss.sum [sector],0,0,0,0
lts__t_sectors_srcunit_tex_aperture_sysmem_op_read_lookup_miss.sum [sector],0,0,0,0
lts__t_sectors_srcunit_tex_aperture_sysmem_op_read_lookup_miss.sum.pct_of_peak_sustained_elapsed [%],0,0,0,0
lts__t_sectors_srcunit_tex_aperture_sysmem_op_read_lookup_miss.sum.per_second [sector/s],0,0,0,0
lts__t_sectors_srcunit_tex_aperture_sysmem_op_red.sum [sector],0,0,0,0
lts__t_sectors_srcunit_tex_aperture_sysmem_op_red.sum.pct_of_peak_sustained_elapsed [%],0,0,0,0
lts__t_sectors_srcunit_tex_aperture_sysmem_op_red.sum.per_second [sector/s],0,0,0,0
lts__t_sectors_srcunit_tex_aperture_sysmem_op_red_lookup_miss.sum [sector],0,0,0,0
lts__t_sectors_srcunit_tex_aperture_sysmem_op_write.sum [sector],0,0,0,0
lts__t_sectors_srcunit_tex_aperture_sysmem_op_write.sum.pct_of_peak_sustained_elapsed [%],0,0,0,0
lts__t_sectors_srcunit_tex_aperture_sysmem_op_write.sum.per_second [sector/s],0,0,0,0
lts__t_sectors_srcunit_tex_aperture_sysmem_op_write_lookup_miss.sum [sector],0,0,0,0
lts__t_sectors_srcunit_tex_evict_first_lookup_hit.sum [sector],0,0,0,0
lts__t_sectors_srcunit_tex_evict_first_lookup_miss.sum [sector],0,0,0,0
lts__t_sectors_srcunit_tex_evict_last_lookup_hit.sum [sector],0,0,0,0
lts__t_sectors_srcunit_tex_evict_last_lookup_miss.sum [sector],0,0,0,0
lts__t_sectors_srcunit_tex_evict_normal_demote_lookup_hit.sum [sector],0,0,0,0
lts__t_sectors_srcunit_tex_evict_normal_demote_lookup_miss.sum [sector],0,0,0,0
lts__t_sectors_srcunit_tex_evict_normal_lookup_hit.sum [sector],"13,312","13,312","13,312","29,879"
lts__t_sectors_srcunit_tex_evict_normal_lookup_miss.sum [sector],"26,624","26,624","26,624","13,519"
lts__t_sectors_srcunit_tex_lookup_hit.sum [sector],"13,312","13,312","13,312","29,946"
lts__t_sectors_srcunit_tex_lookup_miss.avg [sector],"2,218.67","2,218.67","2,218.67","1,126.58"
lts__t_sectors_srcunit_tex_lookup_miss.max [sector],"2,224","2,224","2,224","1,152"
lts__t_sectors_srcunit_tex_lookup_miss.min [sector],"2,208","2,208","2,208","1,104"
lts__t_sectors_srcunit_tex_lookup_miss.sum [sector],"26,624","26,624","26,624","13,519"
lts__t_sectors_srcunit_tex_op_atom_dot_alu.avg.pct_of_peak_sustained_elapsed [%],0,0,0,0
lts__t_sectors_srcunit_tex_op_atom_dot_alu.avg.peak_sustained [sector/cycle],1,1,1,1
lts__t_sectors_srcunit_tex_op_atom_dot_alu.avg.per_cycle_elapsed [sector/cycle],0,0,0,0
lts__t_sectors_srcunit_tex_op_atom_dot_alu.sum [sector],0,0,0,0
lts__t_sectors_srcunit_tex_op_atom_dot_alu.sum.per_second [sector/s],0,0,0,0
lts__t_sectors_srcunit_tex_op_atom_dot_alu_lookup_hit.sum [sector],0,0,0,0
lts__t_sectors_srcunit_tex_op_atom_dot_alu_lookup_miss.sum [sector],0,0,0,0
lts__t_sectors_srcunit_tex_op_atom_dot_cas.avg.pct_of_peak_sustained_elapsed [%],0,0,0,0
lts__t_sectors_srcunit_tex_op_atom_dot_cas.avg.peak_sustained [sector/cycle],1,1,1,1
lts__t_sectors_srcunit_tex_op_atom_dot_cas.avg.per_cycle_elapsed [sector/cycle],0,0,0,0
lts__t_sectors_srcunit_tex_op_atom_dot_cas.sum [sector],0,0,0,0
lts__t_sectors_srcunit_tex_op_atom_dot_cas.sum.per_second [sector/s],0,0,0,0
lts__t_sectors_srcunit_tex_op_atom_dot_cas_lookup_hit.sum [sector],0,0,0,0
lts__t_sectors_srcunit_tex_op_atom_dot_cas_lookup_miss.sum [sector],0,0,0,0
lts__t_sectors_srcunit_tex_op_atom_evict_first_lookup_hit.sum [sector],0,0,0,0
lts__t_sectors_srcunit_tex_op_atom_evict_first_lookup_miss.sum [sector],0,0,0,0
lts__t_sectors_srcunit_tex_op_atom_evict_last_lookup_hit.sum [sector],0,0,0,0
lts__t_sectors_srcunit_tex_op_atom_evict_last_lookup_miss.sum [sector],0,0,0,0
lts__t_sectors_srcunit_tex_op_atom_evict_normal_lookup_hit.sum [sector],0,0,0,0
lts__t_sectors_srcunit_tex_op_atom_evict_normal_lookup_miss.sum [sector],0,0,0,0
lts__t_sectors_srcunit_tex_op_read.avg.pct_of_peak_sustained_elapsed [%],8.30,8.28,8.24,1.59
lts__t_sectors_srcunit_tex_op_read.avg.peak_sustained [sector/cycle],2,2,2,2
lts__t_sectors_srcunit_tex_op_read.avg.per_cycle_elapsed [sector/cycle],0.17,0.17,0.16,0.03
lts__t_sectors_srcunit_tex_op_read.sum [sector],"26,624","26,624","26,624","16,843"
lts__t_sectors_srcunit_tex_op_read.sum.per_second [sector/ns],3.82,3.78,3.78,0.74
lts__t_sectors_srcunit_tex_op_read_evict_first_lookup_hit.sum [sector],0,0,0,0
lts__t_sectors_srcunit_tex_op_read_evict_first_lookup_miss.sum [sector],0,0,0,0
lts__t_sectors_srcunit_tex_op_read_evict_last_lookup_hit.sum [sector],0,0,0,0
lts__t_sectors_srcunit_tex_op_read_evict_last_lookup_miss.sum [sector],0,0,0,0
lts__t_sectors_srcunit_tex_op_read_evict_normal_demote_lookup_hit.sum [sector],0,0,0,0
lts__t_sectors_srcunit_tex_op_read_evict_normal_demote_lookup_miss.sum [sector],0,0,0,0
lts__t_sectors_srcunit_tex_op_read_evict_normal_lookup_hit.sum [sector],0,0,0,"3,337"
lts__t_sectors_srcunit_tex_op_read_evict_normal_lookup_miss.sum [sector],"26,624","26,624","26,624","13,519"
lts__t_sectors_srcunit_tex_op_read_lookup_hit.sum [sector],0,0,0,"3,337"
lts__t_sectors_srcunit_tex_op_read_lookup_miss.sum [sector],"26,624","26,624","26,624","13,519"
lts__t_sectors_srcunit_tex_op_red.avg.pct_of_peak_sustained_elapsed [%],0,0,0,0
lts__t_sectors_srcunit_tex_op_red.avg.peak_sustained [sector/cycle],1,1,1,1
lts__t_sectors_srcunit_tex_op_red.avg.per_cycle_elapsed [sector/cycle],0,0,0,0
lts__t_sectors_srcunit_tex_op_red.sum [sector],0,0,0,0
lts__t_sectors_srcunit_tex_op_red.sum.per_second [sector/s],0,0,0,0
lts__t_sectors_srcunit_tex_op_red_lookup_hit.sum [sector],0,0,0,0
lts__t_sectors_srcunit_tex_op_red_lookup_miss.sum [sector],0,0,0,0
lts__t_sectors_srcunit_tex_op_write.avg.pct_of_peak_sustained_elapsed [%],8.30,8.28,8.24,5.04
lts__t_sectors_srcunit_tex_op_write.avg.peak_sustained [sector/cycle],1,1,1,1
lts__t_sectors_srcunit_tex_op_write.avg.per_cycle_elapsed [sector/cycle],0.08,0.08,0.08,0.05
lts__t_sectors_srcunit_tex_op_write.sum [sector],"13,312","13,312","13,312","26,624"
lts__t_sectors_srcunit_tex_op_write.sum.per_second [sector/ns],1.91,1.89,1.89,1.16
lts__t_sectors_srcunit_tex_op_write_evict_first_lookup_hit.sum [sector],0,0,0,0
lts__t_sectors_srcunit_tex_op_write_evict_first_lookup_miss.sum [sector],0,0,0,0
lts__t_sectors_srcunit_tex_op_write_evict_last_lookup_hit.sum [sector],0,0,0,0
lts__t_sectors_srcunit_tex_op_write_evict_last_lookup_miss.sum [sector],0,0,0,0
lts__t_sectors_srcunit_tex_op_write_evict_normal_demote_lookup_hit.sum [sector],0,0,0,0
lts__t_sectors_srcunit_tex_op_write_evict_normal_demote_lookup_miss.sum [sector],0,0,0,0
lts__t_sectors_srcunit_tex_op_write_evict_normal_lookup_hit.sum [sector],"13,312","13,312","13,312","26,624"
lts__t_sectors_srcunit_tex_op_write_evict_normal_lookup_miss.sum [sector],0,0,0,0
lts__t_sectors_srcunit_tex_op_write_lookup_hit.sum [sector],"13,312","13,312","13,312","26,624"
lts__t_sectors_srcunit_tex_op_write_lookup_miss.sum [sector],0,0,0,0
lts__t_tag_requests.avg.pct_of_peak_sustained_elapsed [%],7.43,7.36,7.28,2.96
lts__t_tag_requests.max.pct_of_peak_sustained_elapsed [%],7.83,7.64,7.64,4.20
lts__t_tag_requests.min.pct_of_peak_sustained_elapsed [%],7.24,7.22,7.05,2.30
lts__t_tag_requests.sum.pct_of_peak_sustained_elapsed [%],7.43,7.36,7.28,2.96
lts__throughput.avg.pct_of_peak_sustained_elapsed [%],16.73,16.61,16.52,6.33
lts__throughput.max.pct_of_peak_sustained_elapsed [%],17.00,16.71,16.67,7.01
lts__throughput.min.pct_of_peak_sustained_elapsed [%],16.64,16.47,16.39,5.94
lts__throughput.sum.pct_of_peak_sustained_elapsed [%],16.73,16.61,16.52,6.33
lts__xbar2lts_cycles_active.avg.pct_of_peak_sustained_elapsed [%],11.33,11.28,11.25,6.33
lts__xbar2lts_cycles_active.max.pct_of_peak_sustained_elapsed [%],11.63,11.53,11.56,7.01
lts__xbar2lts_cycles_active.min.pct_of_peak_sustained_elapsed [%],11.11,11.13,11.08,5.94
lts__xbar2lts_cycles_active.sum.pct_of_peak_sustained_elapsed [%],11.33,11.28,11.25,6.33
memory_access_size_type,0 {2},0 {2},0 {2},0 {288}
memory_access_type,0 {2},0 {2},0 {2},0 {288}
memory_l1_tag_requests_global [sectors],"13,312 {2}","13,312 {2}","13,312 {2}","69,888 {62}"
memory_l1_wavefronts_shared [sectors],0,0,0,"5,73,664 {226}"
memory_l1_wavefronts_shared_ideal [sectors],0,0,0,"93,600 {226}"
memory_l2_theoretical_sectors_global [sectors],"39,936 {2}","39,936 {2}","39,936 {2}","96,512 {62}"
memory_l2_theoretical_sectors_global_ideal [sectors],"39,936 {2}","39,936 {2}","39,936 {2}","69,888 {62}"
memory_l2_theoretical_sectors_local [sectors],0,0,0,0
memory_type,0 {2},0 {2},0 {2},0 {288}
numa__cpu_affinity,1,1,1,1
numa__dev_display_name_all,1,1,1,1
numa__id_cpu,1,1,1,1
numa__id_memory,1,1,1,1
nvlink__bandwidth,0,0,0,0
nvlink__count_logical,0,0,0,0
nvlink__count_physical,0,0,0,0
nvlink__destination_ports,0,0,0,0
nvlink__dev0Id,0,0,0,0
nvlink__dev0type,0,0,0,0
nvlink__dev1Id,0,0,0,0
nvlink__dev1type,0,0,0,0
nvlink__dev_display_name_all,1,1,1,1
nvlink__enabled_mask,0,0,0,0
nvlink__is_direct_link,0,0,0,0
nvlink__is_nvswitch_connected,0,0,0,0
nvlink__max_count,0,0,0,0
nvlink__peer_access,0,0,0,0
nvlink__peer_atomic,0,0,0,0
nvlink__source_ports,0,0,0,0
nvlink__system_access,0,0,0,0
nvlink__system_atomic,0,0,0,0
nvlrx__bytes.sum.per_second [byte],0,0,0,0
nvltx__bytes.sum.per_second [byte],0,0,0,0
pcie__read_bytes.avg.per_second [Mbyte/s],73.39,0,0,0
pcie__read_bytes.max.per_second [Mbyte/s],73.39,0,0,0
pcie__read_bytes.min.per_second [Mbyte/s],73.39,0,0,0
pcie__read_bytes.sum.per_second [Mbyte/s],73.39,0,0,0
pcie__write_bytes.avg.per_second [Mbyte/s],807.34,800,800,245.81
pcie__write_bytes.max.per_second [Mbyte/s],807.34,800,800,245.81
pcie__write_bytes.min.per_second [Mbyte/s],807.34,800,800,245.81
pcie__write_bytes.sum.per_second [Mbyte/s],807.34,800,800,245.81
pmsampling:sm__inst_executed_pipe_xu_realtime.avg.pct_of_peak_sustained_elapsed [%],0 {894},0 {635},0 {517},0.12 {619}
pmsampling:sm__pipe_tensor_cycles_active_realtime.avg.pct_of_peak_sustained_elapsed [%],0 {894},0 {635},0 {517},0.05 {619}
profiler__perfworks_session_reuse,0,0,0,0
profiler__pmsampler_buffer_size_bytes [Mbyte],3.54 {3},3.54 {3},3.54 {3},3.54 {3}
profiler__pmsampler_ctxsw_0,1 {2},1 {2},1 {2},1 {2}
profiler__pmsampler_ctxsw_1,1 {2},1 {2},1 {2},1 {2}
profiler__pmsampler_ctxsw_2,1 {2},1 {2},1 {2},1 {2}
profiler__pmsampler_interval_time [us],1 {3},1 {3},1 {3},1 {3}
profiler__pmsampler_merged_samples [sample],0 {3},0 {3},0 {3},0 {3}
profiler__pmsampler_pass_groups,3 {3},3 {3},3 {3},3 {3}
profiler__pmwarpsampling_interval_cycles [cycle],256 {3},256 {3},256 {3},256 {3}
profiler__replayer_bytes_mem_accessible.avg [Mbyte],13.08,13.08,13.08,13.08
profiler__replayer_bytes_mem_accessible.max [Mbyte],13.08,13.08,13.08,13.08
profiler__replayer_bytes_mem_accessible.min [Mbyte],13.08,13.08,13.08,13.08
profiler__replayer_bytes_mem_accessible.sum [Mbyte],575.40,575.40,575.40,575.40
profiler__replayer_bytes_mem_backed_up.avg [Mbyte],13.08,13.08,13.08,13.08
profiler__replayer_bytes_mem_backed_up.max [Mbyte],13.08,13.08,13.08,13.08
profiler__replayer_bytes_mem_backed_up.min [Mbyte],13.08,13.08,13.08,13.08
profiler__replayer_bytes_mem_backed_up.sum [Mbyte],575.40,575.40,575.40,575.40
profiler__replayer_passes [pass],44,44,44,44
profiler__replayer_passes_type_warmup [pass],0,0,0,0
profiler__timestamp_workload_end_0,1,1,1,1
profiler__timestamp_workload_end_1,1,1,1,1
profiler__timestamp_workload_end_2,1,1,1,1
profiler__timestamp_workload_start_0,1,1,1,1
profiler__timestamp_workload_start_1,1,1,1,1
profiler__timestamp_workload_start_2,1,1,1,1
sass__inst_executed_global_loads [inst],"6,656","6,656","6,656","16,640"
sass__inst_executed_global_stores [inst],"6,656","6,656","6,656","6,656"
sass__inst_executed_local_loads [inst],0,0,0,0
sass__inst_executed_local_stores [inst],0,0,0,0
sass__inst_executed_per_opcode,"99,840 {9}","99,840 {9}","99,840 {9}","7,99,760 {47}"
sass__inst_executed_per_opcode_category,"99,840 {7}","99,840 {7}","99,840 {7}","7,99,760 {9}"
sass__inst_executed_per_opcode_pipeline,"99,840 {5}","99,840 {5}","99,840 {5}","8,31,168 {11}"
sass__inst_executed_per_opcode_with_modifier_all,"99,840 {10}","99,840 {10}","99,840 {10}","7,99,760 {78}"
sass__inst_executed_per_opcode_with_modifier_selective,"99,840 {9}","99,840 {9}","99,840 {9}","7,99,760 {52}"
sass__inst_executed_register_spilling [inst],0,0,0,0
sass__inst_executed_register_spilling_mem_local [inst],0,0,0,0
sass__inst_executed_register_spilling_mem_local_op_read [inst],0,0,0,0
sass__inst_executed_register_spilling_mem_local_op_write [inst],0,0,0,0
sass__inst_executed_register_spilling_mem_shared [inst],0,0,0,0
sass__inst_executed_register_spilling_mem_shared_op_read [inst],0,0,0,0
sass__inst_executed_register_spilling_mem_shared_op_write [inst],0,0,0,0
sass__inst_executed_register_spilling_op_read [inst],0,0,0,0
sass__inst_executed_register_spilling_op_write [inst],0,0,0,0
sass__inst_executed_shared_loads [inst],0,0,0,"37,856"
sass__inst_executed_shared_stores [inst],0,0,0,"39,936"
sass__thread_inst_executed_per_opcode_category,"29,81,888 {7}","29,81,888 {7}","29,81,888 {7}","2,24,26,560 {9}"
sass__thread_inst_executed_per_opcode_pipeline,"29,81,888 {5}","29,81,888 {5}","29,81,888 {5}","2,30,48,896 {11}"
sass__thread_inst_executed_true_per_opcode,"29,81,888 {9}","29,81,888 {9}","29,81,888 {9}","2,24,26,560 {47}"
sass__thread_inst_executed_true_per_opcode_with_modifier_all,"29,81,888 {10}","29,81,888 {10}","29,81,888 {10}","2,24,26,560 {78}"
sass__thread_inst_executed_true_per_opcode_with_modifier_selective,"29,81,888 {9}","29,81,888 {9}","29,81,888 {9}","2,24,26,560 {52}"
sm__cycles_active.avg [cycle],"12,455.75","12,456.90","12,525.60","44,579.30"
sm__cycles_active.max [cycle],"12,824","12,791","12,882","46,566"
sm__cycles_active.min [cycle],"12,070","12,147","11,654","43,029"
sm__cycles_active.sum [cycle],"2,49,115","2,49,138","2,50,512","8,91,586"
sm__cycles_elapsed.avg [cycle],"14,760.20","14,799.50","14,863.40","48,566.90"
sm__cycles_elapsed.avg.per_second [Ghz],2.12,2.10,2.11,2.12
sm__cycles_elapsed.max [cycle],"14,774","14,819","14,882","48,614"
sm__cycles_elapsed.max.per_second [Ghz],2.12,2.10,2.11,2.12
sm__cycles_elapsed.min [cycle],"14,750","14,780","14,847","48,527"
sm__cycles_elapsed.min.per_second [Ghz],2.11,2.10,2.11,2.12
sm__cycles_elapsed.sum [cycle],"2,95,204","2,95,990","2,97,268","9,71,338"
sm__cycles_elapsed.sum.per_second [Ghz],42.32,42.04,42.23,42.39
sm__icc_request_hit_rate.pct [%],46.61,18.68,30.56,93.24
sm__icc_requests.sum [cycle],766,"1,740","1,152","12,983"
sm__icc_requests.sum.pct_of_peak_sustained_elapsed [%],0.52,1.18,0.78,2.67
sm__inst_executed.avg.pct_of_peak_sustained_elapsed [%],8.46,8.43,8.40,20.58
sm__inst_executed.avg.per_cycle_active [inst/cycle],0.40,0.40,0.40,0.90
sm__inst_executed.avg.per_cycle_elapsed [inst/cycle],0.34,0.34,0.34,0.82
sm__inst_executed.max.pct_of_peak_sustained_elapsed [%],8.94,8.92,8.88,21.77
sm__inst_executed.max.per_cycle_active [inst/cycle],0.42,0.42,0.42,0.95
sm__inst_executed.max.per_cycle_elapsed [inst/cycle],0.36,0.36,0.36,0.87
sm__inst_executed.min.pct_of_peak_sustained_elapsed [%],8.13,7.91,7.87,19.79
sm__inst_executed.min.per_cycle_active [inst/cycle],0.39,0.38,0.37,0.86
sm__inst_executed.min.per_cycle_elapsed [inst/cycle],0.33,0.32,0.31,0.79
sm__inst_executed.sum.pct_of_peak_sustained_elapsed [%],8.46,8.43,8.40,20.58
sm__inst_executed.sum.per_cycle_active [inst/cycle],8.02,8.01,7.97,17.94
sm__inst_executed.sum.per_cycle_elapsed [inst/cycle],6.76,6.75,6.72,16.47
sm__inst_executed_pipe_adu.avg.pct_of_peak_sustained_active [%],5.34,5.34,5.31,1.49
sm__inst_executed_pipe_adu.avg.pct_of_peak_sustained_elapsed [%],4.51,4.50,4.48,1.37
sm__inst_executed_pipe_adu.max.pct_of_peak_sustained_active [%],5.65,5.65,5.62,1.58
sm__inst_executed_pipe_adu.max.pct_of_peak_sustained_elapsed [%],4.77,4.76,4.74,1.45
sm__inst_executed_pipe_adu.min.pct_of_peak_sustained_active [%],5.14,5.01,4.98,1.44
sm__inst_executed_pipe_adu.min.pct_of_peak_sustained_elapsed [%],4.34,4.22,4.20,1.32
sm__inst_executed_pipe_adu.sum.pct_of_peak_sustained_active [%],5.34,5.34,5.31,1.49
sm__inst_executed_pipe_adu.sum.pct_of_peak_sustained_elapsed [%],4.51,4.50,4.48,1.37
sm__inst_executed_pipe_alu.avg.pct_of_peak_sustained_active [%],6.68,6.68,6.64,17.19
sm__inst_executed_pipe_alu.avg.pct_of_peak_sustained_elapsed [%],5.64,5.62,5.60,15.78
sm__inst_executed_pipe_alu.max.pct_of_peak_sustained_active [%],6.90,7.22,7.03,18.19
sm__inst_executed_pipe_alu.max.pct_of_peak_sustained_elapsed [%],5.83,6.08,5.92,16.69
sm__inst_executed_pipe_alu.min.pct_of_peak_sustained_active [%],6.26,6.42,6.23,16.53
sm__inst_executed_pipe_alu.min.pct_of_peak_sustained_elapsed [%],5.28,5.41,5.25,15.17
sm__inst_executed_pipe_alu.sum.pct_of_peak_sustained_active [%],6.68,6.68,6.64,17.19
sm__inst_executed_pipe_alu.sum.pct_of_peak_sustained_elapsed [%],5.64,5.62,5.60,15.78
sm__inst_executed_pipe_cbu.avg.pct_of_peak_sustained_active [%],1.34,1.34,1.33,0.37
sm__inst_executed_pipe_cbu.avg.pct_of_peak_sustained_elapsed [%],1.13,1.12,1.12,0.34
sm__inst_executed_pipe_cbu.max.pct_of_peak_sustained_active [%],1.38,1.44,1.41,0.39
sm__inst_executed_pipe_cbu.max.pct_of_peak_sustained_elapsed [%],1.17,1.22,1.18,0.36
sm__inst_executed_pipe_cbu.min.pct_of_peak_sustained_active [%],1.25,1.28,1.25,0.35
sm__inst_executed_pipe_cbu.min.pct_of_peak_sustained_elapsed [%],1.06,1.08,1.05,0.32
sm__inst_executed_pipe_cbu.sum.pct_of_peak_sustained_active [%],1.34,1.34,1.33,0.37
sm__inst_executed_pipe_cbu.sum.pct_of_peak_sustained_elapsed [%],1.13,1.12,1.12,0.34
sm__inst_executed_pipe_cbu_pred_on_any.avg.pct_of_peak_sustained_elapsed [%],2.32,2.34,2.32,1.19
sm__inst_executed_pipe_cbu_pred_on_any.max.pct_of_peak_sustained_elapsed [%],2.44,2.55,2.46,1.26
sm__inst_executed_pipe_cbu_pred_on_any.min.pct_of_peak_sustained_elapsed [%],2.20,2.21,2.16,1.15
sm__inst_executed_pipe_cbu_pred_on_any.sum.pct_of_peak_sustained_elapsed [%],2.32,2.34,2.32,1.19
sm__inst_executed_pipe_fma.avg.pct_of_peak_sustained_active [%],2.00,2.00,1.99,8.09
sm__inst_executed_pipe_fma.avg.pct_of_peak_sustained_elapsed [%],1.69,1.69,1.68,7.43
sm__inst_executed_pipe_fma.max.pct_of_peak_sustained_active [%],2.07,2.17,2.11,8.56
sm__inst_executed_pipe_fma.max.pct_of_peak_sustained_elapsed [%],1.75,1.82,1.78,7.85
sm__inst_executed_pipe_fma.min.pct_of_peak_sustained_active [%],1.88,1.93,1.87,7.78
sm__inst_executed_pipe_fma.min.pct_of_peak_sustained_elapsed [%],1.59,1.62,1.57,7.14
sm__inst_executed_pipe_fma.sum.pct_of_peak_sustained_active [%],2.00,2.00,1.99,8.09
sm__inst_executed_pipe_fma.sum.pct_of_peak_sustained_elapsed [%],1.69,1.69,1.68,7.43
sm__inst_executed_pipe_fma_type_fp16.avg.pct_of_peak_sustained_active [%],0,0,0,0
sm__inst_executed_pipe_fma_type_fp16.avg.pct_of_peak_sustained_elapsed [%],0,0,0,0
sm__inst_executed_pipe_fp64_op_dmma.avg.pct_of_peak_sustained_active [%],0,0,0,0
sm__inst_executed_pipe_fp64_op_dmma.avg.pct_of_peak_sustained_elapsed [%],0,0,0,0
sm__inst_executed_pipe_fp64_op_dmma.max.pct_of_peak_sustained_active [%],0,0,0,0
sm__inst_executed_pipe_fp64_op_dmma.max.pct_of_peak_sustained_elapsed [%],0,0,0,0
sm__inst_executed_pipe_fp64_op_dmma.min.pct_of_peak_sustained_active [%],0,0,0,0
sm__inst_executed_pipe_fp64_op_dmma.min.pct_of_peak_sustained_elapsed [%],0,0,0,0
sm__inst_executed_pipe_fp64_op_dmma.sum.pct_of_peak_sustained_active [%],0,0,0,0
sm__inst_executed_pipe_fp64_op_dmma.sum.pct_of_peak_sustained_elapsed [%],0,0,0,0
sm__inst_executed_pipe_fp64_op_fp64.avg.pct_of_peak_sustained_active [%],0,0,0,0
sm__inst_executed_pipe_fp64_op_fp64.avg.pct_of_peak_sustained_elapsed [%],0,0,0,0
sm__inst_executed_pipe_fp64_op_fp64.max.pct_of_peak_sustained_active [%],0,0,0,0
sm__inst_executed_pipe_fp64_op_fp64.max.pct_of_peak_sustained_elapsed [%],0,0,0,0
sm__inst_executed_pipe_fp64_op_fp64.min.pct_of_peak_sustained_active [%],0,0,0,0
sm__inst_executed_pipe_fp64_op_fp64.min.pct_of_peak_sustained_elapsed [%],0,0,0,0
sm__inst_executed_pipe_fp64_op_fp64.sum.pct_of_peak_sustained_active [%],0,0,0,0
sm__inst_executed_pipe_fp64_op_fp64.sum.pct_of_peak_sustained_elapsed [%],0,0,0,0
sm__inst_executed_pipe_ipa.avg.pct_of_peak_sustained_elapsed [%],0,0,0,0
sm__inst_executed_pipe_ipa.max.pct_of_peak_sustained_elapsed [%],0,0,0,0
sm__inst_executed_pipe_ipa.min.pct_of_peak_sustained_elapsed [%],0,0,0,0
sm__inst_executed_pipe_ipa.sum.pct_of_peak_sustained_elapsed [%],0,0,0,0
sm__inst_executed_pipe_lsu.avg.pct_of_peak_sustained_active [%],16.03,16.03,15.94,25.10
sm__inst_executed_pipe_lsu.avg.pct_of_peak_sustained_elapsed [%],13.53,13.49,13.43,23.04
sm__inst_executed_pipe_lsu.max.pct_of_peak_sustained_active [%],16.96,16.57,16.86,26.55
sm__inst_executed_pipe_lsu.max.pct_of_peak_sustained_elapsed [%],14.31,13.95,14.21,24.37
sm__inst_executed_pipe_lsu.min.pct_of_peak_sustained_active [%],15.03,15.03,14.95,24.14
sm__inst_executed_pipe_lsu.min.pct_of_peak_sustained_elapsed [%],12.68,12.65,12.59,22.16
sm__inst_executed_pipe_lsu.sum.pct_of_peak_sustained_active [%],16.03,16.03,15.94,25.10
sm__inst_executed_pipe_lsu.sum.pct_of_peak_sustained_elapsed [%],13.53,13.49,13.43,23.04
sm__inst_executed_pipe_tensor_op_hmma_v2.avg.pct_of_peak_sustained_active [%],0,0,0,0.75
sm__inst_executed_pipe_tensor_op_hmma_v2.avg.pct_of_peak_sustained_elapsed [%],0,0,0,0.69
sm__inst_executed_pipe_tensor_op_imma_v2.avg.pct_of_peak_sustained_active [%],0,0,0,0
sm__inst_executed_pipe_tensor_op_imma_v2.avg.pct_of_peak_sustained_elapsed [%],0,0,0,0
sm__inst_executed_pipe_tex.avg.pct_of_peak_sustained_active [%],0,0,0,0
sm__inst_executed_pipe_tex.avg.pct_of_peak_sustained_elapsed [%],0,0,0,0
sm__inst_executed_pipe_tex.max.pct_of_peak_sustained_active [%],0,0,0,0
sm__inst_executed_pipe_tex.max.pct_of_peak_sustained_elapsed [%],0,0,0,0
sm__inst_executed_pipe_tex.min.pct_of_peak_sustained_active [%],0,0,0,0
sm__inst_executed_pipe_tex.min.pct_of_peak_sustained_elapsed [%],0,0,0,0
sm__inst_executed_pipe_tex.sum.pct_of_peak_sustained_active [%],0,0,0,0
sm__inst_executed_pipe_tex.sum.pct_of_peak_sustained_elapsed [%],0,0,0,0
sm__inst_executed_pipe_uniform.avg.pct_of_peak_sustained_active [%],1.34,1.34,1.33,0.94
sm__inst_executed_pipe_uniform.avg.pct_of_peak_sustained_elapsed [%],1.13,1.12,1.12,0.87
sm__inst_executed_pipe_uniform.max.pct_of_peak_sustained_active [%],1.41,1.38,1.41,1.00
sm__inst_executed_pipe_uniform.max.pct_of_peak_sustained_elapsed [%],1.19,1.16,1.18,0.92
sm__inst_executed_pipe_uniform.min.pct_of_peak_sustained_active [%],1.22,1.28,1.28,0.91
sm__inst_executed_pipe_uniform.min.pct_of_peak_sustained_elapsed [%],1.03,1.08,1.08,0.83
sm__inst_executed_pipe_uniform.sum.pct_of_peak_sustained_active [%],1.34,1.34,1.33,0.94
sm__inst_executed_pipe_uniform.sum.pct_of_peak_sustained_elapsed [%],1.13,1.12,1.12,0.87
sm__inst_executed_pipe_xu.avg.pct_of_peak_sustained_active [%],0,0,0,3.41
sm__inst_executed_pipe_xu.avg.pct_of_peak_sustained_elapsed [%],0,0,0,3.13
sm__inst_executed_pipe_xu.max.pct_of_peak_sustained_active [%],0,0,0,3.60
sm__inst_executed_pipe_xu.max.pct_of_peak_sustained_elapsed [%],0,0,0,3.31
sm__inst_executed_pipe_xu.min.pct_of_peak_sustained_active [%],0,0,0,3.28
sm__inst_executed_pipe_xu.min.pct_of_peak_sustained_elapsed [%],0,0,0,3.01
sm__inst_executed_pipe_xu.sum.pct_of_peak_sustained_active [%],0,0,0,3.41
sm__inst_executed_pipe_xu.sum.pct_of_peak_sustained_elapsed [%],0,0,0,3.13
sm__inst_issued.avg.pct_of_peak_sustained_elapsed [%],8.80,8.78,8.74,20.72
sm__inst_issued.avg.per_cycle_active [inst/cycle],0.42,0.42,0.41,0.90
sm__inst_issued.max.pct_of_peak_sustained_elapsed [%],9.29,9.06,9.22,21.92
sm__inst_issued.max.per_cycle_active [inst/cycle],0.44,0.43,0.44,0.96
sm__inst_issued.min.pct_of_peak_sustained_elapsed [%],8.07,8.45,8.42,19.92
sm__inst_issued.min.per_cycle_active [inst/cycle],0.38,0.40,0.40,0.87
sm__inst_issued.sum.pct_of_peak_sustained_elapsed [%],8.80,8.78,8.74,20.72
sm__inst_issued.sum.per_cycle_active [inst/cycle],8.34,8.34,8.30,18.06
sm__instruction_throughput.avg.pct_of_peak_sustained_elapsed [%],8.80,8.78,8.74,20.72
sm__instruction_throughput.max.pct_of_peak_sustained_elapsed [%],9.29,9.06,9.22,21.92
sm__instruction_throughput.min.pct_of_peak_sustained_elapsed [%],8.13,8.45,8.42,19.92
sm__instruction_throughput.sum.pct_of_peak_sustained_elapsed [%],8.80,8.78,8.74,20.72
sm__instruction_throughput_internal_activity.avg.pct_of_peak_sustained_elapsed [%],0,0,0,0
sm__instruction_throughput_internal_activity.max.pct_of_peak_sustained_elapsed [%],0,0,0,0
sm__instruction_throughput_internal_activity.min.pct_of_peak_sustained_elapsed [%],0,0,0,0
sm__instruction_throughput_internal_activity.sum.pct_of_peak_sustained_elapsed [%],0,0,0,0
sm__issue_active.avg.pct_of_peak_sustained_elapsed [%],8.80,8.78,8.74,20.72
sm__issue_active.max.pct_of_peak_sustained_elapsed [%],9.29,9.06,9.22,21.92
sm__issue_active.min.pct_of_peak_sustained_elapsed [%],8.07,8.45,8.42,19.92
sm__issue_active.sum.pct_of_peak_sustained_elapsed [%],8.80,8.78,8.74,20.72
sm__maximum_warps_avg_per_active_cycle [warp],48,48,48,44
sm__maximum_warps_per_active_cycle_pct [%],100,100,100,91.67
sm__memory_throughput.avg.pct_of_peak_sustained_elapsed [%],13.53,13.49,13.43,23.04
sm__memory_throughput.max.pct_of_peak_sustained_elapsed [%],14.31,13.95,14.21,24.37
sm__memory_throughput.min.pct_of_peak_sustained_elapsed [%],12.68,12.65,12.59,22.16
sm__memory_throughput.sum.pct_of_peak_sustained_elapsed [%],13.53,13.49,13.43,23.04
sm__memory_throughput_internal_activity.avg.pct_of_peak_sustained_elapsed [%],0,0,0,0
sm__memory_throughput_internal_activity.max.pct_of_peak_sustained_elapsed [%],0,0,0,0
sm__memory_throughput_internal_activity.min.pct_of_peak_sustained_elapsed [%],0,0,0,0
sm__memory_throughput_internal_activity.sum.pct_of_peak_sustained_elapsed [%],0,0,0,0
sm__mio2rf_writeback_active.avg.pct_of_peak_sustained_elapsed [%],3.38,3.37,3.36,3.87
sm__mio2rf_writeback_active.max.pct_of_peak_sustained_elapsed [%],3.58,3.49,3.55,4.13
sm__mio2rf_writeback_active.min.pct_of_peak_sustained_elapsed [%],3.17,3.24,3.15,3.71
sm__mio2rf_writeback_active.sum.pct_of_peak_sustained_elapsed [%],3.38,3.37,3.36,3.87
sm__mio_inst_issued.avg.pct_of_peak_sustained_elapsed [%],6.01,6.00,5.97,8.14
sm__mio_inst_issued.max.pct_of_peak_sustained_elapsed [%],6.36,6.23,6.32,8.61
sm__mio_inst_issued.min.pct_of_peak_sustained_elapsed [%],5.67,5.62,5.60,7.82
sm__mio_inst_issued.sum.pct_of_peak_sustained_elapsed [%],6.01,6.00,5.97,8.14
sm__mio_pq_read_cycles_active.avg.pct_of_peak_sustained_elapsed [%],2.25,2.25,2.24,5.12
sm__mio_pq_read_cycles_active.max.pct_of_peak_sustained_elapsed [%],2.33,2.38,2.37,5.41
sm__mio_pq_read_cycles_active.min.pct_of_peak_sustained_elapsed [%],2.17,2.16,2.10,4.92
sm__mio_pq_read_cycles_active.sum.pct_of_peak_sustained_elapsed [%],2.25,2.25,2.24,5.12
sm__mio_pq_write_cycles_active.avg.pct_of_peak_sustained_elapsed [%],2.25,2.25,2.24,5.37
sm__mio_pq_write_cycles_active.max.pct_of_peak_sustained_elapsed [%],2.33,2.38,2.37,5.68
sm__mio_pq_write_cycles_active.min.pct_of_peak_sustained_elapsed [%],2.17,2.16,2.10,5.17
sm__mio_pq_write_cycles_active.sum.pct_of_peak_sustained_elapsed [%],2.25,2.25,2.24,5.37
sm__ops_path_tensor_src_bf16_dst_fp32_sparsity_off.avg,0,0,0,0
sm__ops_path_tensor_src_bf16_dst_fp32_sparsity_off.avg.pct_of_peak_sustained_elapsed [%],0,0,0,0
sm__ops_path_tensor_src_bf16_dst_fp32_sparsity_off.avg.peak_sustained,512,512,512,512
sm__ops_path_tensor_src_bf16_dst_fp32_sparsity_off.avg.per_cycle_elapsed,0,0,0,0
sm__ops_path_tensor_src_bf16_dst_fp32_sparsity_off.avg.per_second,0,0,0,0
sm__ops_path_tensor_src_bf16_dst_fp32_sparsity_off.max,0,0,0,0
sm__ops_path_tensor_src_bf16_dst_fp32_sparsity_off.max.pct_of_peak_sustained_elapsed [%],0,0,0,0
sm__ops_path_tensor_src_bf16_dst_fp32_sparsity_off.max.peak_sustained,512,512,512,512
sm__ops_path_tensor_src_bf16_dst_fp32_sparsity_off.max.per_cycle_elapsed,0,0,0,0
sm__ops_path_tensor_src_bf16_dst_fp32_sparsity_off.max.per_second,0,0,0,0
sm__ops_path_tensor_src_bf16_dst_fp32_sparsity_off.min,0,0,0,0
sm__ops_path_tensor_src_bf16_dst_fp32_sparsity_off.min.pct_of_peak_sustained_elapsed [%],0,0,0,0
sm__ops_path_tensor_src_bf16_dst_fp32_sparsity_off.min.peak_sustained,512,512,512,512
sm__ops_path_tensor_src_bf16_dst_fp32_sparsity_off.min.per_cycle_elapsed,0,0,0,0
sm__ops_path_tensor_src_bf16_dst_fp32_sparsity_off.min.per_second,0,0,0,0
sm__ops_path_tensor_src_bf16_dst_fp32_sparsity_off.sum,0,0,0,0
sm__ops_path_tensor_src_bf16_dst_fp32_sparsity_off.sum.pct_of_peak_sustained_elapsed [%],0,0,0,0
sm__ops_path_tensor_src_bf16_dst_fp32_sparsity_off.sum.peak_sustained,"10,240","10,240","10,240","10,240"
sm__ops_path_tensor_src_bf16_dst_fp32_sparsity_off.sum.peak_sustained_elapsed.per_second,"2,16,66,34,86,23,853.21","2,15,26,54,54,54,545.46","2,16,19,49,09,09,090.91","2,17,05,87,70,94,972.07"
sm__ops_path_tensor_src_bf16_dst_fp32_sparsity_off.sum.per_cycle_elapsed,0,0,0,0
sm__ops_path_tensor_src_bf16_dst_fp32_sparsity_off.sum.per_second,0,0,0,0
sm__ops_path_tensor_src_bf16_dst_fp32_sparsity_on.avg,0,0,0,0
sm__ops_path_tensor_src_bf16_dst_fp32_sparsity_on.avg.pct_of_peak_sustained_elapsed [%],0,0,0,0
sm__ops_path_tensor_src_bf16_dst_fp32_sparsity_on.avg.peak_sustained,"1,024","1,024","1,024","1,024"
sm__ops_path_tensor_src_bf16_dst_fp32_sparsity_on.avg.per_cycle_elapsed,0,0,0,0
sm__ops_path_tensor_src_bf16_dst_fp32_sparsity_on.avg.per_second,0,0,0,0
sm__ops_path_tensor_src_bf16_dst_fp32_sparsity_on.max,0,0,0,0
sm__ops_path_tensor_src_bf16_dst_fp32_sparsity_on.max.pct_of_peak_sustained_elapsed [%],0,0,0,0
sm__ops_path_tensor_src_bf16_dst_fp32_sparsity_on.max.peak_sustained,"1,024","1,024","1,024","1,024"
sm__ops_path_tensor_src_bf16_dst_fp32_sparsity_on.max.per_cycle_elapsed,0,0,0,0
sm__ops_path_tensor_src_bf16_dst_fp32_sparsity_on.max.per_second,0,0,0,0
sm__ops_path_tensor_src_bf16_dst_fp32_sparsity_on.min,0,0,0,0
sm__ops_path_tensor_src_bf16_dst_fp32_sparsity_on.min.pct_of_peak_sustained_elapsed [%],0,0,0,0
sm__ops_path_tensor_src_bf16_dst_fp32_sparsity_on.min.peak_sustained,"1,024","1,024","1,024","1,024"
sm__ops_path_tensor_src_bf16_dst_fp32_sparsity_on.min.per_cycle_elapsed,0,0,0,0
sm__ops_path_tensor_src_bf16_dst_fp32_sparsity_on.min.per_second,0,0,0,0
sm__ops_path_tensor_src_bf16_dst_fp32_sparsity_on.sum,0,0,0,0
sm__ops_path_tensor_src_bf16_dst_fp32_sparsity_on.sum.pct_of_peak_sustained_elapsed [%],0,0,0,0
sm__ops_path_tensor_src_bf16_dst_fp32_sparsity_on.sum.peak_sustained,"20,480","20,480","20,480","20,480"
sm__ops_path_tensor_src_bf16_dst_fp32_sparsity_on.sum.peak_sustained_elapsed.per_second,"4,33,32,69,72,47,706.42","4,30,53,09,09,09,090.91","4,32,38,98,18,18,181.82","4,34,11,75,41,89,944.13"
sm__ops_path_tensor_src_bf16_dst_fp32_sparsity_on.sum.per_cycle_elapsed,0,0,0,0
sm__ops_path_tensor_src_bf16_dst_fp32_sparsity_on.sum.per_second,0,0,0,0
sm__ops_path_tensor_src_fp16_dst_fp16_sparsity_off.avg,0,0,0,0
sm__ops_path_tensor_src_fp16_dst_fp16_sparsity_off.avg.pct_of_peak_sustained_elapsed [%],0,0,0,0
sm__ops_path_tensor_src_fp16_dst_fp16_sparsity_off.avg.peak_sustained,"1,024","1,024","1,024","1,024"
sm__ops_path_tensor_src_fp16_dst_fp16_sparsity_off.avg.per_cycle_elapsed,0,0,0,0
sm__ops_path_tensor_src_fp16_dst_fp16_sparsity_off.avg.per_second,0,0,0,0
sm__ops_path_tensor_src_fp16_dst_fp16_sparsity_off.max,0,0,0,0
sm__ops_path_tensor_src_fp16_dst_fp16_sparsity_off.max.pct_of_peak_sustained_elapsed [%],0,0,0,0
sm__ops_path_tensor_src_fp16_dst_fp16_sparsity_off.max.peak_sustained,"1,024","1,024","1,024","1,024"
sm__ops_path_tensor_src_fp16_dst_fp16_sparsity_off.max.per_cycle_elapsed,0,0,0,0
sm__ops_path_tensor_src_fp16_dst_fp16_sparsity_off.max.per_second,0,0,0,0
sm__ops_path_tensor_src_fp16_dst_fp16_sparsity_off.min,0,0,0,0
sm__ops_path_tensor_src_fp16_dst_fp16_sparsity_off.min.pct_of_peak_sustained_elapsed [%],0,0,0,0
sm__ops_path_tensor_src_fp16_dst_fp16_sparsity_off.min.peak_sustained,"1,024","1,024","1,024","1,024"
sm__ops_path_tensor_src_fp16_dst_fp16_sparsity_off.min.per_cycle_elapsed,0,0,0,0
sm__ops_path_tensor_src_fp16_dst_fp16_sparsity_off.min.per_second,0,0,0,0
sm__ops_path_tensor_src_fp16_dst_fp16_sparsity_off.sum,0,0,0,0
sm__ops_path_tensor_src_fp16_dst_fp16_sparsity_off.sum.pct_of_peak_sustained_elapsed [%],0,0,0,0
sm__ops_path_tensor_src_fp16_dst_fp16_sparsity_off.sum.peak_sustained,"20,480","20,480","20,480","20,480"
sm__ops_path_tensor_src_fp16_dst_fp16_sparsity_off.sum.peak_sustained_elapsed.per_second,"4,33,32,69,72,47,706.42","4,30,53,09,09,09,090.91","4,32,38,98,18,18,181.82","4,34,11,75,41,89,944.13"
sm__ops_path_tensor_src_fp16_dst_fp16_sparsity_off.sum.per_cycle_elapsed,0,0,0,0
sm__ops_path_tensor_src_fp16_dst_fp16_sparsity_off.sum.per_second,0,0,0,0
sm__ops_path_tensor_src_fp16_dst_fp16_sparsity_on.avg,0,0,0,0
sm__ops_path_tensor_src_fp16_dst_fp16_sparsity_on.avg.pct_of_peak_sustained_elapsed [%],0,0,0,0
sm__ops_path_tensor_src_fp16_dst_fp16_sparsity_on.avg.peak_sustained,"2,048","2,048","2,048","2,048"
sm__ops_path_tensor_src_fp16_dst_fp16_sparsity_on.avg.per_cycle_elapsed,0,0,0,0
sm__ops_path_tensor_src_fp16_dst_fp16_sparsity_on.avg.per_second,0,0,0,0
sm__ops_path_tensor_src_fp16_dst_fp16_sparsity_on.max,0,0,0,0
sm__ops_path_tensor_src_fp16_dst_fp16_sparsity_on.max.pct_of_peak_sustained_elapsed [%],0,0,0,0
sm__ops_path_tensor_src_fp16_dst_fp16_sparsity_on.max.peak_sustained,"2,048","2,048","2,048","2,048"
sm__ops_path_tensor_src_fp16_dst_fp16_sparsity_on.max.per_cycle_elapsed,0,0,0,0
sm__ops_path_tensor_src_fp16_dst_fp16_sparsity_on.max.per_second,0,0,0,0
sm__ops_path_tensor_src_fp16_dst_fp16_sparsity_on.min,0,0,0,0
sm__ops_path_tensor_src_fp16_dst_fp16_sparsity_on.min.pct_of_peak_sustained_elapsed [%],0,0,0,0
sm__ops_path_tensor_src_fp16_dst_fp16_sparsity_on.min.peak_sustained,"2,048","2,048","2,048","2,048"
sm__ops_path_tensor_src_fp16_dst_fp16_sparsity_on.min.per_cycle_elapsed,0,0,0,0
sm__ops_path_tensor_src_fp16_dst_fp16_sparsity_on.min.per_second,0,0,0,0
sm__ops_path_tensor_src_fp16_dst_fp16_sparsity_on.sum,0,0,0,0
sm__ops_path_tensor_src_fp16_dst_fp16_sparsity_on.sum.pct_of_peak_sustained_elapsed [%],0,0,0,0
sm__ops_path_tensor_src_fp16_dst_fp16_sparsity_on.sum.peak_sustained,"40,960","40,960","40,960","40,960"
sm__ops_path_tensor_src_fp16_dst_fp16_sparsity_on.sum.peak_sustained_elapsed.per_second,"8,66,65,39,44,95,412.84","8,61,06,18,18,18,181.83","8,64,77,96,36,36,363.64","8,68,23,50,83,79,888.27"
sm__ops_path_tensor_src_fp16_dst_fp16_sparsity_on.sum.per_cycle_elapsed,0,0,0,0
sm__ops_path_tensor_src_fp16_dst_fp16_sparsity_on.sum.per_second,0,0,0,0
sm__ops_path_tensor_src_fp16_dst_fp32_sparsity_off.avg,0,0,0,"6,81,574.40"
sm__ops_path_tensor_src_fp16_dst_fp32_sparsity_off.avg.pct_of_peak_sustained_elapsed [%],0,0,0,2.74
sm__ops_path_tensor_src_fp16_dst_fp32_sparsity_off.avg.peak_sustained,512,512,512,512
sm__ops_path_tensor_src_fp16_dst_fp32_sparsity_off.avg.per_cycle_elapsed,0,0,0,14.03
sm__ops_path_tensor_src_fp16_dst_fp32_sparsity_off.avg.per_second,0,0,0,"29,74,74,86,033.52"
sm__ops_path_tensor_src_fp16_dst_fp32_sparsity_off.max,0,0,0,"7,20,896"
sm__ops_path_tensor_src_fp16_dst_fp32_sparsity_off.max.pct_of_peak_sustained_elapsed [%],0,0,0,2.90
sm__ops_path_tensor_src_fp16_dst_fp32_sparsity_off.max.peak_sustained,512,512,512,512
sm__ops_path_tensor_src_fp16_dst_fp32_sparsity_off.max.per_cycle_elapsed,0,0,0,14.84
sm__ops_path_tensor_src_fp16_dst_fp32_sparsity_off.max.per_second,0,0,0,"31,46,36,87,150.84"
sm__ops_path_tensor_src_fp16_dst_fp32_sparsity_off.min,0,0,0,"6,55,360"
sm__ops_path_tensor_src_fp16_dst_fp32_sparsity_off.min.pct_of_peak_sustained_elapsed [%],0,0,0,2.64
sm__ops_path_tensor_src_fp16_dst_fp32_sparsity_off.min.peak_sustained,512,512,512,512
sm__ops_path_tensor_src_fp16_dst_fp32_sparsity_off.min.per_cycle_elapsed,0,0,0,13.49
sm__ops_path_tensor_src_fp16_dst_fp32_sparsity_off.min.per_second,0,0,0,"28,60,33,51,955.31"
sm__ops_path_tensor_src_fp16_dst_fp32_sparsity_off.sum,0,0,0,"1,36,31,488"
sm__ops_path_tensor_src_fp16_dst_fp32_sparsity_off.sum.pct_of_peak_sustained_elapsed [%],0,0,0,2.74
sm__ops_path_tensor_src_fp16_dst_fp32_sparsity_off.sum.peak_sustained,"10,240","10,240","10,240","10,240"
sm__ops_path_tensor_src_fp16_dst_fp32_sparsity_off.sum.peak_sustained_elapsed.per_second,"2,16,66,34,86,23,853.21","2,15,26,54,54,54,545.46","2,16,19,49,09,09,090.91","2,17,05,87,70,94,972.07"
sm__ops_path_tensor_src_fp16_dst_fp32_sparsity_off.sum.per_cycle_elapsed,0,0,0,280.67
sm__ops_path_tensor_src_fp16_dst_fp32_sparsity_off.sum.per_second,0,0,0,"5,94,94,97,20,670.39"
sm__ops_path_tensor_src_fp16_dst_fp32_sparsity_on.avg,0,0,0,0
sm__ops_path_tensor_src_fp16_dst_fp32_sparsity_on.avg.pct_of_peak_sustained_elapsed [%],0,0,0,0
sm__ops_path_tensor_src_fp16_dst_fp32_sparsity_on.avg.peak_sustained,"1,024","1,024","1,024","1,024"
sm__ops_path_tensor_src_fp16_dst_fp32_sparsity_on.avg.per_cycle_elapsed,0,0,0,0
sm__ops_path_tensor_src_fp16_dst_fp32_sparsity_on.avg.per_second,0,0,0,0
sm__ops_path_tensor_src_fp16_dst_fp32_sparsity_on.max,0,0,0,0
sm__ops_path_tensor_src_fp16_dst_fp32_sparsity_on.max.pct_of_peak_sustained_elapsed [%],0,0,0,0
sm__ops_path_tensor_src_fp16_dst_fp32_sparsity_on.max.peak_sustained,"1,024","1,024","1,024","1,024"
sm__ops_path_tensor_src_fp16_dst_fp32_sparsity_on.max.per_cycle_elapsed,0,0,0,0
sm__ops_path_tensor_src_fp16_dst_fp32_sparsity_on.max.per_second,0,0,0,0
sm__ops_path_tensor_src_fp16_dst_fp32_sparsity_on.min,0,0,0,0
sm__ops_path_tensor_src_fp16_dst_fp32_sparsity_on.min.pct_of_peak_sustained_elapsed [%],0,0,0,0
sm__ops_path_tensor_src_fp16_dst_fp32_sparsity_on.min.peak_sustained,"1,024","1,024","1,024","1,024"
sm__ops_path_tensor_src_fp16_dst_fp32_sparsity_on.min.per_cycle_elapsed,0,0,0,0
sm__ops_path_tensor_src_fp16_dst_fp32_sparsity_on.min.per_second,0,0,0,0
sm__ops_path_tensor_src_fp16_dst_fp32_sparsity_on.sum,0,0,0,0
sm__ops_path_tensor_src_fp16_dst_fp32_sparsity_on.sum.pct_of_peak_sustained_elapsed [%],0,0,0,0
sm__ops_path_tensor_src_fp16_dst_fp32_sparsity_on.sum.peak_sustained,"20,480","20,480","20,480","20,480"
sm__ops_path_tensor_src_fp16_dst_fp32_sparsity_on.sum.peak_sustained_elapsed.per_second,"4,33,32,69,72,47,706.42","4,30,53,09,09,09,090.91","4,32,38,98,18,18,181.82","4,34,11,75,41,89,944.13"
sm__ops_path_tensor_src_fp16_dst_fp32_sparsity_on.sum.per_cycle_elapsed,0,0,0,0
sm__ops_path_tensor_src_fp16_dst_fp32_sparsity_on.sum.per_second,0,0,0,0
sm__ops_path_tensor_src_fp64.avg,0,0,0,0
sm__ops_path_tensor_src_fp64.avg.pct_of_peak_sustained_elapsed [%],0,0,0,0
sm__ops_path_tensor_src_fp64.avg.peak_sustained,3.61,3.61,3.61,3.61
sm__ops_path_tensor_src_fp64.avg.per_cycle_elapsed,0,0,0,0
sm__ops_path_tensor_src_fp64.avg.per_second,0,0,0,0
sm__ops_path_tensor_src_fp64.max,0,0,0,0
sm__ops_path_tensor_src_fp64.max.pct_of_peak_sustained_elapsed [%],0,0,0,0
sm__ops_path_tensor_src_fp64.max.peak_sustained,3.61,3.61,3.61,3.61
sm__ops_path_tensor_src_fp64.max.per_cycle_elapsed,0,0,0,0
sm__ops_path_tensor_src_fp64.max.per_second,0,0,0,0
sm__ops_path_tensor_src_fp64.min,0,0,0,0
sm__ops_path_tensor_src_fp64.min.pct_of_peak_sustained_elapsed [%],0,0,0,0
sm__ops_path_tensor_src_fp64.min.peak_sustained,3.61,3.61,3.61,3.61
sm__ops_path_tensor_src_fp64.min.per_cycle_elapsed,0,0,0,0
sm__ops_path_tensor_src_fp64.min.per_second,0,0,0,0
sm__ops_path_tensor_src_fp64.sum,0,0,0,0
sm__ops_path_tensor_src_fp64.sum.pct_of_peak_sustained_elapsed [%],0,0,0,0
sm__ops_path_tensor_src_fp64.sum.peak_sustained,72.11,72.11,72.11,72.11
sm__ops_path_tensor_src_fp64.sum.peak_sustained_elapsed.per_second,"1,52,57,99,19,886.29","1,51,59,53,90,524.97","1,52,24,99,35,979.51","1,52,85,82,89,401.21"
sm__ops_path_tensor_src_fp64.sum.per_cycle_elapsed,0,0,0,0
sm__ops_path_tensor_src_fp64.sum.per_second,0,0,0,0
sm__ops_path_tensor_src_fp8_sparsity_off.avg,0,0,0,0
sm__ops_path_tensor_src_fp8_sparsity_off.avg.pct_of_peak_sustained_elapsed [%],0,0,0,0
sm__ops_path_tensor_src_fp8_sparsity_off.avg.peak_sustained,"2,048","2,048","2,048","2,048"
sm__ops_path_tensor_src_fp8_sparsity_off.avg.per_cycle_elapsed,0,0,0,0
sm__ops_path_tensor_src_fp8_sparsity_off.avg.per_second,0,0,0,0
sm__ops_path_tensor_src_fp8_sparsity_off.max,0,0,0,0
sm__ops_path_tensor_src_fp8_sparsity_off.max.pct_of_peak_sustained_elapsed [%],0,0,0,0
sm__ops_path_tensor_src_fp8_sparsity_off.max.peak_sustained,"2,048","2,048","2,048","2,048"
sm__ops_path_tensor_src_fp8_sparsity_off.max.per_cycle_elapsed,0,0,0,0
sm__ops_path_tensor_src_fp8_sparsity_off.max.per_second,0,0,0,0
sm__ops_path_tensor_src_fp8_sparsity_off.min,0,0,0,0
sm__ops_path_tensor_src_fp8_sparsity_off.min.pct_of_peak_sustained_elapsed [%],0,0,0,0
sm__ops_path_tensor_src_fp8_sparsity_off.min.peak_sustained,"2,048","2,048","2,048","2,048"
sm__ops_path_tensor_src_fp8_sparsity_off.min.per_cycle_elapsed,0,0,0,0
sm__ops_path_tensor_src_fp8_sparsity_off.min.per_second,0,0,0,0
sm__ops_path_tensor_src_fp8_sparsity_off.sum,0,0,0,0
sm__ops_path_tensor_src_fp8_sparsity_off.sum.pct_of_peak_sustained_elapsed [%],0,0,0,0
sm__ops_path_tensor_src_fp8_sparsity_off.sum.peak_sustained,"40,960","40,960","40,960","40,960"
sm__ops_path_tensor_src_fp8_sparsity_off.sum.peak_sustained_elapsed.per_second,"8,66,65,39,44,95,412.84","8,61,06,18,18,18,181.83","8,64,77,96,36,36,363.64","8,68,23,50,83,79,888.27"
sm__ops_path_tensor_src_fp8_sparsity_off.sum.per_cycle_elapsed,0,0,0,0
sm__ops_path_tensor_src_fp8_sparsity_off.sum.per_second,0,0,0,0
sm__ops_path_tensor_src_fp8_sparsity_on.avg,0,0,0,0
sm__ops_path_tensor_src_fp8_sparsity_on.avg.pct_of_peak_sustained_elapsed [%],0,0,0,0
sm__ops_path_tensor_src_fp8_sparsity_on.avg.peak_sustained,"4,096","4,096","4,096","4,096"
sm__ops_path_tensor_src_fp8_sparsity_on.avg.per_cycle_elapsed,0,0,0,0
sm__ops_path_tensor_src_fp8_sparsity_on.avg.per_second,0,0,0,0
sm__ops_path_tensor_src_fp8_sparsity_on.max,0,0,0,0
sm__ops_path_tensor_src_fp8_sparsity_on.max.pct_of_peak_sustained_elapsed [%],0,0,0,0
sm__ops_path_tensor_src_fp8_sparsity_on.max.peak_sustained,"4,096","4,096","4,096","4,096"
sm__ops_path_tensor_src_fp8_sparsity_on.max.per_cycle_elapsed,0,0,0,0
sm__ops_path_tensor_src_fp8_sparsity_on.max.per_second,0,0,0,0
sm__ops_path_tensor_src_fp8_sparsity_on.min,0,0,0,0
sm__ops_path_tensor_src_fp8_sparsity_on.min.pct_of_peak_sustained_elapsed [%],0,0,0,0
sm__ops_path_tensor_src_fp8_sparsity_on.min.peak_sustained,"4,096","4,096","4,096","4,096"
sm__ops_path_tensor_src_fp8_sparsity_on.min.per_cycle_elapsed,0,0,0,0
sm__ops_path_tensor_src_fp8_sparsity_on.min.per_second,0,0,0,0
sm__ops_path_tensor_src_fp8_sparsity_on.sum,0,0,0,0
sm__ops_path_tensor_src_fp8_sparsity_on.sum.pct_of_peak_sustained_elapsed [%],0,0,0,0
sm__ops_path_tensor_src_fp8_sparsity_on.sum.peak_sustained,"81,920","81,920","81,920","81,920"
sm__ops_path_tensor_src_fp8_sparsity_on.sum.peak_sustained_elapsed.per_second,"17,33,30,78,89,90,825.69","17,22,12,36,36,36,363.66","17,29,55,92,72,72,727.28","17,36,47,01,67,59,776.53"
sm__ops_path_tensor_src_fp8_sparsity_on.sum.per_cycle_elapsed,0,0,0,0
sm__ops_path_tensor_src_fp8_sparsity_on.sum.per_second,0,0,0,0
sm__ops_path_tensor_src_int1.avg,0,0,0,0
sm__ops_path_tensor_src_int1.avg.pct_of_peak_sustained_elapsed [%],0,0,0,0
sm__ops_path_tensor_src_int1.avg.peak_sustained,"16,384","16,384","16,384","16,384"
sm__ops_path_tensor_src_int1.avg.per_cycle_elapsed,0,0,0,0
sm__ops_path_tensor_src_int1.avg.per_second,0,0,0,0
sm__ops_path_tensor_src_int1.max,0,0,0,0
sm__ops_path_tensor_src_int1.max.pct_of_peak_sustained_elapsed [%],0,0,0,0
sm__ops_path_tensor_src_int1.max.peak_sustained,"16,384","16,384","16,384","16,384"
sm__ops_path_tensor_src_int1.max.per_cycle_elapsed,0,0,0,0
sm__ops_path_tensor_src_int1.max.per_second,0,0,0,0
sm__ops_path_tensor_src_int1.min,0,0,0,0
sm__ops_path_tensor_src_int1.min.pct_of_peak_sustained_elapsed [%],0,0,0,0
sm__ops_path_tensor_src_int1.min.peak_sustained,"16,384","16,384","16,384","16,384"
sm__ops_path_tensor_src_int1.min.per_cycle_elapsed,0,0,0,0
sm__ops_path_tensor_src_int1.min.per_second,0,0,0,0
sm__ops_path_tensor_src_int1.sum,0,0,0,0
sm__ops_path_tensor_src_int1.sum.pct_of_peak_sustained_elapsed [%],0,0,0,0
sm__ops_path_tensor_src_int1.sum.peak_sustained,"3,27,680","3,27,680","3,27,680","3,27,680"
sm__ops_path_tensor_src_int1.sum.peak_sustained_elapsed.per_second,"69,33,23,15,59,63,302.75","68,88,49,45,45,45,454.62","69,18,23,70,90,90,909.12","69,45,88,06,70,39,106.12"
sm__ops_path_tensor_src_int1.sum.per_cycle_elapsed,0,0,0,0
sm__ops_path_tensor_src_int1.sum.per_second,0,0,0,0
sm__ops_path_tensor_src_int4_sparsity_off.avg,0,0,0,0
sm__ops_path_tensor_src_int4_sparsity_off.avg.pct_of_peak_sustained_elapsed [%],0,0,0,0
sm__ops_path_tensor_src_int4_sparsity_off.avg.peak_sustained,"4,096","4,096","4,096","4,096"
sm__ops_path_tensor_src_int4_sparsity_off.avg.per_cycle_elapsed,0,0,0,0
sm__ops_path_tensor_src_int4_sparsity_off.avg.per_second,0,0,0,0
sm__ops_path_tensor_src_int4_sparsity_off.max,0,0,0,0
sm__ops_path_tensor_src_int4_sparsity_off.max.pct_of_peak_sustained_elapsed [%],0,0,0,0
sm__ops_path_tensor_src_int4_sparsity_off.max.peak_sustained,"4,096","4,096","4,096","4,096"
sm__ops_path_tensor_src_int4_sparsity_off.max.per_cycle_elapsed,0,0,0,0
sm__ops_path_tensor_src_int4_sparsity_off.max.per_second,0,0,0,0
sm__ops_path_tensor_src_int4_sparsity_off.min,0,0,0,0
sm__ops_path_tensor_src_int4_sparsity_off.min.pct_of_peak_sustained_elapsed [%],0,0,0,0
sm__ops_path_tensor_src_int4_sparsity_off.min.peak_sustained,"4,096","4,096","4,096","4,096"
sm__ops_path_tensor_src_int4_sparsity_off.min.per_cycle_elapsed,0,0,0,0
sm__ops_path_tensor_src_int4_sparsity_off.min.per_second,0,0,0,0
sm__ops_path_tensor_src_int4_sparsity_off.sum,0,0,0,0
sm__ops_path_tensor_src_int4_sparsity_off.sum.pct_of_peak_sustained_elapsed [%],0,0,0,0
sm__ops_path_tensor_src_int4_sparsity_off.sum.peak_sustained,"81,920","81,920","81,920","81,920"
sm__ops_path_tensor_src_int4_sparsity_off.sum.peak_sustained_elapsed.per_second,"17,33,30,78,89,90,825.69","17,22,12,36,36,36,363.66","17,29,55,92,72,72,727.28","17,36,47,01,67,59,776.53"
sm__ops_path_tensor_src_int4_sparsity_off.sum.per_cycle_elapsed,0,0,0,0
sm__ops_path_tensor_src_int4_sparsity_off.sum.per_second,0,0,0,0
sm__ops_path_tensor_src_int4_sparsity_on.avg,0,0,0,0
sm__ops_path_tensor_src_int4_sparsity_on.avg.pct_of_peak_sustained_elapsed [%],0,0,0,0
sm__ops_path_tensor_src_int4_sparsity_on.avg.peak_sustained,"8,192","8,192","8,192","8,192"
sm__ops_path_tensor_src_int4_sparsity_on.avg.per_cycle_elapsed,0,0,0,0
sm__ops_path_tensor_src_int4_sparsity_on.avg.per_second,0,0,0,0
sm__ops_path_tensor_src_int4_sparsity_on.max,0,0,0,0
sm__ops_path_tensor_src_int4_sparsity_on.max.pct_of_peak_sustained_elapsed [%],0,0,0,0
sm__ops_path_tensor_src_int4_sparsity_on.max.peak_sustained,"8,192","8,192","8,192","8,192"
sm__ops_path_tensor_src_int4_sparsity_on.max.per_cycle_elapsed,0,0,0,0
sm__ops_path_tensor_src_int4_sparsity_on.max.per_second,0,0,0,0
sm__ops_path_tensor_src_int4_sparsity_on.min,0,0,0,0
sm__ops_path_tensor_src_int4_sparsity_on.min.pct_of_peak_sustained_elapsed [%],0,0,0,0
sm__ops_path_tensor_src_int4_sparsity_on.min.peak_sustained,"8,192","8,192","8,192","8,192"
sm__ops_path_tensor_src_int4_sparsity_on.min.per_cycle_elapsed,0,0,0,0
sm__ops_path_tensor_src_int4_sparsity_on.min.per_second,0,0,0,0
sm__ops_path_tensor_src_int4_sparsity_on.sum,0,0,0,0
sm__ops_path_tensor_src_int4_sparsity_on.sum.pct_of_peak_sustained_elapsed [%],0,0,0,0
sm__ops_path_tensor_src_int4_sparsity_on.sum.peak_sustained,"1,63,840","1,63,840","1,63,840","1,63,840"
sm__ops_path_tensor_src_int4_sparsity_on.sum.peak_sustained_elapsed.per_second,"34,66,61,57,79,81,651.38","34,44,24,72,72,72,727.31","34,59,11,85,45,45,454.56","34,72,94,03,35,19,553.06"
sm__ops_path_tensor_src_int4_sparsity_on.sum.per_cycle_elapsed,0,0,0,0
sm__ops_path_tensor_src_int4_sparsity_on.sum.per_second,0,0,0,0
sm__ops_path_tensor_src_int8_sparsity_off.avg,0,0,0,0
sm__ops_path_tensor_src_int8_sparsity_off.avg.pct_of_peak_sustained_elapsed [%],0,0,0,0
sm__ops_path_tensor_src_int8_sparsity_off.avg.peak_sustained,"2,048","2,048","2,048","2,048"
sm__ops_path_tensor_src_int8_sparsity_off.avg.per_cycle_elapsed,0,0,0,0
sm__ops_path_tensor_src_int8_sparsity_off.avg.per_second,0,0,0,0
sm__ops_path_tensor_src_int8_sparsity_off.max,0,0,0,0
sm__ops_path_tensor_src_int8_sparsity_off.max.pct_of_peak_sustained_elapsed [%],0,0,0,0
sm__ops_path_tensor_src_int8_sparsity_off.max.peak_sustained,"2,048","2,048","2,048","2,048"
sm__ops_path_tensor_src_int8_sparsity_off.max.per_cycle_elapsed,0,0,0,0
sm__ops_path_tensor_src_int8_sparsity_off.max.per_second,0,0,0,0
sm__ops_path_tensor_src_int8_sparsity_off.min,0,0,0,0
sm__ops_path_tensor_src_int8_sparsity_off.min.pct_of_peak_sustained_elapsed [%],0,0,0,0
sm__ops_path_tensor_src_int8_sparsity_off.min.peak_sustained,"2,048","2,048","2,048","2,048"
sm__ops_path_tensor_src_int8_sparsity_off.min.per_cycle_elapsed,0,0,0,0
sm__ops_path_tensor_src_int8_sparsity_off.min.per_second,0,0,0,0
sm__ops_path_tensor_src_int8_sparsity_off.sum,0,0,0,0
sm__ops_path_tensor_src_int8_sparsity_off.sum.pct_of_peak_sustained_elapsed [%],0,0,0,0
sm__ops_path_tensor_src_int8_sparsity_off.sum.peak_sustained,"40,960","40,960","40,960","40,960"
sm__ops_path_tensor_src_int8_sparsity_off.sum.peak_sustained_elapsed.per_second,"8,66,65,39,44,95,412.84","8,61,06,18,18,18,181.83","8,64,77,96,36,36,363.64","8,68,23,50,83,79,888.27"
sm__ops_path_tensor_src_int8_sparsity_off.sum.per_cycle_elapsed,0,0,0,0
sm__ops_path_tensor_src_int8_sparsity_off.sum.per_second,0,0,0,0
sm__ops_path_tensor_src_int8_sparsity_on.avg,0,0,0,0
sm__ops_path_tensor_src_int8_sparsity_on.avg.pct_of_peak_sustained_elapsed [%],0,0,0,0
sm__ops_path_tensor_src_int8_sparsity_on.avg.peak_sustained,"4,096","4,096","4,096","4,096"
sm__ops_path_tensor_src_int8_sparsity_on.avg.per_cycle_elapsed,0,0,0,0
sm__ops_path_tensor_src_int8_sparsity_on.avg.per_second,0,0,0,0
sm__ops_path_tensor_src_int8_sparsity_on.max,0,0,0,0
sm__ops_path_tensor_src_int8_sparsity_on.max.pct_of_peak_sustained_elapsed [%],0,0,0,0
sm__ops_path_tensor_src_int8_sparsity_on.max.peak_sustained,"4,096","4,096","4,096","4,096"
sm__ops_path_tensor_src_int8_sparsity_on.max.per_cycle_elapsed,0,0,0,0
sm__ops_path_tensor_src_int8_sparsity_on.max.per_second,0,0,0,0
sm__ops_path_tensor_src_int8_sparsity_on.min,0,0,0,0
sm__ops_path_tensor_src_int8_sparsity_on.min.pct_of_peak_sustained_elapsed [%],0,0,0,0
sm__ops_path_tensor_src_int8_sparsity_on.min.peak_sustained,"4,096","4,096","4,096","4,096"
sm__ops_path_tensor_src_int8_sparsity_on.min.per_cycle_elapsed,0,0,0,0
sm__ops_path_tensor_src_int8_sparsity_on.min.per_second,0,0,0,0
sm__ops_path_tensor_src_int8_sparsity_on.sum,0,0,0,0
sm__ops_path_tensor_src_int8_sparsity_on.sum.pct_of_peak_sustained_elapsed [%],0,0,0,0
sm__ops_path_tensor_src_int8_sparsity_on.sum.peak_sustained,"81,920","81,920","81,920","81,920"
sm__ops_path_tensor_src_int8_sparsity_on.sum.peak_sustained_elapsed.per_second,"17,33,30,78,89,90,825.69","17,22,12,36,36,36,363.66","17,29,55,92,72,72,727.28","17,36,47,01,67,59,776.53"
sm__ops_path_tensor_src_int8_sparsity_on.sum.per_cycle_elapsed,0,0,0,0
sm__ops_path_tensor_src_int8_sparsity_on.sum.per_second,0,0,0,0
sm__ops_path_tensor_src_tf32_dst_fp32_sparsity_off.avg,0,0,0,0
sm__ops_path_tensor_src_tf32_dst_fp32_sparsity_off.avg.pct_of_peak_sustained_elapsed [%],0,0,0,0
sm__ops_path_tensor_src_tf32_dst_fp32_sparsity_off.avg.peak_sustained,256,256,256,256
sm__ops_path_tensor_src_tf32_dst_fp32_sparsity_off.avg.per_cycle_elapsed,0,0,0,0
sm__ops_path_tensor_src_tf32_dst_fp32_sparsity_off.avg.per_second,0,0,0,0
sm__ops_path_tensor_src_tf32_dst_fp32_sparsity_off.max,0,0,0,0
sm__ops_path_tensor_src_tf32_dst_fp32_sparsity_off.max.pct_of_peak_sustained_elapsed [%],0,0,0,0
sm__ops_path_tensor_src_tf32_dst_fp32_sparsity_off.max.peak_sustained,256,256,256,256
sm__ops_path_tensor_src_tf32_dst_fp32_sparsity_off.max.per_cycle_elapsed,0,0,0,0
sm__ops_path_tensor_src_tf32_dst_fp32_sparsity_off.max.per_second,0,0,0,0
sm__ops_path_tensor_src_tf32_dst_fp32_sparsity_off.min,0,0,0,0
sm__ops_path_tensor_src_tf32_dst_fp32_sparsity_off.min.pct_of_peak_sustained_elapsed [%],0,0,0,0
sm__ops_path_tensor_src_tf32_dst_fp32_sparsity_off.min.peak_sustained,256,256,256,256
sm__ops_path_tensor_src_tf32_dst_fp32_sparsity_off.min.per_cycle_elapsed,0,0,0,0
sm__ops_path_tensor_src_tf32_dst_fp32_sparsity_off.min.per_second,0,0,0,0
sm__ops_path_tensor_src_tf32_dst_fp32_sparsity_off.sum,0,0,0,0
sm__ops_path_tensor_src_tf32_dst_fp32_sparsity_off.sum.pct_of_peak_sustained_elapsed [%],0,0,0,0
sm__ops_path_tensor_src_tf32_dst_fp32_sparsity_off.sum.peak_sustained,"5,120","5,120","5,120","5,120"
sm__ops_path_tensor_src_tf32_dst_fp32_sparsity_off.sum.peak_sustained_elapsed.per_second,"1,08,33,17,43,11,926.61","1,07,63,27,27,27,272.73","1,08,09,74,54,54,545.46","1,08,52,93,85,47,486.03"
sm__ops_path_tensor_src_tf32_dst_fp32_sparsity_off.sum.per_cycle_elapsed,0,0,0,0
sm__ops_path_tensor_src_tf32_dst_fp32_sparsity_off.sum.per_second,0,0,0,0
sm__ops_path_tensor_src_tf32_dst_fp32_sparsity_on.avg,0,0,0,0
sm__ops_path_tensor_src_tf32_dst_fp32_sparsity_on.avg.pct_of_peak_sustained_elapsed [%],0,0,0,0
sm__ops_path_tensor_src_tf32_dst_fp32_sparsity_on.avg.peak_sustained,512,512,512,512
sm__ops_path_tensor_src_tf32_dst_fp32_sparsity_on.avg.per_cycle_elapsed,0,0,0,0
sm__ops_path_tensor_src_tf32_dst_fp32_sparsity_on.avg.per_second,0,0,0,0
sm__ops_path_tensor_src_tf32_dst_fp32_sparsity_on.max,0,0,0,0
sm__ops_path_tensor_src_tf32_dst_fp32_sparsity_on.max.pct_of_peak_sustained_elapsed [%],0,0,0,0
sm__ops_path_tensor_src_tf32_dst_fp32_sparsity_on.max.peak_sustained,512,512,512,512
sm__ops_path_tensor_src_tf32_dst_fp32_sparsity_on.max.per_cycle_elapsed,0,0,0,0
sm__ops_path_tensor_src_tf32_dst_fp32_sparsity_on.max.per_second,0,0,0,0
sm__ops_path_tensor_src_tf32_dst_fp32_sparsity_on.min,0,0,0,0
sm__ops_path_tensor_src_tf32_dst_fp32_sparsity_on.min.pct_of_peak_sustained_elapsed [%],0,0,0,0
sm__ops_path_tensor_src_tf32_dst_fp32_sparsity_on.min.peak_sustained,512,512,512,512
sm__ops_path_tensor_src_tf32_dst_fp32_sparsity_on.min.per_cycle_elapsed,0,0,0,0
sm__ops_path_tensor_src_tf32_dst_fp32_sparsity_on.min.per_second,0,0,0,0
sm__ops_path_tensor_src_tf32_dst_fp32_sparsity_on.sum,0,0,0,0
sm__ops_path_tensor_src_tf32_dst_fp32_sparsity_on.sum.pct_of_peak_sustained_elapsed [%],0,0,0,0
sm__ops_path_tensor_src_tf32_dst_fp32_sparsity_on.sum.peak_sustained,"10,240","10,240","10,240","10,240"
sm__ops_path_tensor_src_tf32_dst_fp32_sparsity_on.sum.peak_sustained_elapsed.per_second,"2,16,66,34,86,23,853.21","2,15,26,54,54,54,545.46","2,16,19,49,09,09,090.91","2,17,05,87,70,94,972.07"
sm__ops_path_tensor_src_tf32_dst_fp32_sparsity_on.sum.per_cycle_elapsed,0,0,0,0
sm__ops_path_tensor_src_tf32_dst_fp32_sparsity_on.sum.per_second,0,0,0,0
sm__pipe_alu_cycles_active.avg.pct_of_peak_sustained_active [%],6.68,6.68,6.64,17.19
sm__pipe_alu_cycles_active.avg.pct_of_peak_sustained_elapsed [%],5.64,5.62,5.60,15.78
sm__pipe_alu_cycles_active.max.pct_of_peak_sustained_active [%],6.90,7.22,7.03,18.19
sm__pipe_alu_cycles_active.max.pct_of_peak_sustained_elapsed [%],5.83,6.08,5.92,16.69
sm__pipe_alu_cycles_active.min.pct_of_peak_sustained_active [%],6.26,6.42,6.23,16.53
sm__pipe_alu_cycles_active.min.pct_of_peak_sustained_elapsed [%],5.28,5.41,5.25,15.17
sm__pipe_alu_cycles_active.sum.pct_of_peak_sustained_active [%],6.68,6.68,6.64,17.19
sm__pipe_alu_cycles_active.sum.pct_of_peak_sustained_elapsed [%],5.64,5.62,5.60,15.78
sm__pipe_fma_cycles_active.avg.pct_of_peak_sustained_active [%],3.34,3.34,3.32,8.77
sm__pipe_fma_cycles_active.avg.pct_of_peak_sustained_elapsed [%],2.82,2.81,2.80,8.05
sm__pipe_fma_cycles_active.max.pct_of_peak_sustained_active [%],3.56,3.50,3.46,9.28
sm__pipe_fma_cycles_active.max.pct_of_peak_sustained_elapsed [%],3.01,2.95,2.92,8.52
sm__pipe_fma_cycles_active.min.pct_of_peak_sustained_active [%],3.16,3.20,3.18,8.43
sm__pipe_fma_cycles_active.min.pct_of_peak_sustained_elapsed [%],2.67,2.69,2.68,7.74
sm__pipe_fma_cycles_active.sum.pct_of_peak_sustained_active [%],3.34,3.34,3.32,8.77
sm__pipe_fma_cycles_active.sum.pct_of_peak_sustained_elapsed [%],2.82,2.81,2.80,8.05
sm__pipe_fmaheavy_cycles_active.avg.pct_of_peak_sustained_elapsed [%],5.64,5.62,5.60,14.77
sm__pipe_fmaheavy_cycles_active.max.pct_of_peak_sustained_elapsed [%],6.02,5.89,5.84,15.63
sm__pipe_fmaheavy_cycles_active.min.pct_of_peak_sustained_elapsed [%],5.34,5.38,5.36,14.20
sm__pipe_fmaheavy_cycles_active.sum.pct_of_peak_sustained_elapsed [%],5.64,5.62,5.60,14.77
sm__pipe_fp64_cycles_active.avg.pct_of_peak_sustained_active [%],0,0,0,0
sm__pipe_fp64_cycles_active.avg.pct_of_peak_sustained_elapsed [%],0,0,0,0
sm__pipe_fp64_cycles_active.max.pct_of_peak_sustained_active [%],0,0,0,0
sm__pipe_fp64_cycles_active.max.pct_of_peak_sustained_elapsed [%],0,0,0,0
sm__pipe_fp64_cycles_active.min.pct_of_peak_sustained_active [%],0,0,0,0
sm__pipe_fp64_cycles_active.min.pct_of_peak_sustained_elapsed [%],0,0,0,0
sm__pipe_fp64_cycles_active.sum.pct_of_peak_sustained_active [%],0,0,0,0
sm__pipe_fp64_cycles_active.sum.pct_of_peak_sustained_elapsed [%],0,0,0,0
sm__pipe_tensor_cycles_active.avg.pct_of_peak_sustained_elapsed [%],0,0,0,1.37
sm__pipe_tensor_cycles_active.max.pct_of_peak_sustained_elapsed [%],0,0,0,1.45
sm__pipe_tensor_cycles_active.min.pct_of_peak_sustained_elapsed [%],0,0,0,1.32
sm__pipe_tensor_cycles_active.sum.pct_of_peak_sustained_elapsed [%],0,0,0,1.37
sm__pipe_tensor_cycles_active_v2.avg.pct_of_peak_sustained_active [%],0,0,0,1.49
sm__pipe_tensor_cycles_active_v2.avg.pct_of_peak_sustained_elapsed [%],0,0,0,1.37
sm__pipe_tensor_cycles_active_v2.max.pct_of_peak_sustained_elapsed [%],0,0,0,1.45
sm__pipe_tensor_cycles_active_v2.min.pct_of_peak_sustained_elapsed [%],0,0,0,1.32
sm__pipe_tensor_cycles_active_v2.sum.pct_of_peak_sustained_elapsed [%],0,0,0,1.37
sm__pipe_tensor_op_hmma_cycles_active_v2.avg.pct_of_peak_sustained_active [%],0,0,0,1.49
sm__pipe_tensor_op_hmma_cycles_active_v2.avg.pct_of_peak_sustained_elapsed [%],0,0,0,1.37
sm__pipe_tensor_op_imma_cycles_active_v2.avg.pct_of_peak_sustained_active [%],0,0,0,0
sm__pipe_tensor_op_imma_cycles_active_v2.avg.pct_of_peak_sustained_elapsed [%],0,0,0,0
sm__sass_inst_executed_op_ldgsts_cache_access.sum [inst],0,0,0,0
sm__sass_inst_executed_op_ldgsts_cache_bypass.sum [inst],0,0,0,0
sm__sass_l1tex_m_xbar2l1tex_read_bytes_mem_global_op_ldgsts_cache_bypass.sum [byte],0,0,0,0
sm__sass_l1tex_m_xbar2l1tex_read_bytes_mem_global_op_ldgsts_cache_bypass.sum.pct_of_peak_sustained_elapsed [%],0,0,0,0
sm__sass_l1tex_m_xbar2l1tex_read_bytes_mem_global_op_ldgsts_cache_bypass.sum.per_second [byte/s],0,0,0,0
sm__sass_l1tex_t_requests_pipe_lsu_mem_global_op_ldgsts.sum,0,0,0,0
sm__sass_l1tex_t_requests_pipe_lsu_mem_global_op_ldgsts.sum.pct_of_peak_sustained_elapsed [%],0,0,0,0
sm__sass_l1tex_t_requests_pipe_lsu_mem_global_op_ldgsts_cache_access.sum,0,0,0,0
sm__sass_l1tex_t_requests_pipe_lsu_mem_global_op_ldgsts_cache_bypass.sum,0,0,0,0
sm__sass_l1tex_t_sectors_pipe_lsu_mem_global_op_ldgsts_cache_access.sum [sector],0,0,0,0
sm__sass_l1tex_t_sectors_pipe_lsu_mem_global_op_ldgsts_cache_access.sum.pct_of_peak_sustained_elapsed [%],0,0,0,0
sm__sass_l1tex_t_sectors_pipe_lsu_mem_global_op_ldgsts_cache_access.sum.per_second [sector/s],0,0,0,0
sm__sass_l1tex_t_sectors_pipe_lsu_mem_global_op_ldgsts_cache_bypass.sum [sector],0,0,0,0
sm__sass_l1tex_t_sectors_pipe_lsu_mem_global_op_ldgsts_cache_bypass.sum.pct_of_peak_sustained_elapsed [%],0,0,0,0
sm__sass_thread_inst_executed_op_dfma_pred_on.avg.peak_sustained [inst/cycle],2,2,2,2
sm__sass_thread_inst_executed_op_dfma_pred_on.max.peak_sustained [inst/cycle],2,2,2,2
sm__sass_thread_inst_executed_op_dfma_pred_on.min.peak_sustained [inst/cycle],2,2,2,2
sm__sass_thread_inst_executed_op_dfma_pred_on.sum.peak_sustained [inst/cycle],40,40,40,40
sm__sass_thread_inst_executed_op_ffma_pred_on.avg.peak_sustained [inst/cycle],128,128,128,128
sm__sass_thread_inst_executed_op_ffma_pred_on.max.peak_sustained [inst/cycle],128,128,128,128
sm__sass_thread_inst_executed_op_ffma_pred_on.min.peak_sustained [inst/cycle],128,128,128,128
sm__sass_thread_inst_executed_op_ffma_pred_on.sum.peak_sustained [inst/cycle],"2,560","2,560","2,560","2,560"
sm__sass_thread_inst_executed_op_hfma_pred_on.avg.peak_sustained [inst/cycle],64,64,64,64
sm__sass_thread_inst_executed_op_hfma_pred_on.max.peak_sustained [inst/cycle],64,64,64,64
sm__sass_thread_inst_executed_op_hfma_pred_on.min.peak_sustained [inst/cycle],64,64,64,64
sm__sass_thread_inst_executed_op_hfma_pred_on.sum.peak_sustained [inst/cycle],"1,280","1,280","1,280","1,280"
sm__throughput.max.pct_of_peak_sustained_elapsed [%],14.31,13.95,14.21,24.37
sm__throughput.min.pct_of_peak_sustained_elapsed [%],12.68,12.65,12.59,22.16
sm__throughput.sum.pct_of_peak_sustained_elapsed [%],13.53,13.49,13.43,23.04
sm__warps_active.avg.pct_of_peak_sustained_active [%],81.84,81.25,80.24,78.32
sm__warps_active.avg.per_cycle_active [warp],39.28,39.00,38.52,37.59
sm__warps_active.max.pct_of_peak_sustained_active [%],85.06,85.01,83.54,86.57
sm__warps_active.max.per_cycle_active [warp],40.83,40.80,40.10,41.56
sm__warps_active.min.pct_of_peak_sustained_active [%],79.39,78.59,77.22,73.01
sm__warps_active.min.per_cycle_active [warp],38.11,37.72,37.06,35.05
sm__warps_active.sum.pct_of_peak_sustained_active [%],81.84,81.25,80.24,78.32
sm__warps_active.sum.per_cycle_active [warp],785.65,780.01,770.35,751.83
smsp__average_warp_latency_per_inst_issued.ratio [cycle],95.52,92.92,93.54,41.86
smsp__average_warps_active_per_inst_executed.ratio [cycle],99.43,96.72,97.37,42.14
smsp__average_warps_issue_stalled_barrier_per_issue_active.ratio [inst],0,0,0,17.98
smsp__average_warps_issue_stalled_branch_resolving_per_issue_active.ratio [inst],0.51,0.52,0.51,0.15
smsp__average_warps_issue_stalled_dispatch_stall_per_issue_active.ratio [inst],0.15,0.15,0.15,0.14
smsp__average_warps_issue_stalled_drain_per_issue_active.ratio [inst],1.40,1.40,1.40,0.04
smsp__average_warps_issue_stalled_imc_miss_per_issue_active.ratio [inst],7.27,7.15,7.06,1.10
smsp__average_warps_issue_stalled_lg_throttle_per_issue_active.ratio [inst],0,0,0,0.01
smsp__average_warps_issue_stalled_long_scoreboard_per_issue_active.ratio [inst],75.10,75.29,74.81,6.82
smsp__average_warps_issue_stalled_math_pipe_throttle_per_issue_active.ratio [inst],0.17,0.17,0.18,0.46
smsp__average_warps_issue_stalled_membar_per_issue_active.ratio [inst],0,0,0,0
smsp__average_warps_issue_stalled_mio_throttle_per_issue_active.ratio [inst],0.05,0.05,0.05,5.80
smsp__average_warps_issue_stalled_misc_per_issue_active.ratio [inst],0.00,0.00,0.00,0.00
smsp__average_warps_issue_stalled_no_instruction_per_issue_active.ratio [inst],1.21,1.18,1.27,0.22
smsp__average_warps_issue_stalled_not_selected_per_issue_active.ratio [inst],0.30,0.31,0.30,0.86
smsp__average_warps_issue_stalled_selected_per_issue_active.ratio [inst],1,1,1,1.00
smsp__average_warps_issue_stalled_short_scoreboard_per_issue_active.ratio [inst],1.71,1.71,1.70,4.89
smsp__average_warps_issue_stalled_sleeping_per_issue_active.ratio [inst],0,0,0,0
smsp__average_warps_issue_stalled_tex_throttle_per_issue_active.ratio [inst],0,0,0,0.00
smsp__average_warps_issue_stalled_wait_per_issue_active.ratio [inst],3.49,3.49,3.50,2.82
smsp__branch_targets_threads_divergent [branches],0,0,0,208 {24}
smsp__cycles_active.avg [cycle],"12,309.56","12,425.80","12,149.39","44,492.05"
smsp__cycles_active.max [cycle],"12,671","12,763","12,437","46,814"
smsp__cycles_active.min [cycle],"11,797","12,057","11,305","42,851"
smsp__cycles_active.sum [cycle],"9,84,765","9,94,064","9,71,951","35,59,364"
smsp__cycles_elapsed.avg [cycle],"14,760.20","14,799.50","14,863.40","48,566.90"
smsp__cycles_elapsed.avg.per_second [Ghz],2.12,2.10,2.11,2.12
smsp__cycles_elapsed.max [cycle],"14,774","14,819","14,882","48,614"
smsp__cycles_elapsed.max.per_second [Ghz],2.12,2.10,2.11,2.12
smsp__cycles_elapsed.min [cycle],"14,750","14,780","14,847","48,527"
smsp__cycles_elapsed.min.per_second [Ghz],2.11,2.10,2.11,2.12
smsp__cycles_elapsed.sum [cycle],"11,80,816","11,83,960","11,89,072","38,85,352"
smsp__cycles_elapsed.sum.per_second [Ghz],169.27,168.18,168.90,169.58
smsp__imc_request_hit_rate.pct [%],92.79,92.79,92.79,98.04
smsp__imc_requests.sum [cycle],"39,936","39,936","39,936","1,26,880"
smsp__imc_requests.sum.pct_of_peak_sustained_elapsed [%],3.38,3.37,3.36,3.27
smsp__inst_executed.avg [inst],"1,248","1,248","1,248","9,997"
smsp__inst_executed.max [inst],"1,320","1,320","1,320","10,682"
smsp__inst_executed.min [inst],"1,200","1,170","1,170","9,396"
smsp__inst_executed.sum [inst],"99,840","99,840","99,840","7,99,760"
smsp__inst_executed_op_branch.avg [inst],166.40,166.40,166.40,569.40
smsp__inst_executed_op_branch.max [inst],172,172,172,604
smsp__inst_executed_op_branch.min [inst],160,160,156,544
smsp__inst_executed_op_branch.sum [inst],"13,312","13,312","13,312","45,552"
smsp__inst_executed_op_generic_atom_dot_alu.sum [inst],0,0,0,0
smsp__inst_executed_op_generic_atom_dot_alu.sum.pct_of_peak_sustained_elapsed [%],0,0,0,0
smsp__inst_executed_op_generic_atom_dot_cas.sum [inst],0,0,0,0
smsp__inst_executed_op_generic_atom_dot_cas.sum.pct_of_peak_sustained_elapsed [%],0,0,0,0
smsp__inst_executed_op_global_red.sum [inst],0,0,0,0
smsp__inst_executed_op_global_red.sum.pct_of_peak_sustained_elapsed [%],0,0,0,0
smsp__inst_executed_op_ldgsts.sum [inst],0,0,0,0
smsp__inst_executed_op_ldgsts.sum.pct_of_peak_sustained_elapsed [%],0,0,0,0
smsp__inst_executed_op_ldsm.sum [inst],0,0,0,"1,664"
smsp__inst_executed_op_ldsm.sum.pct_of_peak_sustained_elapsed [%],0,0,0,0.04
smsp__inst_executed_op_shared_atom.sum [inst],0,0,0,0
smsp__inst_executed_op_shared_atom.sum.pct_of_peak_sustained_elapsed [%],0,0,0,0
smsp__inst_executed_op_surface_atom_dot_alu.sum [inst],0,0,0,0
smsp__inst_executed_op_surface_atom_dot_alu.sum.pct_of_peak_sustained_elapsed [%],0,0,0,0
smsp__inst_executed_op_surface_atom_dot_cas.sum [inst],0,0,0,0
smsp__inst_executed_op_surface_atom_dot_cas.sum.pct_of_peak_sustained_elapsed [%],0,0,0,0
smsp__inst_executed_op_surface_ld.sum [inst],0,0,0,0
smsp__inst_executed_op_surface_ld.sum.pct_of_peak_sustained_elapsed [%],0,0,0,0
smsp__inst_executed_op_surface_red.sum [inst],0,0,0,0
smsp__inst_executed_op_surface_red.sum.pct_of_peak_sustained_elapsed [%],0,0,0,0
smsp__inst_executed_op_surface_st.sum [inst],0,0,0,0
smsp__inst_executed_op_surface_st.sum.pct_of_peak_sustained_elapsed [%],0,0,0,0
smsp__inst_executed_op_texture.sum [inst],0,0,0,0
smsp__inst_executed_op_texture.sum.pct_of_peak_sustained_elapsed [%],0,0,0,0
smsp__inst_issued.avg [inst],"1,299","1,299","1,299","10,063.69"
smsp__inst_issued.max [inst],"1,371","1,341","1,371","10,757"
smsp__inst_issued.min [inst],"1,191","1,251","1,251","9,458"
smsp__inst_issued.sum [inst],"1,03,920","1,03,920","1,03,920","8,05,095"
smsp__issue_active.avg.pct_of_peak_sustained_active [%],10.55,10.45,10.69,22.62
smsp__issue_active.avg.per_cycle_active,0.11,0.10,0.11,0.23
smsp__issue_active.max.pct_of_peak_sustained_active [%],11.14,10.79,11.28,24.18
smsp__issue_active.max.per_cycle_active,0.11,0.11,0.11,0.24
smsp__issue_active.min.pct_of_peak_sustained_active [%],9.68,10.07,10.30,21.26
smsp__issue_active.min.per_cycle_active,0.10,0.10,0.10,0.21
smsp__issue_active.sum.pct_of_peak_sustained_active [%],10.55,10.45,10.69,22.62
smsp__issue_active.sum.per_cycle_active,8.44,8.36,8.55,18.10
smsp__issue_inst0.avg.pct_of_peak_sustained_active [%],89.45,89.55,89.31,77.38
smsp__issue_inst0.max.pct_of_peak_sustained_active [%],91.80,91.92,91.08,81.04
smsp__issue_inst0.min.pct_of_peak_sustained_active [%],86.16,86.96,82.75,75.05
smsp__issue_inst0.sum.pct_of_peak_sustained_active [%],89.45,89.55,89.31,77.38
smsp__maximum_warps_avg_per_active_cycle [warp],12,12,12,11
smsp__pcsamp_aggregated_passes [pass],2,2,2,2
smsp__pcsamp_buffer_overflow,0,0,0,0
smsp__pcsamp_buffer_size_bytes [Mbyte],33.55,33.55,33.55,33.55
smsp__pcsamp_dropped_bytes [byte],0,0,0,0
smsp__pcsamp_interval,5,5,5,5
smsp__pcsamp_interval_cycles [cycle],"1,024","1,024","1,024","1,024"
smsp__pcsamp_sample_count,253 {14},242 {8},246 {12},861 {190}
smsp__pcsamp_warps_issue_stalled_barrier [warp],0 {14},0 {8},0 {12},429 {190}
smsp__pcsamp_warps_issue_stalled_barrier_not_issued [warp],0 {14},0 {8},0 {12},364 {190}
smsp__pcsamp_warps_issue_stalled_branch_resolving [branches],2 {14},1 {8},1 {12},4 {190}
smsp__pcsamp_warps_issue_stalled_branch_resolving_not_issued [branches],2 {14},1 {8},0 {12},1 {190}
smsp__pcsamp_warps_issue_stalled_dispatch_stall [warp],0 {14},1 {8},2 {12},5 {190}
smsp__pcsamp_warps_issue_stalled_dispatch_stall_not_issued [warp],0 {14},0 {8},0 {12},1 {190}
smsp__pcsamp_warps_issue_stalled_drain [warp],8 {14},6 {8},8 {12},0 {190}
smsp__pcsamp_warps_issue_stalled_drain_not_issued [warp],7 {14},4 {8},7 {12},0 {190}
smsp__pcsamp_warps_issue_stalled_imc_miss [warp],12 {14},16 {8},20 {12},16 {190}
smsp__pcsamp_warps_issue_stalled_imc_miss_not_issued [warp],12 {14},16 {8},20 {12},16 {190}
smsp__pcsamp_warps_issue_stalled_lg_throttle [warp],0 {14},0 {8},0 {12},0 {190}
smsp__pcsamp_warps_issue_stalled_lg_throttle_not_issued [warp],0 {14},0 {8},0 {12},0 {190}
smsp__pcsamp_warps_issue_stalled_long_scoreboard [warp],196 {14},203 {8},194 {12},109 {190}
smsp__pcsamp_warps_issue_stalled_long_scoreboard_not_issued [warp],177 {14},183 {8},172 {12},68 {190}
smsp__pcsamp_warps_issue_stalled_math_pipe_throttle [warp],0 {14},0 {8},2 {12},7 {190}
smsp__pcsamp_warps_issue_stalled_math_pipe_throttle_not_issued [warp],0 {14},0 {8},2 {12},1 {190}
smsp__pcsamp_warps_issue_stalled_membar [warp],0 {14},0 {8},0 {12},0 {190}
smsp__pcsamp_warps_issue_stalled_membar_not_issued [warp],0 {14},0 {8},0 {12},0 {190}
smsp__pcsamp_warps_issue_stalled_mio_throttle [warp],0 {14},0 {8},0 {12},127 {190}
smsp__pcsamp_warps_issue_stalled_mio_throttle_not_issued [warp],0 {14},0 {8},0 {12},117 {190}
smsp__pcsamp_warps_issue_stalled_misc [warp],0 {14},0 {8},0 {12},0 {190}
smsp__pcsamp_warps_issue_stalled_misc_not_issued [warp],0 {14},0 {8},0 {12},0 {190}
smsp__pcsamp_warps_issue_stalled_no_instructions [inst],12 {14},1 {8},5 {12},3 {190}
smsp__pcsamp_warps_issue_stalled_no_instructions_not_issued [inst],10 {14},1 {8},5 {12},2 {190}
smsp__pcsamp_warps_issue_stalled_not_selected [warp],0 {14},0 {8},0 {12},29 {190}
smsp__pcsamp_warps_issue_stalled_not_selected_not_issued [warp],0 {14},0 {8},0 {12},0 {190}
smsp__pcsamp_warps_issue_stalled_selected [warp],4 {14},4 {8},3 {12},20 {190}
smsp__pcsamp_warps_issue_stalled_selected_not_issued [warp],0 {14},0 {8},0 {12},0 {190}
smsp__pcsamp_warps_issue_stalled_short_scoreboard [warp],6 {14},6 {8},5 {12},54 {190}
smsp__pcsamp_warps_issue_stalled_short_scoreboard_not_issued [warp],6 {14},4 {8},4 {12},39 {190}
smsp__pcsamp_warps_issue_stalled_sleeping [warp],0 {14},0 {8},0 {12},0 {190}
smsp__pcsamp_warps_issue_stalled_sleeping_not_issued [warp],0 {14},0 {8},0 {12},0 {190}
smsp__pcsamp_warps_issue_stalled_tex_throttle [warp],0 {14},0 {8},0 {12},0 {190}
smsp__pcsamp_warps_issue_stalled_tex_throttle_not_issued [warp],0 {14},0 {8},0 {12},0 {190}
smsp__pcsamp_warps_issue_stalled_wait [warp],13 {14},4 {8},6 {12},58 {190}
smsp__pcsamp_warps_issue_stalled_wait_not_issued [warp],6 {14},2 {8},4 {12},37 {190}
smsp__sass_average_branch_targets_threads_uniform.pct [%],0,0,0,99.43
smsp__sass_average_data_bytes_per_sector_mem_global_op_ld.max_rate [byte/sector],32,32,32,32
smsp__sass_average_data_bytes_per_sector_mem_global_op_ld.ratio [byte/sector],32,32,32,18.48
smsp__sass_average_data_bytes_per_sector_mem_global_op_st.max_rate [byte/sector],32,32,32,32
smsp__sass_average_data_bytes_per_sector_mem_global_op_st.ratio [byte/sector],32,32,32,32
smsp__sass_average_data_bytes_per_sector_mem_local_op_ld.max_rate [byte/sector],32,32,32,32
smsp__sass_average_data_bytes_per_sector_mem_local_op_ld.ratio [byte/sector],0,0,0,0
smsp__sass_average_data_bytes_per_sector_mem_local_op_st.max_rate [byte/sector],32,32,32,32
smsp__sass_average_data_bytes_per_sector_mem_local_op_st.ratio [byte/sector],0,0,0,0
smsp__sass_branch_targets_threads_divergent.avg [branches],0,0,0,2.60
smsp__sass_branch_targets_threads_divergent.max [branches],0,0,0,3
smsp__sass_branch_targets_threads_divergent.min [branches],0,0,0,2
smsp__sass_branch_targets_threads_divergent.sum [branches],0,0,0,208
smsp__sass_inst_executed_memdesc_explicit_evict_type,0 {2},0 {2},0 {2},0 {62}
smsp__sass_inst_executed_memdesc_explicit_hitprop_evict_first [inst],0 {2},0 {2},0 {2},0 {62}
smsp__sass_inst_executed_memdesc_explicit_hitprop_evict_last [inst],0 {2},0 {2},0 {2},0 {62}
smsp__sass_inst_executed_memdesc_explicit_hitprop_evict_normal [inst],0 {2},0 {2},0 {2},0 {62}
smsp__sass_inst_executed_memdesc_explicit_hitprop_evict_normal_demote [inst],0 {2},0 {2},0 {2},0 {62}
smsp__sass_inst_executed_memdesc_explicit_missprop_evict_first [inst],0 {2},0 {2},0 {2},0 {62}
smsp__sass_inst_executed_memdesc_explicit_missprop_evict_normal [inst],0 {2},0 {2},0 {2},0 {62}
smsp__sass_inst_executed_op_global_ld.sum [inst],"6,656","6,656","6,656","16,640"
smsp__sass_inst_executed_op_global_st.sum [inst],"6,656","6,656","6,656","6,656"
smsp__sass_inst_executed_op_local_ld.sum [inst],0,0,0,0
smsp__sass_inst_executed_op_local_st.sum [inst],0,0,0,0
smsp__sass_inst_executed_op_shared_ld.sum [inst],0,0,0,"37,856"
smsp__sass_inst_executed_op_shared_st.sum [inst],0,0,0,"39,936"
smsp__sass_l1tex_data_bank_conflicts_pipe_lsu_mem_shared_op_ldgsts.sum,0,0,0,0
smsp__sass_l1tex_data_bank_conflicts_pipe_lsu_mem_shared_op_st.sum,0,0,0,"2,28,800"
smsp__sass_l1tex_data_pipe_lsu_wavefronts_mem_shared_op_ldgsts.sum,0,0,0,0
smsp__sass_l1tex_data_pipe_lsu_wavefronts_mem_shared_op_ldgsts.sum.pct_of_peak_sustained_elapsed [%],0,0,0,0
smsp__sass_l1tex_data_pipe_lsu_wavefronts_mem_shared_op_ldgsts_cache_access.sum,0,0,0,0
smsp__sass_l1tex_data_pipe_lsu_wavefronts_mem_shared_op_ldgsts_cache_access.sum.pct_of_peak_sustained_elapsed [%],0,0,0,0
smsp__sass_l1tex_data_pipe_lsu_wavefronts_mem_shared_op_st.sum,0,0,0,"2,73,728"
smsp__sass_l1tex_data_pipe_lsu_wavefronts_mem_shared_op_st.sum.pct_of_peak_sustained_elapsed [%],0,0,0,7.05
smsp__sass_l1tex_m_xbar2l1tex_read_sectors_mem_global_op_ldgsts_cache_bypass.sum [sector],0,0,0,0
smsp__sass_l1tex_m_xbar2l1tex_read_sectors_mem_global_op_ldgsts_cache_bypass.sum.pct_of_peak_sustained_elapsed [%],0,0,0,0
smsp__sass_thread_inst_executed_op_dadd_pred_on.avg.per_cycle_elapsed [inst/cycle],0,0,0,0
smsp__sass_thread_inst_executed_op_dadd_pred_on.max.per_cycle_elapsed [inst/cycle],0,0,0,0
smsp__sass_thread_inst_executed_op_dadd_pred_on.min.per_cycle_elapsed [inst/cycle],0,0,0,0
smsp__sass_thread_inst_executed_op_dadd_pred_on.sum.per_cycle_elapsed [inst/cycle],0,0,0,0
smsp__sass_thread_inst_executed_op_dfma_pred_on.avg.per_cycle_elapsed [inst/cycle],0,0,0,0
smsp__sass_thread_inst_executed_op_dfma_pred_on.max.per_cycle_elapsed [inst/cycle],0,0,0,0
smsp__sass_thread_inst_executed_op_dfma_pred_on.min.per_cycle_elapsed [inst/cycle],0,0,0,0
smsp__sass_thread_inst_executed_op_dfma_pred_on.sum.per_cycle_elapsed [inst/cycle],0,0,0,0
smsp__sass_thread_inst_executed_op_dmul_pred_on.avg.per_cycle_elapsed [inst/cycle],0,0,0,0
smsp__sass_thread_inst_executed_op_dmul_pred_on.max.per_cycle_elapsed [inst/cycle],0,0,0,0
smsp__sass_thread_inst_executed_op_dmul_pred_on.min.per_cycle_elapsed [inst/cycle],0,0,0,0
smsp__sass_thread_inst_executed_op_dmul_pred_on.sum.per_cycle_elapsed [inst/cycle],0,0,0,0
smsp__sass_thread_inst_executed_op_fadd_pred_on.avg.per_cycle_elapsed [inst/cycle],0,0,0,0.03
smsp__sass_thread_inst_executed_op_fadd_pred_on.max.per_cycle_elapsed [inst/cycle],0,0,0,0.03
smsp__sass_thread_inst_executed_op_fadd_pred_on.min.per_cycle_elapsed [inst/cycle],0,0,0,0.02
smsp__sass_thread_inst_executed_op_fadd_pred_on.sum.per_cycle_elapsed [inst/cycle],0,0,0,2.26
smsp__sass_thread_inst_executed_op_ffma_pred_on.avg.per_cycle_elapsed [inst/cycle],0,0,0,0.00
smsp__sass_thread_inst_executed_op_ffma_pred_on.max.per_cycle_elapsed [inst/cycle],0,0,0,0.00
smsp__sass_thread_inst_executed_op_ffma_pred_on.min.per_cycle_elapsed [inst/cycle],0,0,0,0.00
smsp__sass_thread_inst_executed_op_ffma_pred_on.sum.per_cycle_elapsed [inst/cycle],0,0,0,0.07
smsp__sass_thread_inst_executed_op_fmul_pred_on.avg.per_cycle_elapsed [inst/cycle],0,0,0,0.12
smsp__sass_thread_inst_executed_op_fmul_pred_on.max.per_cycle_elapsed [inst/cycle],0,0,0,0.14
smsp__sass_thread_inst_executed_op_fmul_pred_on.min.per_cycle_elapsed [inst/cycle],0,0,0,0.11
smsp__sass_thread_inst_executed_op_fmul_pred_on.sum.per_cycle_elapsed [inst/cycle],0,0,0,9.94
smsp__sass_thread_inst_executed_op_hadd_pred_on.avg.per_cycle_elapsed [inst/cycle],0,0,0,0
smsp__sass_thread_inst_executed_op_hadd_pred_on.max.per_cycle_elapsed [inst/cycle],0,0,0,0
smsp__sass_thread_inst_executed_op_hadd_pred_on.min.per_cycle_elapsed [inst/cycle],0,0,0,0
smsp__sass_thread_inst_executed_op_hadd_pred_on.sum.per_cycle_elapsed [inst/cycle],0,0,0,0
smsp__sass_thread_inst_executed_op_hfma_pred_on.avg.per_cycle_elapsed [inst/cycle],0,0,0,0
smsp__sass_thread_inst_executed_op_hfma_pred_on.max.per_cycle_elapsed [inst/cycle],0,0,0,0
smsp__sass_thread_inst_executed_op_hfma_pred_on.min.per_cycle_elapsed [inst/cycle],0,0,0,0
smsp__sass_thread_inst_executed_op_hfma_pred_on.sum.per_cycle_elapsed [inst/cycle],0,0,0,0
smsp__sass_thread_inst_executed_op_hmul_pred_on.avg.per_cycle_elapsed [inst/cycle],0,0,0,0
smsp__sass_thread_inst_executed_op_hmul_pred_on.max.per_cycle_elapsed [inst/cycle],0,0,0,0
smsp__sass_thread_inst_executed_op_hmul_pred_on.min.per_cycle_elapsed [inst/cycle],0,0,0,0
smsp__sass_thread_inst_executed_op_hmul_pred_on.sum.per_cycle_elapsed [inst/cycle],0,0,0,0
smsp__thread_inst_executed_per_inst_executed.ratio,32,32,32,30.68
smsp__thread_inst_executed_pred_on_per_inst_executed.ratio,29.87,29.87,29.87,28.04
smsp__warps_active.avg.peak_sustained [warp],12,12,12,12
smsp__warps_active.avg.per_cycle_active [warp],10.08,9.71,10.00,9.47
smsp__warps_active.max.peak_sustained [warp],12,12,12,12
smsp__warps_active.max.per_cycle_active [warp],10.49,10.07,10.31,10.52
smsp__warps_active.min.peak_sustained [warp],12,12,12,12
smsp__warps_active.min.per_cycle_active [warp],9.67,9.21,9.69,8.77
smsp__warps_active.sum.peak_sustained [warp],960,960,960,960
smsp__warps_active.sum.per_cycle_active [warp],806.42,777.14,800.13,757.46
smsp__warps_eligible.avg.per_cycle_active [warp],0.14,0.14,0.14,0.41
smsp__warps_eligible.max.per_cycle_active [warp],0.14,0.14,0.15,0.48
smsp__warps_eligible.min.per_cycle_active [warp],0.13,0.13,0.13,0.35
smsp__warps_eligible.sum.per_cycle_active [warp],10.98,10.86,11.18,33.06
thread_inst_executed [inst],"31,94,880 {15}","31,94,880 {15}","31,94,880 {15}","2,45,37,344 {965}"
thread_inst_executed_true [inst],"29,81,888 {15}","29,81,888 {15}","29,81,888 {15}","2,24,26,560 {965}"
warpsampling:smsp__pcsamp_samples_data_dropped [sample],0 {644},0 {797},0 {659},0 {514}
warpsampling:smsp__pcsamp_warps_issue_stalled_barrier [warp],0 {644},0 {797},0 {659},"1,378 {514}"
warpsampling:smsp__pcsamp_warps_issue_stalled_branch_resolving [branches],10 {644},3 {797},6 {659},20 {514}
warpsampling:smsp__pcsamp_warps_issue_stalled_dispatch_stall [warp],2 {644},1 {797},2 {659},16 {514}
warpsampling:smsp__pcsamp_warps_issue_stalled_drain [warp],23 {644},25 {797},23 {659},0 {514}
warpsampling:smsp__pcsamp_warps_issue_stalled_imc_miss [warp],20 {644},34 {797},21 {659},38 {514}
warpsampling:smsp__pcsamp_warps_issue_stalled_lg_throttle [warp],0 {644},0 {797},0 {659},0 {514}
warpsampling:smsp__pcsamp_warps_issue_stalled_long_scoreboard [warp],784 {644},772 {797},764 {659},544 {514}
warpsampling:smsp__pcsamp_warps_issue_stalled_math_pipe_throttle [warp],1 {644},1 {797},0 {659},43 {514}
warpsampling:smsp__pcsamp_warps_issue_stalled_membar [warp],0 {644},0 {797},0 {659},0 {514}
warpsampling:smsp__pcsamp_warps_issue_stalled_mio_throttle [warp],0 {644},0 {797},0 {659},419 {514}
warpsampling:smsp__pcsamp_warps_issue_stalled_misc [warp],0 {644},0 {797},0 {659},0 {514}
warpsampling:smsp__pcsamp_warps_issue_stalled_no_instructions [inst],4 {644},5 {797},3 {659},13 {514}
warpsampling:smsp__pcsamp_warps_issue_stalled_not_selected [warp],1 {644},0 {797},2 {659},82 {514}
warpsampling:smsp__pcsamp_warps_issue_stalled_selected [warp],6 {644},10 {797},5 {659},113 {514}
warpsampling:smsp__pcsamp_warps_issue_stalled_short_scoreboard [warp],17 {644},10 {797},15 {659},439 {514}
warpsampling:smsp__pcsamp_warps_issue_stalled_sleeping [warp],0 {644},0 {797},0 {659},0 {514}
warpsampling:smsp__pcsamp_warps_issue_stalled_tex_throttle [warp],0 {644},0 {797},0 {659},0 {514}
warpsampling:smsp__pcsamp_warps_issue_stalled_wait [warp],36 {644},39 {797},35 {659},290 {514}
