ID,0,1,2,3
Time,2026-Apr-16 14:21:38,2026-Apr-16 14:21:39,2026-Apr-16 14:21:39,2026-Apr-16 14:21:40
API Call ID,644,646,648,658
Estimated Speedup [%],26.79,28.30,26.79,53.91
Runtime Improvement [us],1.88,2.01,1.88,5.02
Issues Detected [issue],8,8,8,17
Function Name,float2half_kernel,float2half_kernel,float2half_kernel,f3s_1tb1rw_kernel
Mangled Name,_Z17float2half_kernelPKfP6__halfi,_Z17float2half_kernelPKfP6__halfi,_Z17float2half_kernelPKfP6__halfi,_Z17f3s_1tb1rw_kernelPK6__halfS1_S1_PfPKiS4_S4_ii
Demangled Name,float2half_kernel..,float2half_kernel..,float2half_kernel..,f3s_1tb1rw_kernel..
Original Demangled Name,"float2half_kernel(const float *, __half *, int)","float2half_kernel(const float *, __half *, int)","float2half_kernel(const float *, __half *, int)","f3s_1tb1rw_kernel(const __half *, const __half *, const __half *, float *, const int *, const int *, const int *, int, int)"
Process,[21176] test_fused_3s_v2.exe,[21176] test_fused_3s_v2.exe,[21176] test_fused_3s_v2.exe,[21176] test_fused_3s_v2.exe
Thread ID [thread],34980,34980,34980,34980
Device Name,NVIDIA GeForce RTX 4050 Laptop GPU,NVIDIA GeForce RTX 4050 Laptop GPU,NVIDIA GeForce RTX 4050 Laptop GPU,NVIDIA GeForce RTX 4050 Laptop GPU
CUprogram,0x2446e0d86a0,0x2446e0d86a0,0x2446e0d86a0,0x2446e4f7f40
CUfunction,0x2446dee4fc0,0x2446dee4fc0,0x2446dee4fc0,0x2446dee2e10
Grid Offset,"    0,    0,    0","    0,    0,    0","    0,    0,    0","    0,    0,    0"
Grid Size,"  832,    1,    1","  832,    1,    1","  832,    1,    1","  208,    1,    1"
Block Size [block],"  256,    1,    1","  256,    1,    1","  256,    1,    1","   32,    4,    1"
Grid Dimensions,3,3,3,3
Result Type,Kernel: SIMT,Kernel: SIMT,Kernel: SIMT,Kernel: SIMT
gpc__cycles_elapsed.max [cycle],"14,842","15,026","14,776","19,617"
gpu__time_duration.sum [us],7.01,7.10,7.01,9.31
sm__throughput.avg.pct_of_peak_sustained_elapsed [%],13.47,13.30,13.53,24.87
gpu__compute_memory_throughput.avg.pct_of_peak_sustained_elapsed [%],73.21,71.70,73.21,42.80
FBSP.TriageSCG.dramc__read_throughput.avg.pct_of_peak_sustained_elapsed [%],{609},{1824},{546},{1826}
FBSP.TriageSCG.dramc__throughput.avg.pct_of_peak_sustained_elapsed [%],{609},{1824},{546},{1826}
FBSP.TriageSCG.dramc__write_throughput.avg.pct_of_peak_sustained_elapsed [%],{609},{1824},{546},{1826}
FE_B.TriageAC.gr__ctas_launched_queue_sync.avg [block],832 {428},832 {507},832 {621},208 {631}
FE_B.TriageAC.gr__ctas_launched_queue_sync.sum.per_cycle_elapsed [block/cycle],0.45 {609},0.45 {1824},0.45 {546},0.11 {1826}
LTS.TriageSCG.lts__average_t_sector_hit_rate_realtime.pct [%],{442},{449},{552},{1023}
LTS.TriageSCG.lts__throughput.avg.pct_of_peak_sustained_elapsed [%],{442},{449},{552},{1023}
SM_A.TriageAC.l1tex__data_pipe_lsu_wavefronts.avg.pct_of_peak_sustained_elapsed [%],0.12 {442},0.11 {449},0.09 {552},0.39 {1023}
SM_A.TriageAC.l1tex__lsu_writeback_active.avg.pct_of_peak_sustained_elapsed [%],0.07 {442},0.07 {449},0.06 {552},0.10 {1023}
SM_A.TriageAC.sm__cycles_active.avg.per_cycle_elapsed,6.00 {442},5.80 {449},6.00 {552},8.25 {1023}
SM_A.TriageAC.sm__inst_executed_realtime.avg.per_cycle_active [inst/cycle],2.47 {442},2.74 {449},2.51 {552},9.48 {1023}
SM_A.TriageAC.sm__inst_executed_realtime.avg.per_cycle_elapsed [inst/cycle],2.35 {442},2.35 {449},2.35 {552},9.00 {1023}
SM_A.TriageSCG.l1tex__throughput.avg.pct_of_peak_sustained_elapsed [%],{442},{449},{552},{1023}
SM_A.TriageSCG.sm__inst_executed_pipe_alu_realtime.avg.pct_of_peak_sustained_elapsed [%],0.06 {609},0.02 {1824},0.07 {546},0.08 {1826}
SM_B.TriageAC.l1tex__t_sector_hit_rate.pct [%],{442},{449},{552},{1023}
SM_C.TriageSCG.smsp__inst_executed_pipe_fmaheavy.avg.pct_of_peak_sustained_elapsed [%],0.04 {609},0.01 {1824},0.04 {546},0.09 {1826}
SM_C.TriageSCG.smsp__inst_executed_pipe_fmalite.avg.pct_of_peak_sustained_elapsed [%],0 {609},0 {1824},0 {546},0.01 {1826}
TriageAC.tpc__warps_active_realtime.avg.per_cycle_elapsed [warp],232.66 {609},230.24 {1824},235.01 {546},322.93 {1826}
TriageAC.tpc__warps_active_realtime.sum.per_cycle_elapsed [warp],"4,653.12 {609}","4,604.82 {1824}","4,700.27 {546}","6,458.53 {1826}"
breakdown:gpu__compute_memory_throughput.avg.pct_of_peak_sustained_elapsed,"dram__cycles_active.avg.pct_of_peak_sustained_elapsed,fbpa__dram_sectors.avg.pct_of_peak_sustained_elapsed,gpu__compute_memory_access_throughput_internal_activity.avg.pct_of_peak_sustained_elapsed,gpu__compute_memory_request_throughput_internal_activity.avg.pct_of_peak_sustained_elapsed,l1tex__data_bank_reads.avg.pct_of_peak_sustained_elapsed,l1tex__data_bank_writes.avg.pct_of_peak_sustained_elapsed,l1tex__data_pipe_lsu_wavefronts.avg.pct_of_peak_sustained_elapsed,l1tex__data_pipe_tex_wavefronts.avg.pct_of_peak_sustained_elapsed,l1tex__f_wavefronts.avg.pct_of_peak_sustained_elapsed,l1tex__lsu_writeback_active.avg.pct_of_peak_sustained_elapsed,l1tex__lsuin_requests.avg.pct_of_peak_sustained_elapsed,l1tex__m_l1tex2xbar_req_cycles_active.avg.pct_of_peak_sustained_elapsed,l1tex__m_xbar2l1tex_read_sectors.avg.pct_of_peak_sustained_elapsed,l1tex__tex_writeback_active.avg.pct_of_peak_sustained_elapsed,l1tex__texin_sm2tex_req_cycles_active.avg.pct_of_peak_sustained_elapsed,lts__d_atomic_input_cycles_active.avg.pct_of_peak_sustained_elapsed,lts__d_sectors.avg.pct_of_peak_sustained_elapsed,lts__d_sectors_fill_device.avg.pct_of_peak_sustained_elapsed,lts__d_sectors_fill_sysmem.avg.pct_of_peak_sustained_elapsed,lts__lts2xbar_cycles_active.avg.pct_of_peak_sustained_elapsed,lts__t_sectors.avg.pct_of_peak_sustained_elapsed,lts__t_tag_requests.avg.pct_of_peak_sustained_elapsed,lts__xbar2lts_cycles_active.avg.pct_of_peak_sustained_elapsed","dram__cycles_active.avg.pct_of_peak_sustained_elapsed,fbpa__dram_sectors.avg.pct_of_peak_sustained_elapsed,gpu__compute_memory_access_throughput_internal_activity.avg.pct_of_peak_sustained_elapsed,gpu__compute_memory_request_throughput_internal_activity.avg.pct_of_peak_sustained_elapsed,l1tex__data_bank_reads.avg.pct_of_peak_sustained_elapsed,l1tex__data_bank_writes.avg.pct_of_peak_sustained_elapsed,l1tex__data_pipe_lsu_wavefronts.avg.pct_of_peak_sustained_elapsed,l1tex__data_pipe_tex_wavefronts.avg.pct_of_peak_sustained_elapsed,l1tex__f_wavefronts.avg.pct_of_peak_sustained_elapsed,l1tex__lsu_writeback_active.avg.pct_of_peak_sustained_elapsed,l1tex__lsuin_requests.avg.pct_of_peak_sustained_elapsed,l1tex__m_l1tex2xbar_req_cycles_active.avg.pct_of_peak_sustained_elapsed,l1tex__m_xbar2l1tex_read_sectors.avg.pct_of_peak_sustained_elapsed,l1tex__tex_writeback_active.avg.pct_of_peak_sustained_elapsed,l1tex__texin_sm2tex_req_cycles_active.avg.pct_of_peak_sustained_elapsed,lts__d_atomic_input_cycles_active.avg.pct_of_peak_sustained_elapsed,lts__d_sectors.avg.pct_of_peak_sustained_elapsed,lts__d_sectors_fill_device.avg.pct_of_peak_sustained_elapsed,lts__d_sectors_fill_sysmem.avg.pct_of_peak_sustained_elapsed,lts__lts2xbar_cycles_active.avg.pct_of_peak_sustained_elapsed,lts__t_sectors.avg.pct_of_peak_sustained_elapsed,lts__t_tag_requests.avg.pct_of_peak_sustained_elapsed,lts__xbar2lts_cycles_active.avg.pct_of_peak_sustained_elapsed","dram__cycles_active.avg.pct_of_peak_sustained_elapsed,fbpa__dram_sectors.avg.pct_of_peak_sustained_elapsed,gpu__compute_memory_access_throughput_internal_activity.avg.pct_of_peak_sustained_elapsed,gpu__compute_memory_request_throughput_internal_activity.avg.pct_of_peak_sustained_elapsed,l1tex__data_bank_reads.avg.pct_of_peak_sustained_elapsed,l1tex__data_bank_writes.avg.pct_of_peak_sustained_elapsed,l1tex__data_pipe_lsu_wavefronts.avg.pct_of_peak_sustained_elapsed,l1tex__data_pipe_tex_wavefronts.avg.pct_of_peak_sustained_elapsed,l1tex__f_wavefronts.avg.pct_of_peak_sustained_elapsed,l1tex__lsu_writeback_active.avg.pct_of_peak_sustained_elapsed,l1tex__lsuin_requests.avg.pct_of_peak_sustained_elapsed,l1tex__m_l1tex2xbar_req_cycles_active.avg.pct_of_peak_sustained_elapsed,l1tex__m_xbar2l1tex_read_sectors.avg.pct_of_peak_sustained_elapsed,l1tex__tex_writeback_active.avg.pct_of_peak_sustained_elapsed,l1tex__texin_sm2tex_req_cycles_active.avg.pct_of_peak_sustained_elapsed,lts__d_atomic_input_cycles_active.avg.pct_of_peak_sustained_elapsed,lts__d_sectors.avg.pct_of_peak_sustained_elapsed,lts__d_sectors_fill_device.avg.pct_of_peak_sustained_elapsed,lts__d_sectors_fill_sysmem.avg.pct_of_peak_sustained_elapsed,lts__lts2xbar_cycles_active.avg.pct_of_peak_sustained_elapsed,lts__t_sectors.avg.pct_of_peak_sustained_elapsed,lts__t_tag_requests.avg.pct_of_peak_sustained_elapsed,lts__xbar2lts_cycles_active.avg.pct_of_peak_sustained_elapsed","dram__cycles_active.avg.pct_of_peak_sustained_elapsed,fbpa__dram_sectors.avg.pct_of_peak_sustained_elapsed,gpu__compute_memory_access_throughput_internal_activity.avg.pct_of_peak_sustained_elapsed,gpu__compute_memory_request_throughput_internal_activity.avg.pct_of_peak_sustained_elapsed,l1tex__data_bank_reads.avg.pct_of_peak_sustained_elapsed,l1tex__data_bank_writes.avg.pct_of_peak_sustained_elapsed,l1tex__data_pipe_lsu_wavefronts.avg.pct_of_peak_sustained_elapsed,l1tex__data_pipe_tex_wavefronts.avg.pct_of_peak_sustained_elapsed,l1tex__f_wavefronts.avg.pct_of_peak_sustained_elapsed,l1tex__lsu_writeback_active.avg.pct_of_peak_sustained_elapsed,l1tex__lsuin_requests.avg.pct_of_peak_sustained_elapsed,l1tex__m_l1tex2xbar_req_cycles_active.avg.pct_of_peak_sustained_elapsed,l1tex__m_xbar2l1tex_read_sectors.avg.pct_of_peak_sustained_elapsed,l1tex__tex_writeback_active.avg.pct_of_peak_sustained_elapsed,l1tex__texin_sm2tex_req_cycles_active.avg.pct_of_peak_sustained_elapsed,lts__d_atomic_input_cycles_active.avg.pct_of_peak_sustained_elapsed,lts__d_sectors.avg.pct_of_peak_sustained_elapsed,lts__d_sectors_fill_device.avg.pct_of_peak_sustained_elapsed,lts__d_sectors_fill_sysmem.avg.pct_of_peak_sustained_elapsed,lts__lts2xbar_cycles_active.avg.pct_of_peak_sustained_elapsed,lts__t_sectors.avg.pct_of_peak_sustained_elapsed,lts__t_tag_requests.avg.pct_of_peak_sustained_elapsed,lts__xbar2lts_cycles_active.avg.pct_of_peak_sustained_elapsed"
breakdown:gpu__compute_memory_throughput.max.pct_of_peak_sustained_elapsed,"dram__cycles_active.max.pct_of_peak_sustained_elapsed,fbpa__dram_sectors.max.pct_of_peak_sustained_elapsed,gpu__compute_memory_access_throughput_internal_activity.max.pct_of_peak_sustained_elapsed,gpu__compute_memory_request_throughput_internal_activity.max.pct_of_peak_sustained_elapsed,l1tex__data_bank_reads.max.pct_of_peak_sustained_elapsed,l1tex__data_bank_writes.max.pct_of_peak_sustained_elapsed,l1tex__data_pipe_lsu_wavefronts.max.pct_of_peak_sustained_elapsed,l1tex__data_pipe_tex_wavefronts.max.pct_of_peak_sustained_elapsed,l1tex__f_wavefronts.max.pct_of_peak_sustained_elapsed,l1tex__lsu_writeback_active.max.pct_of_peak_sustained_elapsed,l1tex__lsuin_requests.max.pct_of_peak_sustained_elapsed,l1tex__m_l1tex2xbar_req_cycles_active.max.pct_of_peak_sustained_elapsed,l1tex__m_xbar2l1tex_read_sectors.max.pct_of_peak_sustained_elapsed,l1tex__tex_writeback_active.max.pct_of_peak_sustained_elapsed,l1tex__texin_sm2tex_req_cycles_active.max.pct_of_peak_sustained_elapsed,lts__d_atomic_input_cycles_active.max.pct_of_peak_sustained_elapsed,lts__d_sectors.max.pct_of_peak_sustained_elapsed,lts__d_sectors_fill_device.max.pct_of_peak_sustained_elapsed,lts__d_sectors_fill_sysmem.max.pct_of_peak_sustained_elapsed,lts__lts2xbar_cycles_active.max.pct_of_peak_sustained_elapsed,lts__t_sectors.max.pct_of_peak_sustained_elapsed,lts__t_tag_requests.max.pct_of_peak_sustained_elapsed,lts__xbar2lts_cycles_active.max.pct_of_peak_sustained_elapsed","dram__cycles_active.max.pct_of_peak_sustained_elapsed,fbpa__dram_sectors.max.pct_of_peak_sustained_elapsed,gpu__compute_memory_access_throughput_internal_activity.max.pct_of_peak_sustained_elapsed,gpu__compute_memory_request_throughput_internal_activity.max.pct_of_peak_sustained_elapsed,l1tex__data_bank_reads.max.pct_of_peak_sustained_elapsed,l1tex__data_bank_writes.max.pct_of_peak_sustained_elapsed,l1tex__data_pipe_lsu_wavefronts.max.pct_of_peak_sustained_elapsed,l1tex__data_pipe_tex_wavefronts.max.pct_of_peak_sustained_elapsed,l1tex__f_wavefronts.max.pct_of_peak_sustained_elapsed,l1tex__lsu_writeback_active.max.pct_of_peak_sustained_elapsed,l1tex__lsuin_requests.max.pct_of_peak_sustained_elapsed,l1tex__m_l1tex2xbar_req_cycles_active.max.pct_of_peak_sustained_elapsed,l1tex__m_xbar2l1tex_read_sectors.max.pct_of_peak_sustained_elapsed,l1tex__tex_writeback_active.max.pct_of_peak_sustained_elapsed,l1tex__texin_sm2tex_req_cycles_active.max.pct_of_peak_sustained_elapsed,lts__d_atomic_input_cycles_active.max.pct_of_peak_sustained_elapsed,lts__d_sectors.max.pct_of_peak_sustained_elapsed,lts__d_sectors_fill_device.max.pct_of_peak_sustained_elapsed,lts__d_sectors_fill_sysmem.max.pct_of_peak_sustained_elapsed,lts__lts2xbar_cycles_active.max.pct_of_peak_sustained_elapsed,lts__t_sectors.max.pct_of_peak_sustained_elapsed,lts__t_tag_requests.max.pct_of_peak_sustained_elapsed,lts__xbar2lts_cycles_active.max.pct_of_peak_sustained_elapsed","dram__cycles_active.max.pct_of_peak_sustained_elapsed,fbpa__dram_sectors.max.pct_of_peak_sustained_elapsed,gpu__compute_memory_access_throughput_internal_activity.max.pct_of_peak_sustained_elapsed,gpu__compute_memory_request_throughput_internal_activity.max.pct_of_peak_sustained_elapsed,l1tex__data_bank_reads.max.pct_of_peak_sustained_elapsed,l1tex__data_bank_writes.max.pct_of_peak_sustained_elapsed,l1tex__data_pipe_lsu_wavefronts.max.pct_of_peak_sustained_elapsed,l1tex__data_pipe_tex_wavefronts.max.pct_of_peak_sustained_elapsed,l1tex__f_wavefronts.max.pct_of_peak_sustained_elapsed,l1tex__lsu_writeback_active.max.pct_of_peak_sustained_elapsed,l1tex__lsuin_requests.max.pct_of_peak_sustained_elapsed,l1tex__m_l1tex2xbar_req_cycles_active.max.pct_of_peak_sustained_elapsed,l1tex__m_xbar2l1tex_read_sectors.max.pct_of_peak_sustained_elapsed,l1tex__tex_writeback_active.max.pct_of_peak_sustained_elapsed,l1tex__texin_sm2tex_req_cycles_active.max.pct_of_peak_sustained_elapsed,lts__d_atomic_input_cycles_active.max.pct_of_peak_sustained_elapsed,lts__d_sectors.max.pct_of_peak_sustained_elapsed,lts__d_sectors_fill_device.max.pct_of_peak_sustained_elapsed,lts__d_sectors_fill_sysmem.max.pct_of_peak_sustained_elapsed,lts__lts2xbar_cycles_active.max.pct_of_peak_sustained_elapsed,lts__t_sectors.max.pct_of_peak_sustained_elapsed,lts__t_tag_requests.max.pct_of_peak_sustained_elapsed,lts__xbar2lts_cycles_active.max.pct_of_peak_sustained_elapsed","dram__cycles_active.max.pct_of_peak_sustained_elapsed,fbpa__dram_sectors.max.pct_of_peak_sustained_elapsed,gpu__compute_memory_access_throughput_internal_activity.max.pct_of_peak_sustained_elapsed,gpu__compute_memory_request_throughput_internal_activity.max.pct_of_peak_sustained_elapsed,l1tex__data_bank_reads.max.pct_of_peak_sustained_elapsed,l1tex__data_bank_writes.max.pct_of_peak_sustained_elapsed,l1tex__data_pipe_lsu_wavefronts.max.pct_of_peak_sustained_elapsed,l1tex__data_pipe_tex_wavefronts.max.pct_of_peak_sustained_elapsed,l1tex__f_wavefronts.max.pct_of_peak_sustained_elapsed,l1tex__lsu_writeback_active.max.pct_of_peak_sustained_elapsed,l1tex__lsuin_requests.max.pct_of_peak_sustained_elapsed,l1tex__m_l1tex2xbar_req_cycles_active.max.pct_of_peak_sustained_elapsed,l1tex__m_xbar2l1tex_read_sectors.max.pct_of_peak_sustained_elapsed,l1tex__tex_writeback_active.max.pct_of_peak_sustained_elapsed,l1tex__texin_sm2tex_req_cycles_active.max.pct_of_peak_sustained_elapsed,lts__d_atomic_input_cycles_active.max.pct_of_peak_sustained_elapsed,lts__d_sectors.max.pct_of_peak_sustained_elapsed,lts__d_sectors_fill_device.max.pct_of_peak_sustained_elapsed,lts__d_sectors_fill_sysmem.max.pct_of_peak_sustained_elapsed,lts__lts2xbar_cycles_active.max.pct_of_peak_sustained_elapsed,lts__t_sectors.max.pct_of_peak_sustained_elapsed,lts__t_tag_requests.max.pct_of_peak_sustained_elapsed,lts__xbar2lts_cycles_active.max.pct_of_peak_sustained_elapsed"
breakdown:gpu__compute_memory_throughput.min.pct_of_peak_sustained_elapsed,"dram__cycles_active.min.pct_of_peak_sustained_elapsed,fbpa__dram_sectors.min.pct_of_peak_sustained_elapsed,gpu__compute_memory_access_throughput_internal_activity.min.pct_of_peak_sustained_elapsed,gpu__compute_memory_request_throughput_internal_activity.min.pct_of_peak_sustained_elapsed,l1tex__data_bank_reads.min.pct_of_peak_sustained_elapsed,l1tex__data_bank_writes.min.pct_of_peak_sustained_elapsed,l1tex__data_pipe_lsu_wavefronts.min.pct_of_peak_sustained_elapsed,l1tex__data_pipe_tex_wavefronts.min.pct_of_peak_sustained_elapsed,l1tex__f_wavefronts.min.pct_of_peak_sustained_elapsed,l1tex__lsu_writeback_active.min.pct_of_peak_sustained_elapsed,l1tex__lsuin_requests.min.pct_of_peak_sustained_elapsed,l1tex__m_l1tex2xbar_req_cycles_active.min.pct_of_peak_sustained_elapsed,l1tex__m_xbar2l1tex_read_sectors.min.pct_of_peak_sustained_elapsed,l1tex__tex_writeback_active.min.pct_of_peak_sustained_elapsed,l1tex__texin_sm2tex_req_cycles_active.min.pct_of_peak_sustained_elapsed,lts__d_atomic_input_cycles_active.min.pct_of_peak_sustained_elapsed,lts__d_sectors.min.pct_of_peak_sustained_elapsed,lts__d_sectors_fill_device.min.pct_of_peak_sustained_elapsed,lts__d_sectors_fill_sysmem.min.pct_of_peak_sustained_elapsed,lts__lts2xbar_cycles_active.min.pct_of_peak_sustained_elapsed,lts__t_sectors.min.pct_of_peak_sustained_elapsed,lts__t_tag_requests.min.pct_of_peak_sustained_elapsed,lts__xbar2lts_cycles_active.min.pct_of_peak_sustained_elapsed","dram__cycles_active.min.pct_of_peak_sustained_elapsed,fbpa__dram_sectors.min.pct_of_peak_sustained_elapsed,gpu__compute_memory_access_throughput_internal_activity.min.pct_of_peak_sustained_elapsed,gpu__compute_memory_request_throughput_internal_activity.min.pct_of_peak_sustained_elapsed,l1tex__data_bank_reads.min.pct_of_peak_sustained_elapsed,l1tex__data_bank_writes.min.pct_of_peak_sustained_elapsed,l1tex__data_pipe_lsu_wavefronts.min.pct_of_peak_sustained_elapsed,l1tex__data_pipe_tex_wavefronts.min.pct_of_peak_sustained_elapsed,l1tex__f_wavefronts.min.pct_of_peak_sustained_elapsed,l1tex__lsu_writeback_active.min.pct_of_peak_sustained_elapsed,l1tex__lsuin_requests.min.pct_of_peak_sustained_elapsed,l1tex__m_l1tex2xbar_req_cycles_active.min.pct_of_peak_sustained_elapsed,l1tex__m_xbar2l1tex_read_sectors.min.pct_of_peak_sustained_elapsed,l1tex__tex_writeback_active.min.pct_of_peak_sustained_elapsed,l1tex__texin_sm2tex_req_cycles_active.min.pct_of_peak_sustained_elapsed,lts__d_atomic_input_cycles_active.min.pct_of_peak_sustained_elapsed,lts__d_sectors.min.pct_of_peak_sustained_elapsed,lts__d_sectors_fill_device.min.pct_of_peak_sustained_elapsed,lts__d_sectors_fill_sysmem.min.pct_of_peak_sustained_elapsed,lts__lts2xbar_cycles_active.min.pct_of_peak_sustained_elapsed,lts__t_sectors.min.pct_of_peak_sustained_elapsed,lts__t_tag_requests.min.pct_of_peak_sustained_elapsed,lts__xbar2lts_cycles_active.min.pct_of_peak_sustained_elapsed","dram__cycles_active.min.pct_of_peak_sustained_elapsed,fbpa__dram_sectors.min.pct_of_peak_sustained_elapsed,gpu__compute_memory_access_throughput_internal_activity.min.pct_of_peak_sustained_elapsed,gpu__compute_memory_request_throughput_internal_activity.min.pct_of_peak_sustained_elapsed,l1tex__data_bank_reads.min.pct_of_peak_sustained_elapsed,l1tex__data_bank_writes.min.pct_of_peak_sustained_elapsed,l1tex__data_pipe_lsu_wavefronts.min.pct_of_peak_sustained_elapsed,l1tex__data_pipe_tex_wavefronts.min.pct_of_peak_sustained_elapsed,l1tex__f_wavefronts.min.pct_of_peak_sustained_elapsed,l1tex__lsu_writeback_active.min.pct_of_peak_sustained_elapsed,l1tex__lsuin_requests.min.pct_of_peak_sustained_elapsed,l1tex__m_l1tex2xbar_req_cycles_active.min.pct_of_peak_sustained_elapsed,l1tex__m_xbar2l1tex_read_sectors.min.pct_of_peak_sustained_elapsed,l1tex__tex_writeback_active.min.pct_of_peak_sustained_elapsed,l1tex__texin_sm2tex_req_cycles_active.min.pct_of_peak_sustained_elapsed,lts__d_atomic_input_cycles_active.min.pct_of_peak_sustained_elapsed,lts__d_sectors.min.pct_of_peak_sustained_elapsed,lts__d_sectors_fill_device.min.pct_of_peak_sustained_elapsed,lts__d_sectors_fill_sysmem.min.pct_of_peak_sustained_elapsed,lts__lts2xbar_cycles_active.min.pct_of_peak_sustained_elapsed,lts__t_sectors.min.pct_of_peak_sustained_elapsed,lts__t_tag_requests.min.pct_of_peak_sustained_elapsed,lts__xbar2lts_cycles_active.min.pct_of_peak_sustained_elapsed","dram__cycles_active.min.pct_of_peak_sustained_elapsed,fbpa__dram_sectors.min.pct_of_peak_sustained_elapsed,gpu__compute_memory_access_throughput_internal_activity.min.pct_of_peak_sustained_elapsed,gpu__compute_memory_request_throughput_internal_activity.min.pct_of_peak_sustained_elapsed,l1tex__data_bank_reads.min.pct_of_peak_sustained_elapsed,l1tex__data_bank_writes.min.pct_of_peak_sustained_elapsed,l1tex__data_pipe_lsu_wavefronts.min.pct_of_peak_sustained_elapsed,l1tex__data_pipe_tex_wavefronts.min.pct_of_peak_sustained_elapsed,l1tex__f_wavefronts.min.pct_of_peak_sustained_elapsed,l1tex__lsu_writeback_active.min.pct_of_peak_sustained_elapsed,l1tex__lsuin_requests.min.pct_of_peak_sustained_elapsed,l1tex__m_l1tex2xbar_req_cycles_active.min.pct_of_peak_sustained_elapsed,l1tex__m_xbar2l1tex_read_sectors.min.pct_of_peak_sustained_elapsed,l1tex__tex_writeback_active.min.pct_of_peak_sustained_elapsed,l1tex__texin_sm2tex_req_cycles_active.min.pct_of_peak_sustained_elapsed,lts__d_atomic_input_cycles_active.min.pct_of_peak_sustained_elapsed,lts__d_sectors.min.pct_of_peak_sustained_elapsed,lts__d_sectors_fill_device.min.pct_of_peak_sustained_elapsed,lts__d_sectors_fill_sysmem.min.pct_of_peak_sustained_elapsed,lts__lts2xbar_cycles_active.min.pct_of_peak_sustained_elapsed,lts__t_sectors.min.pct_of_peak_sustained_elapsed,lts__t_tag_requests.min.pct_of_peak_sustained_elapsed,lts__xbar2lts_cycles_active.min.pct_of_peak_sustained_elapsed"
breakdown:gpu__compute_memory_throughput.sum.pct_of_peak_sustained_elapsed,"dram__cycles_active.sum.pct_of_peak_sustained_elapsed,fbpa__dram_sectors.sum.pct_of_peak_sustained_elapsed,gpu__compute_memory_access_throughput_internal_activity.sum.pct_of_peak_sustained_elapsed,gpu__compute_memory_request_throughput_internal_activity.sum.pct_of_peak_sustained_elapsed,l1tex__data_bank_reads.sum.pct_of_peak_sustained_elapsed,l1tex__data_bank_writes.sum.pct_of_peak_sustained_elapsed,l1tex__data_pipe_lsu_wavefronts.sum.pct_of_peak_sustained_elapsed,l1tex__data_pipe_tex_wavefronts.sum.pct_of_peak_sustained_elapsed,l1tex__f_wavefronts.sum.pct_of_peak_sustained_elapsed,l1tex__lsu_writeback_active.sum.pct_of_peak_sustained_elapsed,l1tex__lsuin_requests.sum.pct_of_peak_sustained_elapsed,l1tex__m_l1tex2xbar_req_cycles_active.sum.pct_of_peak_sustained_elapsed,l1tex__m_xbar2l1tex_read_sectors.sum.pct_of_peak_sustained_elapsed,l1tex__tex_writeback_active.sum.pct_of_peak_sustained_elapsed,l1tex__texin_sm2tex_req_cycles_active.sum.pct_of_peak_sustained_elapsed,lts__d_atomic_input_cycles_active.sum.pct_of_peak_sustained_elapsed,lts__d_sectors.sum.pct_of_peak_sustained_elapsed,lts__d_sectors_fill_device.sum.pct_of_peak_sustained_elapsed,lts__d_sectors_fill_sysmem.sum.pct_of_peak_sustained_elapsed,lts__lts2xbar_cycles_active.sum.pct_of_peak_sustained_elapsed,lts__t_sectors.sum.pct_of_peak_sustained_elapsed,lts__t_tag_requests.sum.pct_of_peak_sustained_elapsed,lts__xbar2lts_cycles_active.sum.pct_of_peak_sustained_elapsed","dram__cycles_active.sum.pct_of_peak_sustained_elapsed,fbpa__dram_sectors.sum.pct_of_peak_sustained_elapsed,gpu__compute_memory_access_throughput_internal_activity.sum.pct_of_peak_sustained_elapsed,gpu__compute_memory_request_throughput_internal_activity.sum.pct_of_peak_sustained_elapsed,l1tex__data_bank_reads.sum.pct_of_peak_sustained_elapsed,l1tex__data_bank_writes.sum.pct_of_peak_sustained_elapsed,l1tex__data_pipe_lsu_wavefronts.sum.pct_of_peak_sustained_elapsed,l1tex__data_pipe_tex_wavefronts.sum.pct_of_peak_sustained_elapsed,l1tex__f_wavefronts.sum.pct_of_peak_sustained_elapsed,l1tex__lsu_writeback_active.sum.pct_of_peak_sustained_elapsed,l1tex__lsuin_requests.sum.pct_of_peak_sustained_elapsed,l1tex__m_l1tex2xbar_req_cycles_active.sum.pct_of_peak_sustained_elapsed,l1tex__m_xbar2l1tex_read_sectors.sum.pct_of_peak_sustained_elapsed,l1tex__tex_writeback_active.sum.pct_of_peak_sustained_elapsed,l1tex__texin_sm2tex_req_cycles_active.sum.pct_of_peak_sustained_elapsed,lts__d_atomic_input_cycles_active.sum.pct_of_peak_sustained_elapsed,lts__d_sectors.sum.pct_of_peak_sustained_elapsed,lts__d_sectors_fill_device.sum.pct_of_peak_sustained_elapsed,lts__d_sectors_fill_sysmem.sum.pct_of_peak_sustained_elapsed,lts__lts2xbar_cycles_active.sum.pct_of_peak_sustained_elapsed,lts__t_sectors.sum.pct_of_peak_sustained_elapsed,lts__t_tag_requests.sum.pct_of_peak_sustained_elapsed,lts__xbar2lts_cycles_active.sum.pct_of_peak_sustained_elapsed","dram__cycles_active.sum.pct_of_peak_sustained_elapsed,fbpa__dram_sectors.sum.pct_of_peak_sustained_elapsed,gpu__compute_memory_access_throughput_internal_activity.sum.pct_of_peak_sustained_elapsed,gpu__compute_memory_request_throughput_internal_activity.sum.pct_of_peak_sustained_elapsed,l1tex__data_bank_reads.sum.pct_of_peak_sustained_elapsed,l1tex__data_bank_writes.sum.pct_of_peak_sustained_elapsed,l1tex__data_pipe_lsu_wavefronts.sum.pct_of_peak_sustained_elapsed,l1tex__data_pipe_tex_wavefronts.sum.pct_of_peak_sustained_elapsed,l1tex__f_wavefronts.sum.pct_of_peak_sustained_elapsed,l1tex__lsu_writeback_active.sum.pct_of_peak_sustained_elapsed,l1tex__lsuin_requests.sum.pct_of_peak_sustained_elapsed,l1tex__m_l1tex2xbar_req_cycles_active.sum.pct_of_peak_sustained_elapsed,l1tex__m_xbar2l1tex_read_sectors.sum.pct_of_peak_sustained_elapsed,l1tex__tex_writeback_active.sum.pct_of_peak_sustained_elapsed,l1tex__texin_sm2tex_req_cycles_active.sum.pct_of_peak_sustained_elapsed,lts__d_atomic_input_cycles_active.sum.pct_of_peak_sustained_elapsed,lts__d_sectors.sum.pct_of_peak_sustained_elapsed,lts__d_sectors_fill_device.sum.pct_of_peak_sustained_elapsed,lts__d_sectors_fill_sysmem.sum.pct_of_peak_sustained_elapsed,lts__lts2xbar_cycles_active.sum.pct_of_peak_sustained_elapsed,lts__t_sectors.sum.pct_of_peak_sustained_elapsed,lts__t_tag_requests.sum.pct_of_peak_sustained_elapsed,lts__xbar2lts_cycles_active.sum.pct_of_peak_sustained_elapsed","dram__cycles_active.sum.pct_of_peak_sustained_elapsed,fbpa__dram_sectors.sum.pct_of_peak_sustained_elapsed,gpu__compute_memory_access_throughput_internal_activity.sum.pct_of_peak_sustained_elapsed,gpu__compute_memory_request_throughput_internal_activity.sum.pct_of_peak_sustained_elapsed,l1tex__data_bank_reads.sum.pct_of_peak_sustained_elapsed,l1tex__data_bank_writes.sum.pct_of_peak_sustained_elapsed,l1tex__data_pipe_lsu_wavefronts.sum.pct_of_peak_sustained_elapsed,l1tex__data_pipe_tex_wavefronts.sum.pct_of_peak_sustained_elapsed,l1tex__f_wavefronts.sum.pct_of_peak_sustained_elapsed,l1tex__lsu_writeback_active.sum.pct_of_peak_sustained_elapsed,l1tex__lsuin_requests.sum.pct_of_peak_sustained_elapsed,l1tex__m_l1tex2xbar_req_cycles_active.sum.pct_of_peak_sustained_elapsed,l1tex__m_xbar2l1tex_read_sectors.sum.pct_of_peak_sustained_elapsed,l1tex__tex_writeback_active.sum.pct_of_peak_sustained_elapsed,l1tex__texin_sm2tex_req_cycles_active.sum.pct_of_peak_sustained_elapsed,lts__d_atomic_input_cycles_active.sum.pct_of_peak_sustained_elapsed,lts__d_sectors.sum.pct_of_peak_sustained_elapsed,lts__d_sectors_fill_device.sum.pct_of_peak_sustained_elapsed,lts__d_sectors_fill_sysmem.sum.pct_of_peak_sustained_elapsed,lts__lts2xbar_cycles_active.sum.pct_of_peak_sustained_elapsed,lts__t_sectors.sum.pct_of_peak_sustained_elapsed,lts__t_tag_requests.sum.pct_of_peak_sustained_elapsed,lts__xbar2lts_cycles_active.sum.pct_of_peak_sustained_elapsed"
breakdown:sm__throughput.avg.pct_of_peak_sustained_elapsed,"idc__request_cycles_active.avg.pct_of_peak_sustained_elapsed,sm__inst_executed.avg.pct_of_peak_sustained_elapsed,sm__inst_executed_pipe_adu.avg.pct_of_peak_sustained_elapsed,sm__inst_executed_pipe_cbu_pred_on_any.avg.pct_of_peak_sustained_elapsed,sm__inst_executed_pipe_ipa.avg.pct_of_peak_sustained_elapsed,sm__inst_executed_pipe_lsu.avg.pct_of_peak_sustained_elapsed,sm__inst_executed_pipe_tex.avg.pct_of_peak_sustained_elapsed,sm__inst_executed_pipe_uniform.avg.pct_of_peak_sustained_elapsed,sm__inst_executed_pipe_xu.avg.pct_of_peak_sustained_elapsed,sm__instruction_throughput_internal_activity.avg.pct_of_peak_sustained_elapsed,sm__issue_active.avg.pct_of_peak_sustained_elapsed,sm__memory_throughput_internal_activity.avg.pct_of_peak_sustained_elapsed,sm__mio2rf_writeback_active.avg.pct_of_peak_sustained_elapsed,sm__mio_inst_issued.avg.pct_of_peak_sustained_elapsed,sm__mio_pq_read_cycles_active.avg.pct_of_peak_sustained_elapsed,sm__mio_pq_write_cycles_active.avg.pct_of_peak_sustained_elapsed,sm__pipe_alu_cycles_active.avg.pct_of_peak_sustained_elapsed,sm__pipe_fma_cycles_active.avg.pct_of_peak_sustained_elapsed,sm__pipe_fmaheavy_cycles_active.avg.pct_of_peak_sustained_elapsed,sm__pipe_fp64_cycles_active.avg.pct_of_peak_sustained_elapsed,sm__pipe_tensor_cycles_active.avg.pct_of_peak_sustained_elapsed,sm__pipe_tensor_cycles_active_v2.avg.pct_of_peak_sustained_elapsed","idc__request_cycles_active.avg.pct_of_peak_sustained_elapsed,sm__inst_executed.avg.pct_of_peak_sustained_elapsed,sm__inst_executed_pipe_adu.avg.pct_of_peak_sustained_elapsed,sm__inst_executed_pipe_cbu_pred_on_any.avg.pct_of_peak_sustained_elapsed,sm__inst_executed_pipe_ipa.avg.pct_of_peak_sustained_elapsed,sm__inst_executed_pipe_lsu.avg.pct_of_peak_sustained_elapsed,sm__inst_executed_pipe_tex.avg.pct_of_peak_sustained_elapsed,sm__inst_executed_pipe_uniform.avg.pct_of_peak_sustained_elapsed,sm__inst_executed_pipe_xu.avg.pct_of_peak_sustained_elapsed,sm__instruction_throughput_internal_activity.avg.pct_of_peak_sustained_elapsed,sm__issue_active.avg.pct_of_peak_sustained_elapsed,sm__memory_throughput_internal_activity.avg.pct_of_peak_sustained_elapsed,sm__mio2rf_writeback_active.avg.pct_of_peak_sustained_elapsed,sm__mio_inst_issued.avg.pct_of_peak_sustained_elapsed,sm__mio_pq_read_cycles_active.avg.pct_of_peak_sustained_elapsed,sm__mio_pq_write_cycles_active.avg.pct_of_peak_sustained_elapsed,sm__pipe_alu_cycles_active.avg.pct_of_peak_sustained_elapsed,sm__pipe_fma_cycles_active.avg.pct_of_peak_sustained_elapsed,sm__pipe_fmaheavy_cycles_active.avg.pct_of_peak_sustained_elapsed,sm__pipe_fp64_cycles_active.avg.pct_of_peak_sustained_elapsed,sm__pipe_tensor_cycles_active.avg.pct_of_peak_sustained_elapsed,sm__pipe_tensor_cycles_active_v2.avg.pct_of_peak_sustained_elapsed","idc__request_cycles_active.avg.pct_of_peak_sustained_elapsed,sm__inst_executed.avg.pct_of_peak_sustained_elapsed,sm__inst_executed_pipe_adu.avg.pct_of_peak_sustained_elapsed,sm__inst_executed_pipe_cbu_pred_on_any.avg.pct_of_peak_sustained_elapsed,sm__inst_executed_pipe_ipa.avg.pct_of_peak_sustained_elapsed,sm__inst_executed_pipe_lsu.avg.pct_of_peak_sustained_elapsed,sm__inst_executed_pipe_tex.avg.pct_of_peak_sustained_elapsed,sm__inst_executed_pipe_uniform.avg.pct_of_peak_sustained_elapsed,sm__inst_executed_pipe_xu.avg.pct_of_peak_sustained_elapsed,sm__instruction_throughput_internal_activity.avg.pct_of_peak_sustained_elapsed,sm__issue_active.avg.pct_of_peak_sustained_elapsed,sm__memory_throughput_internal_activity.avg.pct_of_peak_sustained_elapsed,sm__mio2rf_writeback_active.avg.pct_of_peak_sustained_elapsed,sm__mio_inst_issued.avg.pct_of_peak_sustained_elapsed,sm__mio_pq_read_cycles_active.avg.pct_of_peak_sustained_elapsed,sm__mio_pq_write_cycles_active.avg.pct_of_peak_sustained_elapsed,sm__pipe_alu_cycles_active.avg.pct_of_peak_sustained_elapsed,sm__pipe_fma_cycles_active.avg.pct_of_peak_sustained_elapsed,sm__pipe_fmaheavy_cycles_active.avg.pct_of_peak_sustained_elapsed,sm__pipe_fp64_cycles_active.avg.pct_of_peak_sustained_elapsed,sm__pipe_tensor_cycles_active.avg.pct_of_peak_sustained_elapsed,sm__pipe_tensor_cycles_active_v2.avg.pct_of_peak_sustained_elapsed","idc__request_cycles_active.avg.pct_of_peak_sustained_elapsed,sm__inst_executed.avg.pct_of_peak_sustained_elapsed,sm__inst_executed_pipe_adu.avg.pct_of_peak_sustained_elapsed,sm__inst_executed_pipe_cbu_pred_on_any.avg.pct_of_peak_sustained_elapsed,sm__inst_executed_pipe_ipa.avg.pct_of_peak_sustained_elapsed,sm__inst_executed_pipe_lsu.avg.pct_of_peak_sustained_elapsed,sm__inst_executed_pipe_tex.avg.pct_of_peak_sustained_elapsed,sm__inst_executed_pipe_uniform.avg.pct_of_peak_sustained_elapsed,sm__inst_executed_pipe_xu.avg.pct_of_peak_sustained_elapsed,sm__instruction_throughput_internal_activity.avg.pct_of_peak_sustained_elapsed,sm__issue_active.avg.pct_of_peak_sustained_elapsed,sm__memory_throughput_internal_activity.avg.pct_of_peak_sustained_elapsed,sm__mio2rf_writeback_active.avg.pct_of_peak_sustained_elapsed,sm__mio_inst_issued.avg.pct_of_peak_sustained_elapsed,sm__mio_pq_read_cycles_active.avg.pct_of_peak_sustained_elapsed,sm__mio_pq_write_cycles_active.avg.pct_of_peak_sustained_elapsed,sm__pipe_alu_cycles_active.avg.pct_of_peak_sustained_elapsed,sm__pipe_fma_cycles_active.avg.pct_of_peak_sustained_elapsed,sm__pipe_fmaheavy_cycles_active.avg.pct_of_peak_sustained_elapsed,sm__pipe_fp64_cycles_active.avg.pct_of_peak_sustained_elapsed,sm__pipe_tensor_cycles_active.avg.pct_of_peak_sustained_elapsed,sm__pipe_tensor_cycles_active_v2.avg.pct_of_peak_sustained_elapsed"
breakdown:sm__throughput.max.pct_of_peak_sustained_elapsed,"idc__request_cycles_active.max.pct_of_peak_sustained_elapsed,sm__inst_executed.max.pct_of_peak_sustained_elapsed,sm__inst_executed_pipe_adu.max.pct_of_peak_sustained_elapsed,sm__inst_executed_pipe_cbu_pred_on_any.max.pct_of_peak_sustained_elapsed,sm__inst_executed_pipe_ipa.max.pct_of_peak_sustained_elapsed,sm__inst_executed_pipe_lsu.max.pct_of_peak_sustained_elapsed,sm__inst_executed_pipe_tex.max.pct_of_peak_sustained_elapsed,sm__inst_executed_pipe_uniform.max.pct_of_peak_sustained_elapsed,sm__inst_executed_pipe_xu.max.pct_of_peak_sustained_elapsed,sm__instruction_throughput_internal_activity.max.pct_of_peak_sustained_elapsed,sm__issue_active.max.pct_of_peak_sustained_elapsed,sm__memory_throughput_internal_activity.max.pct_of_peak_sustained_elapsed,sm__mio2rf_writeback_active.max.pct_of_peak_sustained_elapsed,sm__mio_inst_issued.max.pct_of_peak_sustained_elapsed,sm__mio_pq_read_cycles_active.max.pct_of_peak_sustained_elapsed,sm__mio_pq_write_cycles_active.max.pct_of_peak_sustained_elapsed,sm__pipe_alu_cycles_active.max.pct_of_peak_sustained_elapsed,sm__pipe_fma_cycles_active.max.pct_of_peak_sustained_elapsed,sm__pipe_fmaheavy_cycles_active.max.pct_of_peak_sustained_elapsed,sm__pipe_fp64_cycles_active.max.pct_of_peak_sustained_elapsed,sm__pipe_tensor_cycles_active.max.pct_of_peak_sustained_elapsed,sm__pipe_tensor_cycles_active_v2.max.pct_of_peak_sustained_elapsed","idc__request_cycles_active.max.pct_of_peak_sustained_elapsed,sm__inst_executed.max.pct_of_peak_sustained_elapsed,sm__inst_executed_pipe_adu.max.pct_of_peak_sustained_elapsed,sm__inst_executed_pipe_cbu_pred_on_any.max.pct_of_peak_sustained_elapsed,sm__inst_executed_pipe_ipa.max.pct_of_peak_sustained_elapsed,sm__inst_executed_pipe_lsu.max.pct_of_peak_sustained_elapsed,sm__inst_executed_pipe_tex.max.pct_of_peak_sustained_elapsed,sm__inst_executed_pipe_uniform.max.pct_of_peak_sustained_elapsed,sm__inst_executed_pipe_xu.max.pct_of_peak_sustained_elapsed,sm__instruction_throughput_internal_activity.max.pct_of_peak_sustained_elapsed,sm__issue_active.max.pct_of_peak_sustained_elapsed,sm__memory_throughput_internal_activity.max.pct_of_peak_sustained_elapsed,sm__mio2rf_writeback_active.max.pct_of_peak_sustained_elapsed,sm__mio_inst_issued.max.pct_of_peak_sustained_elapsed,sm__mio_pq_read_cycles_active.max.pct_of_peak_sustained_elapsed,sm__mio_pq_write_cycles_active.max.pct_of_peak_sustained_elapsed,sm__pipe_alu_cycles_active.max.pct_of_peak_sustained_elapsed,sm__pipe_fma_cycles_active.max.pct_of_peak_sustained_elapsed,sm__pipe_fmaheavy_cycles_active.max.pct_of_peak_sustained_elapsed,sm__pipe_fp64_cycles_active.max.pct_of_peak_sustained_elapsed,sm__pipe_tensor_cycles_active.max.pct_of_peak_sustained_elapsed,sm__pipe_tensor_cycles_active_v2.max.pct_of_peak_sustained_elapsed","idc__request_cycles_active.max.pct_of_peak_sustained_elapsed,sm__inst_executed.max.pct_of_peak_sustained_elapsed,sm__inst_executed_pipe_adu.max.pct_of_peak_sustained_elapsed,sm__inst_executed_pipe_cbu_pred_on_any.max.pct_of_peak_sustained_elapsed,sm__inst_executed_pipe_ipa.max.pct_of_peak_sustained_elapsed,sm__inst_executed_pipe_lsu.max.pct_of_peak_sustained_elapsed,sm__inst_executed_pipe_tex.max.pct_of_peak_sustained_elapsed,sm__inst_executed_pipe_uniform.max.pct_of_peak_sustained_elapsed,sm__inst_executed_pipe_xu.max.pct_of_peak_sustained_elapsed,sm__instruction_throughput_internal_activity.max.pct_of_peak_sustained_elapsed,sm__issue_active.max.pct_of_peak_sustained_elapsed,sm__memory_throughput_internal_activity.max.pct_of_peak_sustained_elapsed,sm__mio2rf_writeback_active.max.pct_of_peak_sustained_elapsed,sm__mio_inst_issued.max.pct_of_peak_sustained_elapsed,sm__mio_pq_read_cycles_active.max.pct_of_peak_sustained_elapsed,sm__mio_pq_write_cycles_active.max.pct_of_peak_sustained_elapsed,sm__pipe_alu_cycles_active.max.pct_of_peak_sustained_elapsed,sm__pipe_fma_cycles_active.max.pct_of_peak_sustained_elapsed,sm__pipe_fmaheavy_cycles_active.max.pct_of_peak_sustained_elapsed,sm__pipe_fp64_cycles_active.max.pct_of_peak_sustained_elapsed,sm__pipe_tensor_cycles_active.max.pct_of_peak_sustained_elapsed,sm__pipe_tensor_cycles_active_v2.max.pct_of_peak_sustained_elapsed","idc__request_cycles_active.max.pct_of_peak_sustained_elapsed,sm__inst_executed.max.pct_of_peak_sustained_elapsed,sm__inst_executed_pipe_adu.max.pct_of_peak_sustained_elapsed,sm__inst_executed_pipe_cbu_pred_on_any.max.pct_of_peak_sustained_elapsed,sm__inst_executed_pipe_ipa.max.pct_of_peak_sustained_elapsed,sm__inst_executed_pipe_lsu.max.pct_of_peak_sustained_elapsed,sm__inst_executed_pipe_tex.max.pct_of_peak_sustained_elapsed,sm__inst_executed_pipe_uniform.max.pct_of_peak_sustained_elapsed,sm__inst_executed_pipe_xu.max.pct_of_peak_sustained_elapsed,sm__instruction_throughput_internal_activity.max.pct_of_peak_sustained_elapsed,sm__issue_active.max.pct_of_peak_sustained_elapsed,sm__memory_throughput_internal_activity.max.pct_of_peak_sustained_elapsed,sm__mio2rf_writeback_active.max.pct_of_peak_sustained_elapsed,sm__mio_inst_issued.max.pct_of_peak_sustained_elapsed,sm__mio_pq_read_cycles_active.max.pct_of_peak_sustained_elapsed,sm__mio_pq_write_cycles_active.max.pct_of_peak_sustained_elapsed,sm__pipe_alu_cycles_active.max.pct_of_peak_sustained_elapsed,sm__pipe_fma_cycles_active.max.pct_of_peak_sustained_elapsed,sm__pipe_fmaheavy_cycles_active.max.pct_of_peak_sustained_elapsed,sm__pipe_fp64_cycles_active.max.pct_of_peak_sustained_elapsed,sm__pipe_tensor_cycles_active.max.pct_of_peak_sustained_elapsed,sm__pipe_tensor_cycles_active_v2.max.pct_of_peak_sustained_elapsed"
breakdown:sm__throughput.min.pct_of_peak_sustained_elapsed,"idc__request_cycles_active.min.pct_of_peak_sustained_elapsed,sm__inst_executed.min.pct_of_peak_sustained_elapsed,sm__inst_executed_pipe_adu.min.pct_of_peak_sustained_elapsed,sm__inst_executed_pipe_cbu_pred_on_any.min.pct_of_peak_sustained_elapsed,sm__inst_executed_pipe_ipa.min.pct_of_peak_sustained_elapsed,sm__inst_executed_pipe_lsu.min.pct_of_peak_sustained_elapsed,sm__inst_executed_pipe_tex.min.pct_of_peak_sustained_elapsed,sm__inst_executed_pipe_uniform.min.pct_of_peak_sustained_elapsed,sm__inst_executed_pipe_xu.min.pct_of_peak_sustained_elapsed,sm__instruction_throughput_internal_activity.min.pct_of_peak_sustained_elapsed,sm__issue_active.min.pct_of_peak_sustained_elapsed,sm__memory_throughput_internal_activity.min.pct_of_peak_sustained_elapsed,sm__mio2rf_writeback_active.min.pct_of_peak_sustained_elapsed,sm__mio_inst_issued.min.pct_of_peak_sustained_elapsed,sm__mio_pq_read_cycles_active.min.pct_of_peak_sustained_elapsed,sm__mio_pq_write_cycles_active.min.pct_of_peak_sustained_elapsed,sm__pipe_alu_cycles_active.min.pct_of_peak_sustained_elapsed,sm__pipe_fma_cycles_active.min.pct_of_peak_sustained_elapsed,sm__pipe_fmaheavy_cycles_active.min.pct_of_peak_sustained_elapsed,sm__pipe_fp64_cycles_active.min.pct_of_peak_sustained_elapsed,sm__pipe_tensor_cycles_active.min.pct_of_peak_sustained_elapsed,sm__pipe_tensor_cycles_active_v2.min.pct_of_peak_sustained_elapsed","idc__request_cycles_active.min.pct_of_peak_sustained_elapsed,sm__inst_executed.min.pct_of_peak_sustained_elapsed,sm__inst_executed_pipe_adu.min.pct_of_peak_sustained_elapsed,sm__inst_executed_pipe_cbu_pred_on_any.min.pct_of_peak_sustained_elapsed,sm__inst_executed_pipe_ipa.min.pct_of_peak_sustained_elapsed,sm__inst_executed_pipe_lsu.min.pct_of_peak_sustained_elapsed,sm__inst_executed_pipe_tex.min.pct_of_peak_sustained_elapsed,sm__inst_executed_pipe_uniform.min.pct_of_peak_sustained_elapsed,sm__inst_executed_pipe_xu.min.pct_of_peak_sustained_elapsed,sm__instruction_throughput_internal_activity.min.pct_of_peak_sustained_elapsed,sm__issue_active.min.pct_of_peak_sustained_elapsed,sm__memory_throughput_internal_activity.min.pct_of_peak_sustained_elapsed,sm__mio2rf_writeback_active.min.pct_of_peak_sustained_elapsed,sm__mio_inst_issued.min.pct_of_peak_sustained_elapsed,sm__mio_pq_read_cycles_active.min.pct_of_peak_sustained_elapsed,sm__mio_pq_write_cycles_active.min.pct_of_peak_sustained_elapsed,sm__pipe_alu_cycles_active.min.pct_of_peak_sustained_elapsed,sm__pipe_fma_cycles_active.min.pct_of_peak_sustained_elapsed,sm__pipe_fmaheavy_cycles_active.min.pct_of_peak_sustained_elapsed,sm__pipe_fp64_cycles_active.min.pct_of_peak_sustained_elapsed,sm__pipe_tensor_cycles_active.min.pct_of_peak_sustained_elapsed,sm__pipe_tensor_cycles_active_v2.min.pct_of_peak_sustained_elapsed","idc__request_cycles_active.min.pct_of_peak_sustained_elapsed,sm__inst_executed.min.pct_of_peak_sustained_elapsed,sm__inst_executed_pipe_adu.min.pct_of_peak_sustained_elapsed,sm__inst_executed_pipe_cbu_pred_on_any.min.pct_of_peak_sustained_elapsed,sm__inst_executed_pipe_ipa.min.pct_of_peak_sustained_elapsed,sm__inst_executed_pipe_lsu.min.pct_of_peak_sustained_elapsed,sm__inst_executed_pipe_tex.min.pct_of_peak_sustained_elapsed,sm__inst_executed_pipe_uniform.min.pct_of_peak_sustained_elapsed,sm__inst_executed_pipe_xu.min.pct_of_peak_sustained_elapsed,sm__instruction_throughput_internal_activity.min.pct_of_peak_sustained_elapsed,sm__issue_active.min.pct_of_peak_sustained_elapsed,sm__memory_throughput_internal_activity.min.pct_of_peak_sustained_elapsed,sm__mio2rf_writeback_active.min.pct_of_peak_sustained_elapsed,sm__mio_inst_issued.min.pct_of_peak_sustained_elapsed,sm__mio_pq_read_cycles_active.min.pct_of_peak_sustained_elapsed,sm__mio_pq_write_cycles_active.min.pct_of_peak_sustained_elapsed,sm__pipe_alu_cycles_active.min.pct_of_peak_sustained_elapsed,sm__pipe_fma_cycles_active.min.pct_of_peak_sustained_elapsed,sm__pipe_fmaheavy_cycles_active.min.pct_of_peak_sustained_elapsed,sm__pipe_fp64_cycles_active.min.pct_of_peak_sustained_elapsed,sm__pipe_tensor_cycles_active.min.pct_of_peak_sustained_elapsed,sm__pipe_tensor_cycles_active_v2.min.pct_of_peak_sustained_elapsed","idc__request_cycles_active.min.pct_of_peak_sustained_elapsed,sm__inst_executed.min.pct_of_peak_sustained_elapsed,sm__inst_executed_pipe_adu.min.pct_of_peak_sustained_elapsed,sm__inst_executed_pipe_cbu_pred_on_any.min.pct_of_peak_sustained_elapsed,sm__inst_executed_pipe_ipa.min.pct_of_peak_sustained_elapsed,sm__inst_executed_pipe_lsu.min.pct_of_peak_sustained_elapsed,sm__inst_executed_pipe_tex.min.pct_of_peak_sustained_elapsed,sm__inst_executed_pipe_uniform.min.pct_of_peak_sustained_elapsed,sm__inst_executed_pipe_xu.min.pct_of_peak_sustained_elapsed,sm__instruction_throughput_internal_activity.min.pct_of_peak_sustained_elapsed,sm__issue_active.min.pct_of_peak_sustained_elapsed,sm__memory_throughput_internal_activity.min.pct_of_peak_sustained_elapsed,sm__mio2rf_writeback_active.min.pct_of_peak_sustained_elapsed,sm__mio_inst_issued.min.pct_of_peak_sustained_elapsed,sm__mio_pq_read_cycles_active.min.pct_of_peak_sustained_elapsed,sm__mio_pq_write_cycles_active.min.pct_of_peak_sustained_elapsed,sm__pipe_alu_cycles_active.min.pct_of_peak_sustained_elapsed,sm__pipe_fma_cycles_active.min.pct_of_peak_sustained_elapsed,sm__pipe_fmaheavy_cycles_active.min.pct_of_peak_sustained_elapsed,sm__pipe_fp64_cycles_active.min.pct_of_peak_sustained_elapsed,sm__pipe_tensor_cycles_active.min.pct_of_peak_sustained_elapsed,sm__pipe_tensor_cycles_active_v2.min.pct_of_peak_sustained_elapsed"
breakdown:sm__throughput.sum.pct_of_peak_sustained_elapsed,"idc__request_cycles_active.sum.pct_of_peak_sustained_elapsed,sm__inst_executed.sum.pct_of_peak_sustained_elapsed,sm__inst_executed_pipe_adu.sum.pct_of_peak_sustained_elapsed,sm__inst_executed_pipe_cbu_pred_on_any.sum.pct_of_peak_sustained_elapsed,sm__inst_executed_pipe_ipa.sum.pct_of_peak_sustained_elapsed,sm__inst_executed_pipe_lsu.sum.pct_of_peak_sustained_elapsed,sm__inst_executed_pipe_tex.sum.pct_of_peak_sustained_elapsed,sm__inst_executed_pipe_uniform.sum.pct_of_peak_sustained_elapsed,sm__inst_executed_pipe_xu.sum.pct_of_peak_sustained_elapsed,sm__instruction_throughput_internal_activity.sum.pct_of_peak_sustained_elapsed,sm__issue_active.sum.pct_of_peak_sustained_elapsed,sm__memory_throughput_internal_activity.sum.pct_of_peak_sustained_elapsed,sm__mio2rf_writeback_active.sum.pct_of_peak_sustained_elapsed,sm__mio_inst_issued.sum.pct_of_peak_sustained_elapsed,sm__mio_pq_read_cycles_active.sum.pct_of_peak_sustained_elapsed,sm__mio_pq_write_cycles_active.sum.pct_of_peak_sustained_elapsed,sm__pipe_alu_cycles_active.sum.pct_of_peak_sustained_elapsed,sm__pipe_fma_cycles_active.sum.pct_of_peak_sustained_elapsed,sm__pipe_fmaheavy_cycles_active.sum.pct_of_peak_sustained_elapsed,sm__pipe_fp64_cycles_active.sum.pct_of_peak_sustained_elapsed,sm__pipe_tensor_cycles_active.sum.pct_of_peak_sustained_elapsed,sm__pipe_tensor_cycles_active_v2.sum.pct_of_peak_sustained_elapsed","idc__request_cycles_active.sum.pct_of_peak_sustained_elapsed,sm__inst_executed.sum.pct_of_peak_sustained_elapsed,sm__inst_executed_pipe_adu.sum.pct_of_peak_sustained_elapsed,sm__inst_executed_pipe_cbu_pred_on_any.sum.pct_of_peak_sustained_elapsed,sm__inst_executed_pipe_ipa.sum.pct_of_peak_sustained_elapsed,sm__inst_executed_pipe_lsu.sum.pct_of_peak_sustained_elapsed,sm__inst_executed_pipe_tex.sum.pct_of_peak_sustained_elapsed,sm__inst_executed_pipe_uniform.sum.pct_of_peak_sustained_elapsed,sm__inst_executed_pipe_xu.sum.pct_of_peak_sustained_elapsed,sm__instruction_throughput_internal_activity.sum.pct_of_peak_sustained_elapsed,sm__issue_active.sum.pct_of_peak_sustained_elapsed,sm__memory_throughput_internal_activity.sum.pct_of_peak_sustained_elapsed,sm__mio2rf_writeback_active.sum.pct_of_peak_sustained_elapsed,sm__mio_inst_issued.sum.pct_of_peak_sustained_elapsed,sm__mio_pq_read_cycles_active.sum.pct_of_peak_sustained_elapsed,sm__mio_pq_write_cycles_active.sum.pct_of_peak_sustained_elapsed,sm__pipe_alu_cycles_active.sum.pct_of_peak_sustained_elapsed,sm__pipe_fma_cycles_active.sum.pct_of_peak_sustained_elapsed,sm__pipe_fmaheavy_cycles_active.sum.pct_of_peak_sustained_elapsed,sm__pipe_fp64_cycles_active.sum.pct_of_peak_sustained_elapsed,sm__pipe_tensor_cycles_active.sum.pct_of_peak_sustained_elapsed,sm__pipe_tensor_cycles_active_v2.sum.pct_of_peak_sustained_elapsed","idc__request_cycles_active.sum.pct_of_peak_sustained_elapsed,sm__inst_executed.sum.pct_of_peak_sustained_elapsed,sm__inst_executed_pipe_adu.sum.pct_of_peak_sustained_elapsed,sm__inst_executed_pipe_cbu_pred_on_any.sum.pct_of_peak_sustained_elapsed,sm__inst_executed_pipe_ipa.sum.pct_of_peak_sustained_elapsed,sm__inst_executed_pipe_lsu.sum.pct_of_peak_sustained_elapsed,sm__inst_executed_pipe_tex.sum.pct_of_peak_sustained_elapsed,sm__inst_executed_pipe_uniform.sum.pct_of_peak_sustained_elapsed,sm__inst_executed_pipe_xu.sum.pct_of_peak_sustained_elapsed,sm__instruction_throughput_internal_activity.sum.pct_of_peak_sustained_elapsed,sm__issue_active.sum.pct_of_peak_sustained_elapsed,sm__memory_throughput_internal_activity.sum.pct_of_peak_sustained_elapsed,sm__mio2rf_writeback_active.sum.pct_of_peak_sustained_elapsed,sm__mio_inst_issued.sum.pct_of_peak_sustained_elapsed,sm__mio_pq_read_cycles_active.sum.pct_of_peak_sustained_elapsed,sm__mio_pq_write_cycles_active.sum.pct_of_peak_sustained_elapsed,sm__pipe_alu_cycles_active.sum.pct_of_peak_sustained_elapsed,sm__pipe_fma_cycles_active.sum.pct_of_peak_sustained_elapsed,sm__pipe_fmaheavy_cycles_active.sum.pct_of_peak_sustained_elapsed,sm__pipe_fp64_cycles_active.sum.pct_of_peak_sustained_elapsed,sm__pipe_tensor_cycles_active.sum.pct_of_peak_sustained_elapsed,sm__pipe_tensor_cycles_active_v2.sum.pct_of_peak_sustained_elapsed","idc__request_cycles_active.sum.pct_of_peak_sustained_elapsed,sm__inst_executed.sum.pct_of_peak_sustained_elapsed,sm__inst_executed_pipe_adu.sum.pct_of_peak_sustained_elapsed,sm__inst_executed_pipe_cbu_pred_on_any.sum.pct_of_peak_sustained_elapsed,sm__inst_executed_pipe_ipa.sum.pct_of_peak_sustained_elapsed,sm__inst_executed_pipe_lsu.sum.pct_of_peak_sustained_elapsed,sm__inst_executed_pipe_tex.sum.pct_of_peak_sustained_elapsed,sm__inst_executed_pipe_uniform.sum.pct_of_peak_sustained_elapsed,sm__inst_executed_pipe_xu.sum.pct_of_peak_sustained_elapsed,sm__instruction_throughput_internal_activity.sum.pct_of_peak_sustained_elapsed,sm__issue_active.sum.pct_of_peak_sustained_elapsed,sm__memory_throughput_internal_activity.sum.pct_of_peak_sustained_elapsed,sm__mio2rf_writeback_active.sum.pct_of_peak_sustained_elapsed,sm__mio_inst_issued.sum.pct_of_peak_sustained_elapsed,sm__mio_pq_read_cycles_active.sum.pct_of_peak_sustained_elapsed,sm__mio_pq_write_cycles_active.sum.pct_of_peak_sustained_elapsed,sm__pipe_alu_cycles_active.sum.pct_of_peak_sustained_elapsed,sm__pipe_fma_cycles_active.sum.pct_of_peak_sustained_elapsed,sm__pipe_fmaheavy_cycles_active.sum.pct_of_peak_sustained_elapsed,sm__pipe_fp64_cycles_active.sum.pct_of_peak_sustained_elapsed,sm__pipe_tensor_cycles_active.sum.pct_of_peak_sustained_elapsed,sm__pipe_tensor_cycles_active_v2.sum.pct_of_peak_sustained_elapsed"
c2clink__enabled_mask,0,0,0,0
c2clink__present,0,0,0,0
derived__avg_thread_executed [thread],480 {15},480 {15},480 {15},"12,418 {524}"
derived__avg_thread_executed_true [thread],448 {15},448 {15},448 {15},"11,994 {524}"
derived__avg_thread_unexecuted_true [thread],32 {15},32 {15},32 {15},"4,774 {524}"
derived__derivative_avg_thread_executed_true [thread],64 {15},64 {15},64 {15},896 {524}
derived__l1tex__lsu_writeback_bytes_mem_lg.sum.peak_sustained,"2,560","2,560","2,560","2,560"
derived__l1tex__lsu_writeback_bytes_mem_lg.sum.per_second,"2,43,14,15,52,511.42","2,39,85,58,55,855.86","2,43,14,15,52,511.42","3,75,32,64,60,481.10"
derived__local_spilling_requests,0,0,0,0
derived__local_spilling_requests_pct [%],0,0,0,0
derived__lts__lts2xbar_bytes.sum.peak_sustained [bytes],768,768,768,768
derived__lts__lts2xbar_bytes.sum.per_second [Gbytes],115.39,113.82,115.39,56.03
derived__lts__t_sectors_lookup_miss_data_promoted_pct [%],0,0,0,0
derived__memory_l1_conflicts_shared_nway,0 {15},0 {15},0 {15},212 {34}
derived__memory_l1_wavefronts_shared_excessive,0,0,0,"35,776 {34}"
derived__memory_l2_theoretical_sectors_global_excessive [Kbyte],0 {2},0 {2},0 {2},26.62 {41}
derived__pct_occupancy_per_block_size [%],"5,151 {65}","5,151 {65}","5,151 {65}","5,071 {65}"
derived__pct_occupancy_per_register_count [%/register],"10,252 {257}","10,252 {257}","10,252 {257}","10,876 {257}"
derived__pct_occupancy_per_shared_mem_size [%/Kbyte],2.39 {200},2.39 {200},2.39 {200},3.89 {200}
derived__shared_spilling_requests,0,0,0,0
derived__shared_spilling_requests_pct [%],0,0,0,0
derived__sm__sass_thread_inst_executed_op_dfma_pred_on_x2 [inst],80,80,80,80
derived__sm__sass_thread_inst_executed_op_ffma_pred_on_x2 [inst],"5,120","5,120","5,120","5,120"
derived__sm__sass_thread_inst_executed_op_hfma_pred_on_x4 [inst],"5,120","5,120","5,120","5,120"
derived__smsp__inst_executed_op_branch_pct [%],0.13,0.13,0.13,0.05
derived__smsp__sass_thread_inst_executed_op_dfma_pred_on_x2 [inst],0,0,0,0
derived__smsp__sass_thread_inst_executed_op_ffma_pred_on_x2 [inst],0,0,0,0.34
derived__smsp__sass_thread_inst_executed_op_hadd_pred_on_x2 [inst],0,0,0,0
derived__smsp__sass_thread_inst_executed_op_hfma_pred_on_x4 [inst],0,0,0,0
derived__smsp__sass_thread_inst_executed_op_hmul_pred_on_x2 [inst],0,0,0,0
derived_tempMetric0,"13,312","13,312","13,312","18,304"
derived_tempMetric1,"99,840","99,840","99,840","3,79,184"
derived_tempMetric2,0,0,0,0
derived_tempMetric3,0,0,0,0
derived_tempMetric4,0,0,0,0
derived_tempMetric5,0,0,0,0
device__attribute_architecture,400,400,400,400
device__attribute_async_engine_count,1,1,1,1
device__attribute_can_flush_remote_writes,0,0,0,0
device__attribute_can_map_host_memory,1,1,1,1
device__attribute_can_tex2d_gather,1,1,1,1
device__attribute_can_use_64_bit_stream_mem_ops,1,1,1,1
device__attribute_can_use_64_bit_stream_mem_ops_v1,0,0,0,0
device__attribute_can_use_host_pointer_for_registered_mem,0,0,0,0
device__attribute_can_use_stream_mem_ops_v1,0,0,0,0
device__attribute_can_use_stream_wait_value_nor,1,1,1,1
device__attribute_can_use_stream_wait_value_nor_v1,0,0,0,0
device__attribute_chip,407,407,407,407
device__attribute_clock_rate,"21,30,000","21,30,000","21,30,000","21,30,000"
device__attribute_cluster_launch,0,0,0,0
device__attribute_compute_capability_major,8,8,8,8
device__attribute_compute_capability_minor,9,9,9,9
device__attribute_compute_mode,0,0,0,0
device__attribute_compute_preemption_supported,1,1,1,1
device__attribute_concurrent_kernels,1,1,1,1
device__attribute_concurrent_managed_access,0,0,0,0
device__attribute_confidential_computing_mode,No-CC,No-CC,No-CC,No-CC
device__attribute_cooperative_launch,1,1,1,1
device__attribute_cooperative_multi_device_launch,0,0,0,0
device__attribute_deferred_mapping_cuda_array_supported,1,1,1,1
device__attribute_device_index,0,0,0,0
device__attribute_direct_managed_mem_access_from_host,0,0,0,0
device__attribute_display_name,NVIDIA GeForce RTX 4050 Laptop GPU,NVIDIA GeForce RTX 4050 Laptop GPU,NVIDIA GeForce RTX 4050 Laptop GPU,NVIDIA GeForce RTX 4050 Laptop GPU
device__attribute_dma_buf_supported,0,0,0,0
device__attribute_ecc_enabled,0,0,0,0
device__attribute_fb_bus_width,96,96,96,96
device__attribute_fbp_count,2,2,2,2
device__attribute_generic_compression_supported,1,1,1,1
device__attribute_global_l1_cache_supported,1,1,1,1
device__attribute_global_memory_bus_width,96,96,96,96
device__attribute_gpu_direct_rdma_flush_writes_options,0,0,0,0
device__attribute_gpu_direct_rdma_supported,0,0,0,0
device__attribute_gpu_direct_rdma_with_cuda_vmm_supported,0,0,0,0
device__attribute_gpu_direct_rdma_writes_ordering,0,0,0,0
device__attribute_gpu_overlap,1,1,1,1
device__attribute_gpu_pci_device_id,"68,16,44,254","68,16,44,254","68,16,44,254","68,16,44,254"
device__attribute_gpu_pci_ext_device_id,"10,401","10,401","10,401","10,401"
device__attribute_gpu_pci_ext_downstream_link_rate,"32,000","32,000","32,000","32,000"
device__attribute_gpu_pci_ext_downstream_link_width,8,8,8,8
device__attribute_gpu_pci_ext_gen,3,3,3,3
device__attribute_gpu_pci_ext_gpu_gen,3,3,3,3
device__attribute_gpu_pci_ext_gpu_link_rate,"16,000","16,000","16,000","16,000"
device__attribute_gpu_pci_ext_gpu_link_width,8,8,8,8
device__attribute_gpu_pci_revision_id,161,161,161,161
device__attribute_gpu_pci_sub_system_id,"2,34,36,37,052","2,34,36,37,052","2,34,36,37,052","2,34,36,37,052"
device__attribute_handle_type_fabric_supported,0,0,0,0
device__attribute_handle_type_posix_file_descriptor_supported,0,0,0,0
device__attribute_handle_type_win32_handle_supported,1,1,1,1
device__attribute_handle_type_win32_kmt_handle_supported,1,1,1,1
device__attribute_host_native_atomic_supported,0,0,0,0
device__attribute_host_numa_id,0,0,0,0
device__attribute_host_register_supported,1,1,1,1
device__attribute_implementation,407,407,407,407
device__attribute_integrated,0,0,0,0
device__attribute_ipc_event_supported,1,1,1,1
device__attribute_kernel_exec_timeout,1,1,1,1
device__attribute_l2_cache_size,"2,51,65,824","2,51,65,824","2,51,65,824","2,51,65,824"
device__attribute_l2s_count,16,16,16,16
device__attribute_limits_max_cta_per_sm,24,24,24,24
device__attribute_limits_num_tpcs,10,10,10,10
device__attribute_local_l1_cache_supported,1,1,1,1
device__attribute_managed_memory,1,1,1,1
device__attribute_max_access_policy_window_size,"13,42,13,632","13,42,13,632","13,42,13,632","13,42,13,632"
device__attribute_max_block_dim_x,"1,024","1,024","1,024","1,024"
device__attribute_max_block_dim_y,"1,024","1,024","1,024","1,024"
device__attribute_max_block_dim_z,64,64,64,64
device__attribute_max_blocks_per_multiprocessor,24,24,24,24
device__attribute_max_gpu_frequency_khz,"21,30,000","21,30,000","21,30,000","21,30,000"
device__attribute_max_grid_dim_x,"2,14,74,83,647","2,14,74,83,647","2,14,74,83,647","2,14,74,83,647"
device__attribute_max_grid_dim_y,"65,535","65,535","65,535","65,535"
device__attribute_max_grid_dim_z,"65,535","65,535","65,535","65,535"
device__attribute_max_ipc_per_multiprocessor,4,4,4,4
device__attribute_max_ipc_per_scheduler,1,1,1,1
device__attribute_max_mem_frequency_khz,"80,01,000","80,01,000","80,01,000","80,01,000"
device__attribute_max_persisting_l2_cache_size,"1,73,01,504","1,73,01,504","1,73,01,504","1,73,01,504"
device__attribute_max_pitch,"2,14,74,83,647","2,14,74,83,647","2,14,74,83,647","2,14,74,83,647"
device__attribute_max_registers_per_block,"65,536","65,536","65,536","65,536"
device__attribute_max_registers_per_multiprocessor,"65,536","65,536","65,536","65,536"
device__attribute_max_registers_per_thread,255,255,255,255
device__attribute_max_shared_memory_per_block,"49,152","49,152","49,152","49,152"
device__attribute_max_shared_memory_per_block_optin,"1,01,376","1,01,376","1,01,376","1,01,376"
device__attribute_max_shared_memory_per_multiprocessor,"1,02,400","1,02,400","1,02,400","1,02,400"
device__attribute_max_threads_per_block,"1,024","1,024","1,024","1,024"
device__attribute_max_threads_per_multiprocessor,"1,536","1,536","1,536","1,536"
device__attribute_max_warps_per_multiprocessor,48,48,48,48
device__attribute_max_warps_per_scheduler,12,12,12,12
device__attribute_maximum_surface1d_layered_layers,"2,048","2,048","2,048","2,048"
device__attribute_maximum_surface1d_layered_width,"32,768","32,768","32,768","32,768"
device__attribute_maximum_surface1d_width,"32,768","32,768","32,768","32,768"
device__attribute_maximum_surface2d_height,"65,536","65,536","65,536","65,536"
device__attribute_maximum_surface2d_layered_height,"32,768","32,768","32,768","32,768"
device__attribute_maximum_surface2d_layered_layers,"2,048","2,048","2,048","2,048"
device__attribute_maximum_surface2d_layered_width,"32,768","32,768","32,768","32,768"
device__attribute_maximum_surface2d_width,"1,31,072","1,31,072","1,31,072","1,31,072"
device__attribute_maximum_surface3d_depth,"16,384","16,384","16,384","16,384"
device__attribute_maximum_surface3d_height,"16,384","16,384","16,384","16,384"
device__attribute_maximum_surface3d_width,"16,384","16,384","16,384","16,384"
device__attribute_maximum_surfacecubemap_layered_layers,"2,046","2,046","2,046","2,046"
device__attribute_maximum_surfacecubemap_layered_width,"32,768","32,768","32,768","32,768"
device__attribute_maximum_surfacecubemap_width,"32,768","32,768","32,768","32,768"
device__attribute_maximum_texture1d_layered_layers,"2,048","2,048","2,048","2,048"
device__attribute_maximum_texture1d_layered_width,"32,768","32,768","32,768","32,768"
device__attribute_maximum_texture1d_linear_width,"26,84,35,456","26,84,35,456","26,84,35,456","26,84,35,456"
device__attribute_maximum_texture1d_mipmapped_width,"32,768","32,768","32,768","32,768"
device__attribute_maximum_texture1d_width,"1,31,072","1,31,072","1,31,072","1,31,072"
device__attribute_maximum_texture2d_gather_height,"32,768","32,768","32,768","32,768"
device__attribute_maximum_texture2d_gather_width,"32,768","32,768","32,768","32,768"
device__attribute_maximum_texture2d_height,"65,536","65,536","65,536","65,536"
device__attribute_maximum_texture2d_layered_height,"32,768","32,768","32,768","32,768"
device__attribute_maximum_texture2d_layered_layers,"2,048","2,048","2,048","2,048"
device__attribute_maximum_texture2d_layered_width,"32,768","32,768","32,768","32,768"
device__attribute_maximum_texture2d_linear_height,"65,000","65,000","65,000","65,000"
device__attribute_maximum_texture2d_linear_pitch,"20,97,120","20,97,120","20,97,120","20,97,120"
device__attribute_maximum_texture2d_linear_width,"1,31,072","1,31,072","1,31,072","1,31,072"
device__attribute_maximum_texture2d_mipmapped_height,"32,768","32,768","32,768","32,768"
device__attribute_maximum_texture2d_mipmapped_width,"32,768","32,768","32,768","32,768"
device__attribute_maximum_texture2d_width,"1,31,072","1,31,072","1,31,072","1,31,072"
device__attribute_maximum_texture3d_depth,"16,384","16,384","16,384","16,384"
device__attribute_maximum_texture3d_depth_alternate,"32,768","32,768","32,768","32,768"
device__attribute_maximum_texture3d_height,"16,384","16,384","16,384","16,384"
device__attribute_maximum_texture3d_height_alternate,"8,192","8,192","8,192","8,192"
device__attribute_maximum_texture3d_width,"16,384","16,384","16,384","16,384"
device__attribute_maximum_texture3d_width_alternate,"8,192","8,192","8,192","8,192"
device__attribute_maximum_texturecubemap_layered_layers,"2,046","2,046","2,046","2,046"
device__attribute_maximum_texturecubemap_layered_width,"32,768","32,768","32,768","32,768"
device__attribute_maximum_texturecubemap_width,"32,768","32,768","32,768","32,768"
device__attribute_mem_sync_domain_count,1,1,1,1
device__attribute_memory_clock_rate,"80,01,000","80,01,000","80,01,000","80,01,000"
device__attribute_memory_pools_supported,1,1,1,1
device__attribute_mempool_supported_handle_types,0,0,0,0
device__attribute_mps_enabled,0,0,0,0
device__attribute_multi_gpu_board,0,0,0,0
device__attribute_multi_gpu_board_group_id,0,0,0,0
device__attribute_multicast_supported,0,0,0,0
device__attribute_multiprocessor_count,20,20,20,20
device__attribute_num_l2s_per_fbp,8,8,8,8
device__attribute_num_schedulers_per_multiprocessor,4,4,4,4
device__attribute_num_tex_per_multiprocessor,1,1,1,1
device__attribute_numa_config,0,0,0,0
device__attribute_pageable_memory_access,0,0,0,0
device__attribute_pageable_memory_access_uses_host_page_tables,0,0,0,0
device__attribute_pci_bus_id,1,1,1,1
device__attribute_pci_device_id,0,0,0,0
device__attribute_pci_domain_id,0,0,0,0
device__attribute_ram_location,1,1,1,1
device__attribute_ram_type,17,17,17,17
device__attribute_reserved_shared_memory_per_block,"1,024","1,024","1,024","1,024"
device__attribute_sass_level,8,8,8,8
device__attribute_single_to_double_precision_perf_ratio,64,64,64,64
device__attribute_sparse_cuda_array_supported,1,1,1,1
device__attribute_stream_priorities_supported,1,1,1,1
device__attribute_surface_alignment,512,512,512,512
device__attribute_tcc_driver,0,0,0,0
device__attribute_tensor_map_access_supported,0,0,0,0
device__attribute_texture_alignment,512,512,512,512
device__attribute_texture_pitch_alignment,32,32,32,32
device__attribute_total_constant_memory,"65,536","65,536","65,536","65,536"
device__attribute_total_memory,"6,43,87,80,928","6,43,87,80,928","6,43,87,80,928","6,43,87,80,928"
device__attribute_unified_addressing,1,1,1,1
device__attribute_unified_function_pointers,0,0,0,0
device__attribute_virtual_address_management_supported,1,1,1,1
device__attribute_warp_size,32,32,32,32
dram__bytes.avg.peak_sustained [byte/cycle],8,8,8,8
dram__bytes.avg.per_second [Gbyte/s],40.65,40.10,40.65,15.87
dram__bytes.max.peak_sustained [byte/cycle],8,8,8,8
dram__bytes.max.per_second [Gbyte/s],40.73,40.23,40.79,16
dram__bytes.min.peak_sustained [byte/cycle],8,8,8,8
dram__bytes.min.per_second [Gbyte/s],40.49,39.89,40.44,15.71
dram__bytes.sum.peak_sustained [byte/cycle],24,24,24,24
dram__bytes.sum.per_second [Gbyte/s],121.95,120.31,121.95,47.62
dram__bytes_read.sum [Kbyte],854.66,854.66,854.66,443.39
dram__bytes_read.sum.pct_of_peak_sustained_elapsed [%],73.21,71.70,73.21,28.41
dram__bytes_read.sum.per_second [Gbyte/s],121.95,120.31,121.95,47.62
dram__bytes_write.sum [byte],0,0,0,0
dram__bytes_write.sum.pct_of_peak_sustained_elapsed [%],0,0,0,0
dram__bytes_write.sum.per_second [byte/s],0,0,0,0
dram__cycles_active.avg [cycle],"35,610.67","35,610.67","35,610.67","18,474.67"
dram__cycles_active.avg.pct_of_peak_sustained_elapsed [%],73.21,71.70,73.21,28.41
dram__cycles_active.max [cycle],"35,680","35,728","35,728","18,624"
dram__cycles_active.max.pct_of_peak_sustained_elapsed [%],73.36,71.94,73.45,28.64
dram__cycles_active.min [cycle],"35,472","35,424","35,424","18,288"
dram__cycles_active.min.pct_of_peak_sustained_elapsed [%],72.93,71.33,72.83,28.12
dram__cycles_active.sum [cycle],"1,06,832","1,06,832","1,06,832","55,424"
dram__cycles_active.sum.pct_of_peak_sustained_elapsed [%],73.21,71.70,73.21,28.41
dram__cycles_elapsed.avg [cycle],"48,640","49,664","48,640","65,024"
dram__cycles_elapsed.avg.per_second [Ghz],6.94,6.99,6.94,6.98
dram__cycles_elapsed.max [cycle],"48,640","49,664","48,640","65,024"
dram__cycles_elapsed.max.per_second [Ghz],6.94,6.99,6.94,6.98
dram__cycles_elapsed.min [cycle],"48,640","49,664","48,640","65,024"
dram__cycles_elapsed.min.per_second [Ghz],6.94,6.99,6.94,6.98
dram__cycles_elapsed.sum [cycle],"1,45,920","1,48,992","1,45,920","1,95,072"
dram__cycles_elapsed.sum.per_second [Ghz],20.82,20.97,20.82,20.95
dram__sectors_read.sum [sector],"26,708","26,708","26,708","13,856"
dram__sectors_write.sum [sector],0,0,0,0
fbpa__dram_sectors.avg.pct_of_peak_sustained_elapsed [%],24.85,24.54,24.96,9.77
fbpa__dram_sectors.max.pct_of_peak_sustained_elapsed [%],33.20,32.67,33.23,13.09
fbpa__dram_sectors.min.pct_of_peak_sustained_elapsed [%],16.50,16.42,16.70,6.45
fbpa__dram_sectors.sum.pct_of_peak_sustained_elapsed [%],24.85,24.54,24.96,9.77
gcc__average_cache_request_hit_rate.pct [%],43.55,44.19,44.19,81.70
gcc__cache_requests_type_constant.sum [request],240,240,240,320
gcc__cache_requests_type_constant.sum.pct_of_peak_sustained_elapsed [%],1.08,1.07,1.08,1.09
gcc__cache_requests_type_instruction.sum [request],85,87,68,687
gcc__cache_requests_type_instruction.sum.pct_of_peak_sustained_elapsed [%],0.38,0.39,0.31,2.34
gcc__xbar2gcc_sectors.sum [sector],288,288,288,"1,056"
gcc__xbar2gcc_sectors.sum.pct_of_peak_sustained_elapsed [%],0.65,0.64,0.65,1.80
gpc__cycles_elapsed.avg [cycle],"14,822.33","15,007.33","14,759","19,562.67"
gpc__cycles_elapsed.avg.per_second [Ghz],2.12,2.11,2.11,2.10
gpc__cycles_elapsed.max.per_second [Ghz],2.12,2.12,2.11,2.11
gpc__cycles_elapsed.min [cycle],"14,809","14,996","14,748","19,522"
gpc__cycles_elapsed.min.per_second [Ghz],2.11,2.11,2.10,2.10
gpc__cycles_elapsed.sum [cycle],"44,467","45,022","44,277","58,688"
gpc__cycles_elapsed.sum.per_second [Ghz],6.35,6.34,6.32,6.30
gpu__compute_memory_access_throughput.avg.pct_of_peak_sustained_elapsed [%],12.57,12.42,12.63,42.80
gpu__compute_memory_access_throughput.max.pct_of_peak_sustained_elapsed [%],12.88,12.67,12.82,45.43
gpu__compute_memory_access_throughput.min.pct_of_peak_sustained_elapsed [%],12.46,12.30,12.45,40.98
gpu__compute_memory_access_throughput.sum.pct_of_peak_sustained_elapsed [%],12.57,12.42,12.63,42.80
gpu__compute_memory_access_throughput_internal_activity.avg.pct_of_peak_sustained_elapsed [%],7.34,7.27,7.39,12.12
gpu__compute_memory_access_throughput_internal_activity.max.pct_of_peak_sustained_elapsed [%],7.76,7.63,7.80,14.19
gpu__compute_memory_access_throughput_internal_activity.min.pct_of_peak_sustained_elapsed [%],7.15,7.12,7.16,10.64
gpu__compute_memory_access_throughput_internal_activity.sum.pct_of_peak_sustained_elapsed [%],7.34,7.27,7.39,12.12
gpu__compute_memory_request_throughput.avg.pct_of_peak_sustained_elapsed [%],73.21,71.70,73.21,28.41
gpu__compute_memory_request_throughput.max.pct_of_peak_sustained_elapsed [%],73.36,71.94,73.45,28.64
gpu__compute_memory_request_throughput.min.pct_of_peak_sustained_elapsed [%],72.93,71.33,72.83,28.12
gpu__compute_memory_request_throughput.sum.pct_of_peak_sustained_elapsed [%],73.21,71.70,73.21,28.41
gpu__compute_memory_request_throughput_internal_activity.avg.pct_of_peak_sustained_elapsed [%],0,0,0,0
gpu__compute_memory_request_throughput_internal_activity.max.pct_of_peak_sustained_elapsed [%],0,0,0,0
gpu__compute_memory_request_throughput_internal_activity.min.pct_of_peak_sustained_elapsed [%],0,0,0,0
gpu__compute_memory_request_throughput_internal_activity.sum.pct_of_peak_sustained_elapsed [%],0,0,0,0
gpu__compute_memory_throughput.max.pct_of_peak_sustained_elapsed [%],73.36,71.94,73.45,45.43
gpu__compute_memory_throughput.min.pct_of_peak_sustained_elapsed [%],72.93,71.33,72.83,40.98
gpu__compute_memory_throughput.sum.pct_of_peak_sustained_elapsed [%],73.21,71.70,73.21,42.80
gpu__dram_throughput.avg.pct_of_peak_sustained_elapsed [%],73.21,71.70,73.21,28.41
gpu__dram_throughput.max.pct_of_peak_sustained_elapsed [%],73.36,71.94,73.45,28.64
gpu__dram_throughput.min.pct_of_peak_sustained_elapsed [%],72.93,71.33,72.83,28.12
gpu__dram_throughput.sum.pct_of_peak_sustained_elapsed [%],73.21,71.70,73.21,28.41
gpu__time_duration.avg [us],7.01,7.10,7.01,9.31
gpu__time_duration.max [us],7.01,7.10,7.01,9.31
gpu__time_duration.min [us],7.01,7.10,7.01,9.31
group:memory__chart,"dram__bytes_read.sum,dram__bytes_read.sum.pct_of_peak_sustained_elapsed,dram__bytes_read.sum.per_second,dram__bytes_write.sum,dram__bytes_write.sum.pct_of_peak_sustained_elapsed,dram__bytes_write.sum.per_second,gcc__average_cache_request_hit_rate.pct,gcc__cache_requests_type_constant.sum,gcc__cache_requests_type_constant.sum.pct_of_peak_sustained_elapsed,gcc__cache_requests_type_instruction.sum,gcc__cache_requests_type_instruction.sum.pct_of_peak_sustained_elapsed,gcc__xbar2gcc_sectors.sum,gcc__xbar2gcc_sectors.sum.pct_of_peak_sustained_elapsed,idc__request_hit_rate.pct,idc__requests.sum,idc__requests.sum.pct_of_peak_sustained_elapsed,l1tex__data_pipe_lsu_wavefronts_mem_shared.sum.pct_of_peak_sustained_elapsed,l1tex__m_l1tex2xbar_write_bytes.sum,l1tex__m_l1tex2xbar_write_bytes.sum.pct_of_peak_sustained_elapsed,l1tex__m_l1tex2xbar_write_bytes.sum.per_second,l1tex__m_xbar2l1tex_read_bytes.sum,l1tex__m_xbar2l1tex_read_bytes.sum.pct_of_peak_sustained_elapsed,l1tex__m_xbar2l1tex_read_bytes.sum.per_second,l1tex__t_requests_pipe_lsu_mem_global_op_atom.sum,l1tex__t_requests_pipe_lsu_mem_global_op_atom.sum.pct_of_peak_sustained_elapsed,l1tex__t_requests_pipe_lsu_mem_global_op_ld.sum,l1tex__t_requests_pipe_lsu_mem_global_op_ld.sum.pct_of_peak_sustained_elapsed,l1tex__t_requests_pipe_lsu_mem_global_op_red.sum,l1tex__t_requests_pipe_lsu_mem_global_op_red.sum.pct_of_peak_sustained_elapsed,l1tex__t_requests_pipe_lsu_mem_global_op_st.sum,l1tex__t_requests_pipe_lsu_mem_global_op_st.sum.pct_of_peak_sustained_elapsed,l1tex__t_requests_pipe_lsu_mem_local_op_ld.sum,l1tex__t_requests_pipe_lsu_mem_local_op_ld.sum.pct_of_peak_sustained_elapsed,l1tex__t_requests_pipe_lsu_mem_local_op_st.sum,l1tex__t_requests_pipe_lsu_mem_local_op_st.sum.pct_of_peak_sustained_elapsed,l1tex__t_requests_pipe_tex_mem_surface_op_atom.sum,l1tex__t_requests_pipe_tex_mem_surface_op_atom.sum.pct_of_peak_sustained_elapsed,l1tex__t_requests_pipe_tex_mem_surface_op_ld.sum,l1tex__t_requests_pipe_tex_mem_surface_op_ld.sum.pct_of_peak_sustained_elapsed,l1tex__t_requests_pipe_tex_mem_surface_op_red.sum,l1tex__t_requests_pipe_tex_mem_surface_op_red.sum.pct_of_peak_sustained_elapsed,l1tex__t_requests_pipe_tex_mem_surface_op_st.sum,l1tex__t_requests_pipe_tex_mem_surface_op_st.sum.pct_of_peak_sustained_elapsed,l1tex__t_requests_pipe_tex_mem_texture.sum,l1tex__t_requests_pipe_tex_mem_texture.sum.pct_of_peak_sustained_elapsed,l1tex__t_sector_hit_rate.pct,lts__average_gcomp_input_sector_success_rate.pct,lts__average_gcomp_output_sector_compression_achieved_rate.ratio,lts__gcomp_input_sectors.sum,lts__gcomp_input_sectors.sum.pct_of_peak_sustained_elapsed,lts__gcomp_input_sectors.sum.per_second,lts__gcomp_output_sectors.sum,lts__gcomp_output_sectors.sum.pct_of_peak_sustained_elapsed,lts__gcomp_output_sectors.sum.per_second,lts__t_sector_hit_rate.pct,lts__t_sectors_srcunit_tex_aperture_peer_op_atom.sum,lts__t_sectors_srcunit_tex_aperture_peer_op_atom.sum.pct_of_peak_sustained_elapsed,lts__t_sectors_srcunit_tex_aperture_peer_op_atom.sum.per_second,lts__t_sectors_srcunit_tex_aperture_peer_op_read_lookup_miss.sum,lts__t_sectors_srcunit_tex_aperture_peer_op_read_lookup_miss.sum.pct_of_peak_sustained_elapsed,lts__t_sectors_srcunit_tex_aperture_peer_op_read_lookup_miss.sum.per_second,lts__t_sectors_srcunit_tex_aperture_peer_op_red.sum,lts__t_sectors_srcunit_tex_aperture_peer_op_red.sum.pct_of_peak_sustained_elapsed,lts__t_sectors_srcunit_tex_aperture_peer_op_red.sum.per_second,lts__t_sectors_srcunit_tex_aperture_peer_op_write.sum,lts__t_sectors_srcunit_tex_aperture_peer_op_write.sum.pct_of_peak_sustained_elapsed,lts__t_sectors_srcunit_tex_aperture_peer_op_write.sum.per_second,lts__t_sectors_srcunit_tex_aperture_sysmem_op_atom.sum,lts__t_sectors_srcunit_tex_aperture_sysmem_op_atom.sum.pct_of_peak_sustained_elapsed,lts__t_sectors_srcunit_tex_aperture_sysmem_op_atom.sum.per_second,lts__t_sectors_srcunit_tex_aperture_sysmem_op_read_lookup_miss.sum,lts__t_sectors_srcunit_tex_aperture_sysmem_op_read_lookup_miss.sum.pct_of_peak_sustained_elapsed,lts__t_sectors_srcunit_tex_aperture_sysmem_op_read_lookup_miss.sum.per_second,lts__t_sectors_srcunit_tex_aperture_sysmem_op_red.sum,lts__t_sectors_srcunit_tex_aperture_sysmem_op_red.sum.pct_of_peak_sustained_elapsed,lts__t_sectors_srcunit_tex_aperture_sysmem_op_red.sum.per_second,lts__t_sectors_srcunit_tex_aperture_sysmem_op_write.sum,lts__t_sectors_srcunit_tex_aperture_sysmem_op_write.sum.pct_of_peak_sustained_elapsed,lts__t_sectors_srcunit_tex_aperture_sysmem_op_write.sum.per_second,lts__t_sectors_srcunit_tex_op_read.avg.pct_of_peak_sustained_elapsed,lts__t_sectors_srcunit_tex_op_read.sum,lts__t_sectors_srcunit_tex_op_write.avg.pct_of_peak_sustained_elapsed,lts__t_sectors_srcunit_tex_op_write.sum,sm__icc_request_hit_rate.pct,sm__icc_requests.sum,sm__icc_requests.sum.pct_of_peak_sustained_elapsed,sm__sass_l1tex_m_xbar2l1tex_read_bytes_mem_global_op_ldgsts_cache_bypass.sum,sm__sass_l1tex_m_xbar2l1tex_read_bytes_mem_global_op_ldgsts_cache_bypass...","dram__bytes_read.sum,dram__bytes_read.sum.pct_of_peak_sustained_elapsed,dram__bytes_read.sum.per_second,dram__bytes_write.sum,dram__bytes_write.sum.pct_of_peak_sustained_elapsed,dram__bytes_write.sum.per_second,gcc__average_cache_request_hit_rate.pct,gcc__cache_requests_type_constant.sum,gcc__cache_requests_type_constant.sum.pct_of_peak_sustained_elapsed,gcc__cache_requests_type_instruction.sum,gcc__cache_requests_type_instruction.sum.pct_of_peak_sustained_elapsed,gcc__xbar2gcc_sectors.sum,gcc__xbar2gcc_sectors.sum.pct_of_peak_sustained_elapsed,idc__request_hit_rate.pct,idc__requests.sum,idc__requests.sum.pct_of_peak_sustained_elapsed,l1tex__data_pipe_lsu_wavefronts_mem_shared.sum.pct_of_peak_sustained_elapsed,l1tex__m_l1tex2xbar_write_bytes.sum,l1tex__m_l1tex2xbar_write_bytes.sum.pct_of_peak_sustained_elapsed,l1tex__m_l1tex2xbar_write_bytes.sum.per_second,l1tex__m_xbar2l1tex_read_bytes.sum,l1tex__m_xbar2l1tex_read_bytes.sum.pct_of_peak_sustained_elapsed,l1tex__m_xbar2l1tex_read_bytes.sum.per_second,l1tex__t_requests_pipe_lsu_mem_global_op_atom.sum,l1tex__t_requests_pipe_lsu_mem_global_op_atom.sum.pct_of_peak_sustained_elapsed,l1tex__t_requests_pipe_lsu_mem_global_op_ld.sum,l1tex__t_requests_pipe_lsu_mem_global_op_ld.sum.pct_of_peak_sustained_elapsed,l1tex__t_requests_pipe_lsu_mem_global_op_red.sum,l1tex__t_requests_pipe_lsu_mem_global_op_red.sum.pct_of_peak_sustained_elapsed,l1tex__t_requests_pipe_lsu_mem_global_op_st.sum,l1tex__t_requests_pipe_lsu_mem_global_op_st.sum.pct_of_peak_sustained_elapsed,l1tex__t_requests_pipe_lsu_mem_local_op_ld.sum,l1tex__t_requests_pipe_lsu_mem_local_op_ld.sum.pct_of_peak_sustained_elapsed,l1tex__t_requests_pipe_lsu_mem_local_op_st.sum,l1tex__t_requests_pipe_lsu_mem_local_op_st.sum.pct_of_peak_sustained_elapsed,l1tex__t_requests_pipe_tex_mem_surface_op_atom.sum,l1tex__t_requests_pipe_tex_mem_surface_op_atom.sum.pct_of_peak_sustained_elapsed,l1tex__t_requests_pipe_tex_mem_surface_op_ld.sum,l1tex__t_requests_pipe_tex_mem_surface_op_ld.sum.pct_of_peak_sustained_elapsed,l1tex__t_requests_pipe_tex_mem_surface_op_red.sum,l1tex__t_requests_pipe_tex_mem_surface_op_red.sum.pct_of_peak_sustained_elapsed,l1tex__t_requests_pipe_tex_mem_surface_op_st.sum,l1tex__t_requests_pipe_tex_mem_surface_op_st.sum.pct_of_peak_sustained_elapsed,l1tex__t_requests_pipe_tex_mem_texture.sum,l1tex__t_requests_pipe_tex_mem_texture.sum.pct_of_peak_sustained_elapsed,l1tex__t_sector_hit_rate.pct,lts__average_gcomp_input_sector_success_rate.pct,lts__average_gcomp_output_sector_compression_achieved_rate.ratio,lts__gcomp_input_sectors.sum,lts__gcomp_input_sectors.sum.pct_of_peak_sustained_elapsed,lts__gcomp_input_sectors.sum.per_second,lts__gcomp_output_sectors.sum,lts__gcomp_output_sectors.sum.pct_of_peak_sustained_elapsed,lts__gcomp_output_sectors.sum.per_second,lts__t_sector_hit_rate.pct,lts__t_sectors_srcunit_tex_aperture_peer_op_atom.sum,lts__t_sectors_srcunit_tex_aperture_peer_op_atom.sum.pct_of_peak_sustained_elapsed,lts__t_sectors_srcunit_tex_aperture_peer_op_atom.sum.per_second,lts__t_sectors_srcunit_tex_aperture_peer_op_read_lookup_miss.sum,lts__t_sectors_srcunit_tex_aperture_peer_op_read_lookup_miss.sum.pct_of_peak_sustained_elapsed,lts__t_sectors_srcunit_tex_aperture_peer_op_read_lookup_miss.sum.per_second,lts__t_sectors_srcunit_tex_aperture_peer_op_red.sum,lts__t_sectors_srcunit_tex_aperture_peer_op_red.sum.pct_of_peak_sustained_elapsed,lts__t_sectors_srcunit_tex_aperture_peer_op_red.sum.per_second,lts__t_sectors_srcunit_tex_aperture_peer_op_write.sum,lts__t_sectors_srcunit_tex_aperture_peer_op_write.sum.pct_of_peak_sustained_elapsed,lts__t_sectors_srcunit_tex_aperture_peer_op_write.sum.per_second,lts__t_sectors_srcunit_tex_aperture_sysmem_op_atom.sum,lts__t_sectors_srcunit_tex_aperture_sysmem_op_atom.sum.pct_of_peak_sustained_elapsed,lts__t_sectors_srcunit_tex_aperture_sysmem_op_atom.sum.per_second,lts__t_sectors_srcunit_tex_aperture_sysmem_op_read_lookup_miss.sum,lts__t_sectors_srcunit_tex_aperture_sysmem_op_read_lookup_miss.sum.pct_of_peak_sustained_elapsed,lts__t_sectors_srcunit_tex_aperture_sysmem_op_read_lookup_miss.sum.per_second,lts__t_sectors_srcunit_tex_aperture_sysmem_op_red.sum,lts__t_sectors_srcunit_tex_aperture_sysmem_op_red.sum.pct_of_peak_sustained_elapsed,lts__t_sectors_srcunit_tex_aperture_sysmem_op_red.sum.per_second,lts__t_sectors_srcunit_tex_aperture_sysmem_op_write.sum,lts__t_sectors_srcunit_tex_aperture_sysmem_op_write.sum.pct_of_peak_sustained_elapsed,lts__t_sectors_srcunit_tex_aperture_sysmem_op_write.sum.per_second,lts__t_sectors_srcunit_tex_op_read.avg.pct_of_peak_sustained_elapsed,lts__t_sectors_srcunit_tex_op_read.sum,lts__t_sectors_srcunit_tex_op_write.avg.pct_of_peak_sustained_elapsed,lts__t_sectors_srcunit_tex_op_write.sum,sm__icc_request_hit_rate.pct,sm__icc_requests.sum,sm__icc_requests.sum.pct_of_peak_sustained_elapsed,sm__sass_l1tex_m_xbar2l1tex_read_bytes_mem_global_op_ldgsts_cache_bypass.sum,sm__sass_l1tex_m_xbar2l1tex_read_bytes_mem_global_op_ldgsts_cache_bypass...","dram__bytes_read.sum,dram__bytes_read.sum.pct_of_peak_sustained_elapsed,dram__bytes_read.sum.per_second,dram__bytes_write.sum,dram__bytes_write.sum.pct_of_peak_sustained_elapsed,dram__bytes_write.sum.per_second,gcc__average_cache_request_hit_rate.pct,gcc__cache_requests_type_constant.sum,gcc__cache_requests_type_constant.sum.pct_of_peak_sustained_elapsed,gcc__cache_requests_type_instruction.sum,gcc__cache_requests_type_instruction.sum.pct_of_peak_sustained_elapsed,gcc__xbar2gcc_sectors.sum,gcc__xbar2gcc_sectors.sum.pct_of_peak_sustained_elapsed,idc__request_hit_rate.pct,idc__requests.sum,idc__requests.sum.pct_of_peak_sustained_elapsed,l1tex__data_pipe_lsu_wavefronts_mem_shared.sum.pct_of_peak_sustained_elapsed,l1tex__m_l1tex2xbar_write_bytes.sum,l1tex__m_l1tex2xbar_write_bytes.sum.pct_of_peak_sustained_elapsed,l1tex__m_l1tex2xbar_write_bytes.sum.per_second,l1tex__m_xbar2l1tex_read_bytes.sum,l1tex__m_xbar2l1tex_read_bytes.sum.pct_of_peak_sustained_elapsed,l1tex__m_xbar2l1tex_read_bytes.sum.per_second,l1tex__t_requests_pipe_lsu_mem_global_op_atom.sum,l1tex__t_requests_pipe_lsu_mem_global_op_atom.sum.pct_of_peak_sustained_elapsed,l1tex__t_requests_pipe_lsu_mem_global_op_ld.sum,l1tex__t_requests_pipe_lsu_mem_global_op_ld.sum.pct_of_peak_sustained_elapsed,l1tex__t_requests_pipe_lsu_mem_global_op_red.sum,l1tex__t_requests_pipe_lsu_mem_global_op_red.sum.pct_of_peak_sustained_elapsed,l1tex__t_requests_pipe_lsu_mem_global_op_st.sum,l1tex__t_requests_pipe_lsu_mem_global_op_st.sum.pct_of_peak_sustained_elapsed,l1tex__t_requests_pipe_lsu_mem_local_op_ld.sum,l1tex__t_requests_pipe_lsu_mem_local_op_ld.sum.pct_of_peak_sustained_elapsed,l1tex__t_requests_pipe_lsu_mem_local_op_st.sum,l1tex__t_requests_pipe_lsu_mem_local_op_st.sum.pct_of_peak_sustained_elapsed,l1tex__t_requests_pipe_tex_mem_surface_op_atom.sum,l1tex__t_requests_pipe_tex_mem_surface_op_atom.sum.pct_of_peak_sustained_elapsed,l1tex__t_requests_pipe_tex_mem_surface_op_ld.sum,l1tex__t_requests_pipe_tex_mem_surface_op_ld.sum.pct_of_peak_sustained_elapsed,l1tex__t_requests_pipe_tex_mem_surface_op_red.sum,l1tex__t_requests_pipe_tex_mem_surface_op_red.sum.pct_of_peak_sustained_elapsed,l1tex__t_requests_pipe_tex_mem_surface_op_st.sum,l1tex__t_requests_pipe_tex_mem_surface_op_st.sum.pct_of_peak_sustained_elapsed,l1tex__t_requests_pipe_tex_mem_texture.sum,l1tex__t_requests_pipe_tex_mem_texture.sum.pct_of_peak_sustained_elapsed,l1tex__t_sector_hit_rate.pct,lts__average_gcomp_input_sector_success_rate.pct,lts__average_gcomp_output_sector_compression_achieved_rate.ratio,lts__gcomp_input_sectors.sum,lts__gcomp_input_sectors.sum.pct_of_peak_sustained_elapsed,lts__gcomp_input_sectors.sum.per_second,lts__gcomp_output_sectors.sum,lts__gcomp_output_sectors.sum.pct_of_peak_sustained_elapsed,lts__gcomp_output_sectors.sum.per_second,lts__t_sector_hit_rate.pct,lts__t_sectors_srcunit_tex_aperture_peer_op_atom.sum,lts__t_sectors_srcunit_tex_aperture_peer_op_atom.sum.pct_of_peak_sustained_elapsed,lts__t_sectors_srcunit_tex_aperture_peer_op_atom.sum.per_second,lts__t_sectors_srcunit_tex_aperture_peer_op_read_lookup_miss.sum,lts__t_sectors_srcunit_tex_aperture_peer_op_read_lookup_miss.sum.pct_of_peak_sustained_elapsed,lts__t_sectors_srcunit_tex_aperture_peer_op_read_lookup_miss.sum.per_second,lts__t_sectors_srcunit_tex_aperture_peer_op_red.sum,lts__t_sectors_srcunit_tex_aperture_peer_op_red.sum.pct_of_peak_sustained_elapsed,lts__t_sectors_srcunit_tex_aperture_peer_op_red.sum.per_second,lts__t_sectors_srcunit_tex_aperture_peer_op_write.sum,lts__t_sectors_srcunit_tex_aperture_peer_op_write.sum.pct_of_peak_sustained_elapsed,lts__t_sectors_srcunit_tex_aperture_peer_op_write.sum.per_second,lts__t_sectors_srcunit_tex_aperture_sysmem_op_atom.sum,lts__t_sectors_srcunit_tex_aperture_sysmem_op_atom.sum.pct_of_peak_sustained_elapsed,lts__t_sectors_srcunit_tex_aperture_sysmem_op_atom.sum.per_second,lts__t_sectors_srcunit_tex_aperture_sysmem_op_read_lookup_miss.sum,lts__t_sectors_srcunit_tex_aperture_sysmem_op_read_lookup_miss.sum.pct_of_peak_sustained_elapsed,lts__t_sectors_srcunit_tex_aperture_sysmem_op_read_lookup_miss.sum.per_second,lts__t_sectors_srcunit_tex_aperture_sysmem_op_red.sum,lts__t_sectors_srcunit_tex_aperture_sysmem_op_red.sum.pct_of_peak_sustained_elapsed,lts__t_sectors_srcunit_tex_aperture_sysmem_op_red.sum.per_second,lts__t_sectors_srcunit_tex_aperture_sysmem_op_write.sum,lts__t_sectors_srcunit_tex_aperture_sysmem_op_write.sum.pct_of_peak_sustained_elapsed,lts__t_sectors_srcunit_tex_aperture_sysmem_op_write.sum.per_second,lts__t_sectors_srcunit_tex_op_read.avg.pct_of_peak_sustained_elapsed,lts__t_sectors_srcunit_tex_op_read.sum,lts__t_sectors_srcunit_tex_op_write.avg.pct_of_peak_sustained_elapsed,lts__t_sectors_srcunit_tex_op_write.sum,sm__icc_request_hit_rate.pct,sm__icc_requests.sum,sm__icc_requests.sum.pct_of_peak_sustained_elapsed,sm__sass_l1tex_m_xbar2l1tex_read_bytes_mem_global_op_ldgsts_cache_bypass.sum,sm__sass_l1tex_m_xbar2l1tex_read_bytes_mem_global_op_ldgsts_cache_bypass...","dram__bytes_read.sum,dram__bytes_read.sum.pct_of_peak_sustained_elapsed,dram__bytes_read.sum.per_second,dram__bytes_write.sum,dram__bytes_write.sum.pct_of_peak_sustained_elapsed,dram__bytes_write.sum.per_second,gcc__average_cache_request_hit_rate.pct,gcc__cache_requests_type_constant.sum,gcc__cache_requests_type_constant.sum.pct_of_peak_sustained_elapsed,gcc__cache_requests_type_instruction.sum,gcc__cache_requests_type_instruction.sum.pct_of_peak_sustained_elapsed,gcc__xbar2gcc_sectors.sum,gcc__xbar2gcc_sectors.sum.pct_of_peak_sustained_elapsed,idc__request_hit_rate.pct,idc__requests.sum,idc__requests.sum.pct_of_peak_sustained_elapsed,l1tex__data_pipe_lsu_wavefronts_mem_shared.sum.pct_of_peak_sustained_elapsed,l1tex__m_l1tex2xbar_write_bytes.sum,l1tex__m_l1tex2xbar_write_bytes.sum.pct_of_peak_sustained_elapsed,l1tex__m_l1tex2xbar_write_bytes.sum.per_second,l1tex__m_xbar2l1tex_read_bytes.sum,l1tex__m_xbar2l1tex_read_bytes.sum.pct_of_peak_sustained_elapsed,l1tex__m_xbar2l1tex_read_bytes.sum.per_second,l1tex__t_requests_pipe_lsu_mem_global_op_atom.sum,l1tex__t_requests_pipe_lsu_mem_global_op_atom.sum.pct_of_peak_sustained_elapsed,l1tex__t_requests_pipe_lsu_mem_global_op_ld.sum,l1tex__t_requests_pipe_lsu_mem_global_op_ld.sum.pct_of_peak_sustained_elapsed,l1tex__t_requests_pipe_lsu_mem_global_op_red.sum,l1tex__t_requests_pipe_lsu_mem_global_op_red.sum.pct_of_peak_sustained_elapsed,l1tex__t_requests_pipe_lsu_mem_global_op_st.sum,l1tex__t_requests_pipe_lsu_mem_global_op_st.sum.pct_of_peak_sustained_elapsed,l1tex__t_requests_pipe_lsu_mem_local_op_ld.sum,l1tex__t_requests_pipe_lsu_mem_local_op_ld.sum.pct_of_peak_sustained_elapsed,l1tex__t_requests_pipe_lsu_mem_local_op_st.sum,l1tex__t_requests_pipe_lsu_mem_local_op_st.sum.pct_of_peak_sustained_elapsed,l1tex__t_requests_pipe_tex_mem_surface_op_atom.sum,l1tex__t_requests_pipe_tex_mem_surface_op_atom.sum.pct_of_peak_sustained_elapsed,l1tex__t_requests_pipe_tex_mem_surface_op_ld.sum,l1tex__t_requests_pipe_tex_mem_surface_op_ld.sum.pct_of_peak_sustained_elapsed,l1tex__t_requests_pipe_tex_mem_surface_op_red.sum,l1tex__t_requests_pipe_tex_mem_surface_op_red.sum.pct_of_peak_sustained_elapsed,l1tex__t_requests_pipe_tex_mem_surface_op_st.sum,l1tex__t_requests_pipe_tex_mem_surface_op_st.sum.pct_of_peak_sustained_elapsed,l1tex__t_requests_pipe_tex_mem_texture.sum,l1tex__t_requests_pipe_tex_mem_texture.sum.pct_of_peak_sustained_elapsed,l1tex__t_sector_hit_rate.pct,lts__average_gcomp_input_sector_success_rate.pct,lts__average_gcomp_output_sector_compression_achieved_rate.ratio,lts__gcomp_input_sectors.sum,lts__gcomp_input_sectors.sum.pct_of_peak_sustained_elapsed,lts__gcomp_input_sectors.sum.per_second,lts__gcomp_output_sectors.sum,lts__gcomp_output_sectors.sum.pct_of_peak_sustained_elapsed,lts__gcomp_output_sectors.sum.per_second,lts__t_sector_hit_rate.pct,lts__t_sectors_srcunit_tex_aperture_peer_op_atom.sum,lts__t_sectors_srcunit_tex_aperture_peer_op_atom.sum.pct_of_peak_sustained_elapsed,lts__t_sectors_srcunit_tex_aperture_peer_op_atom.sum.per_second,lts__t_sectors_srcunit_tex_aperture_peer_op_read_lookup_miss.sum,lts__t_sectors_srcunit_tex_aperture_peer_op_read_lookup_miss.sum.pct_of_peak_sustained_elapsed,lts__t_sectors_srcunit_tex_aperture_peer_op_read_lookup_miss.sum.per_second,lts__t_sectors_srcunit_tex_aperture_peer_op_red.sum,lts__t_sectors_srcunit_tex_aperture_peer_op_red.sum.pct_of_peak_sustained_elapsed,lts__t_sectors_srcunit_tex_aperture_peer_op_red.sum.per_second,lts__t_sectors_srcunit_tex_aperture_peer_op_write.sum,lts__t_sectors_srcunit_tex_aperture_peer_op_write.sum.pct_of_peak_sustained_elapsed,lts__t_sectors_srcunit_tex_aperture_peer_op_write.sum.per_second,lts__t_sectors_srcunit_tex_aperture_sysmem_op_atom.sum,lts__t_sectors_srcunit_tex_aperture_sysmem_op_atom.sum.pct_of_peak_sustained_elapsed,lts__t_sectors_srcunit_tex_aperture_sysmem_op_atom.sum.per_second,lts__t_sectors_srcunit_tex_aperture_sysmem_op_read_lookup_miss.sum,lts__t_sectors_srcunit_tex_aperture_sysmem_op_read_lookup_miss.sum.pct_of_peak_sustained_elapsed,lts__t_sectors_srcunit_tex_aperture_sysmem_op_read_lookup_miss.sum.per_second,lts__t_sectors_srcunit_tex_aperture_sysmem_op_red.sum,lts__t_sectors_srcunit_tex_aperture_sysmem_op_red.sum.pct_of_peak_sustained_elapsed,lts__t_sectors_srcunit_tex_aperture_sysmem_op_red.sum.per_second,lts__t_sectors_srcunit_tex_aperture_sysmem_op_write.sum,lts__t_sectors_srcunit_tex_aperture_sysmem_op_write.sum.pct_of_peak_sustained_elapsed,lts__t_sectors_srcunit_tex_aperture_sysmem_op_write.sum.per_second,lts__t_sectors_srcunit_tex_op_read.avg.pct_of_peak_sustained_elapsed,lts__t_sectors_srcunit_tex_op_read.sum,lts__t_sectors_srcunit_tex_op_write.avg.pct_of_peak_sustained_elapsed,lts__t_sectors_srcunit_tex_op_write.sum,sm__icc_request_hit_rate.pct,sm__icc_requests.sum,sm__icc_requests.sum.pct_of_peak_sustained_elapsed,sm__sass_l1tex_m_xbar2l1tex_read_bytes_mem_global_op_ldgsts_cache_bypass.sum,sm__sass_l1tex_m_xbar2l1tex_read_bytes_mem_global_op_ldgsts_cache_bypass..."
group:memory__dram_table,"dram__bytes_read.sum,dram__bytes_read.sum.pct_of_peak_sustained_elapsed,dram__bytes_read.sum.per_second,dram__bytes_write.sum,dram__bytes_write.sum.pct_of_peak_sustained_elapsed,dram__bytes_write.sum.per_second,dram__sectors_read.sum,dram__sectors_write.sum","dram__bytes_read.sum,dram__bytes_read.sum.pct_of_peak_sustained_elapsed,dram__bytes_read.sum.per_second,dram__bytes_write.sum,dram__bytes_write.sum.pct_of_peak_sustained_elapsed,dram__bytes_write.sum.per_second,dram__sectors_read.sum,dram__sectors_write.sum","dram__bytes_read.sum,dram__bytes_read.sum.pct_of_peak_sustained_elapsed,dram__bytes_read.sum.per_second,dram__bytes_write.sum,dram__bytes_write.sum.pct_of_peak_sustained_elapsed,dram__bytes_write.sum.per_second,dram__sectors_read.sum,dram__sectors_write.sum","dram__bytes_read.sum,dram__bytes_read.sum.pct_of_peak_sustained_elapsed,dram__bytes_read.sum.per_second,dram__bytes_write.sum,dram__bytes_write.sum.pct_of_peak_sustained_elapsed,dram__bytes_write.sum.per_second,dram__sectors_read.sum,dram__sectors_write.sum"
group:memory__first_level_cache_table,"l1tex__lsu_writeback_active_mem_lg.sum,l1tex__lsu_writeback_active_mem_lg.sum.pct_of_peak_sustained_elapsed,l1tex__m_l1tex2xbar_write_sectors_mem_global_op_atom.sum,l1tex__m_l1tex2xbar_write_sectors_mem_global_op_atom.sum.pct_of_peak_sustained_elapsed,l1tex__m_l1tex2xbar_write_sectors_mem_global_op_red.sum,l1tex__m_l1tex2xbar_write_sectors_mem_global_op_red.sum.pct_of_peak_sustained_elapsed,l1tex__m_l1tex2xbar_write_sectors_mem_lg_op_st.sum,l1tex__m_l1tex2xbar_write_sectors_mem_lg_op_st.sum.pct_of_peak_sustained_elapsed,l1tex__m_l1tex2xbar_write_sectors_mem_surface_op_atom.sum,l1tex__m_l1tex2xbar_write_sectors_mem_surface_op_atom.sum.pct_of_peak_sustained_elapsed,l1tex__m_l1tex2xbar_write_sectors_mem_surface_op_red.sum,l1tex__m_l1tex2xbar_write_sectors_mem_surface_op_red.sum.pct_of_peak_sustained_elapsed,l1tex__m_l1tex2xbar_write_sectors_mem_surface_op_st.sum,l1tex__m_l1tex2xbar_write_sectors_mem_surface_op_st.sum.pct_of_peak_sustained_elapsed,l1tex__m_xbar2l1tex_read_sectors_mem_global_op_atom.sum,l1tex__m_xbar2l1tex_read_sectors_mem_global_op_atom.sum.pct_of_peak_sustained_elapsed,l1tex__m_xbar2l1tex_read_sectors_mem_lg_op_ld.sum,l1tex__m_xbar2l1tex_read_sectors_mem_lg_op_ld.sum.pct_of_peak_sustained_elapsed,l1tex__m_xbar2l1tex_read_sectors_mem_surface_op_atom.sum,l1tex__m_xbar2l1tex_read_sectors_mem_surface_op_atom.sum.pct_of_peak_sustained_elapsed,l1tex__m_xbar2l1tex_read_sectors_mem_surface_op_ld.sum,l1tex__m_xbar2l1tex_read_sectors_mem_surface_op_ld.sum.pct_of_peak_sustained_elapsed,l1tex__m_xbar2l1tex_read_sectors_mem_texture.sum,l1tex__m_xbar2l1tex_read_sectors_mem_texture.sum.pct_of_peak_sustained_elapsed,l1tex__t_output_wavefronts_pipe_lsu_mem_global_op_atom.sum,l1tex__t_output_wavefronts_pipe_lsu_mem_global_op_atom.sum.pct_of_peak_sustained_elapsed,l1tex__t_output_wavefronts_pipe_lsu_mem_global_op_ld.sum,l1tex__t_output_wavefronts_pipe_lsu_mem_global_op_ld.sum.pct_of_peak_sustained_elapsed,l1tex__t_output_wavefronts_pipe_lsu_mem_global_op_red.sum,l1tex__t_output_wavefronts_pipe_lsu_mem_global_op_red.sum.pct_of_peak_sustained_elapsed,l1tex__t_output_wavefronts_pipe_lsu_mem_global_op_st.sum,l1tex__t_output_wavefronts_pipe_lsu_mem_global_op_st.sum.pct_of_peak_sustained_elapsed,l1tex__t_output_wavefronts_pipe_lsu_mem_local_op_ld.sum,l1tex__t_output_wavefronts_pipe_lsu_mem_local_op_ld.sum.pct_of_peak_sustained_elapsed,l1tex__t_output_wavefronts_pipe_lsu_mem_local_op_st.sum,l1tex__t_output_wavefronts_pipe_lsu_mem_local_op_st.sum.pct_of_peak_sustained_elapsed,l1tex__t_output_wavefronts_pipe_tex_mem_surface_op_atom.sum,l1tex__t_output_wavefronts_pipe_tex_mem_surface_op_atom.sum.pct_of_peak_sustained_elapsed,l1tex__t_output_wavefronts_pipe_tex_mem_surface_op_ld.sum,l1tex__t_output_wavefronts_pipe_tex_mem_surface_op_ld.sum.pct_of_peak_sustained_elapsed,l1tex__t_output_wavefronts_pipe_tex_mem_surface_op_red.sum,l1tex__t_output_wavefronts_pipe_tex_mem_surface_op_red.sum.pct_of_peak_sustained_elapsed,l1tex__t_output_wavefronts_pipe_tex_mem_surface_op_st.sum,l1tex__t_output_wavefronts_pipe_tex_mem_surface_op_st.sum.pct_of_peak_sustained_elapsed,l1tex__t_output_wavefronts_pipe_tex_mem_texture.sum,l1tex__t_output_wavefronts_pipe_tex_mem_texture.sum.pct_of_peak_sustained_elapsed,l1tex__t_requests_pipe_lsu_mem_global_op_atom.sum,l1tex__t_requests_pipe_lsu_mem_global_op_atom.sum.pct_of_peak_sustained_elapsed,l1tex__t_requests_pipe_lsu_mem_global_op_ld.sum,l1tex__t_requests_pipe_lsu_mem_global_op_ld.sum.pct_of_peak_sustained_elapsed,l1tex__t_requests_pipe_lsu_mem_global_op_red.sum,l1tex__t_requests_pipe_lsu_mem_global_op_red.sum.pct_of_peak_sustained_elapsed,l1tex__t_requests_pipe_lsu_mem_global_op_st.sum,l1tex__t_requests_pipe_lsu_mem_global_op_st.sum.pct_of_peak_sustained_elapsed,l1tex__t_requests_pipe_lsu_mem_local_op_ld.sum,l1tex__t_requests_pipe_lsu_mem_local_op_ld.sum.pct_of_peak_sustained_elapsed,l1tex__t_requests_pipe_lsu_mem_local_op_st.sum,l1tex__t_requests_pipe_lsu_mem_local_op_st.sum.pct_of_peak_sustained_elapsed,l1tex__t_requests_pipe_tex_mem_surface_op_atom.sum,l1tex__t_requests_pipe_tex_mem_surface_op_atom.sum.pct_of_peak_sustained_elapsed,l1tex__t_requests_pipe_tex_mem_surface_op_ld.sum,l1tex__t_requests_pipe_tex_mem_surface_op_ld.sum.pct_of_peak_sustained_elapsed,l1tex__t_requests_pipe_tex_mem_surface_op_red.sum,l1tex__t_requests_pipe_tex_mem_surface_op_red.sum.pct_of_peak_sustained_elapsed,l1tex__t_requests_pipe_tex_mem_surface_op_st.sum,l1tex__t_requests_pipe_tex_mem_surface_op_st.sum.pct_of_peak_sustained_elapsed,l1tex__t_requests_pipe_tex_mem_texture.sum,l1tex__t_requests_pipe_tex_mem_texture.sum.pct_of_peak_sustained_elapsed,l1tex__t_sector_pipe_lsu_mem_global_op_atom_hit_rate.pct,l1tex__t_sector_pipe_lsu_mem_global_op_ld_hit_rate.pct,l1tex__t_sector_pipe_lsu_mem_global_op_red_hit_rate.pct,l1tex__t_sector_pipe_lsu_mem_global_op_st_hit_rate.pct,l1tex__t_sector_pipe_lsu_mem_local_op_ld_hit_rate.pct,l1tex__t_sector_pipe_lsu_mem_local_op_st_hit_rate.pct,l1tex__t_sector_pipe_tex_mem_surface_op_atom_...","l1tex__lsu_writeback_active_mem_lg.sum,l1tex__lsu_writeback_active_mem_lg.sum.pct_of_peak_sustained_elapsed,l1tex__m_l1tex2xbar_write_sectors_mem_global_op_atom.sum,l1tex__m_l1tex2xbar_write_sectors_mem_global_op_atom.sum.pct_of_peak_sustained_elapsed,l1tex__m_l1tex2xbar_write_sectors_mem_global_op_red.sum,l1tex__m_l1tex2xbar_write_sectors_mem_global_op_red.sum.pct_of_peak_sustained_elapsed,l1tex__m_l1tex2xbar_write_sectors_mem_lg_op_st.sum,l1tex__m_l1tex2xbar_write_sectors_mem_lg_op_st.sum.pct_of_peak_sustained_elapsed,l1tex__m_l1tex2xbar_write_sectors_mem_surface_op_atom.sum,l1tex__m_l1tex2xbar_write_sectors_mem_surface_op_atom.sum.pct_of_peak_sustained_elapsed,l1tex__m_l1tex2xbar_write_sectors_mem_surface_op_red.sum,l1tex__m_l1tex2xbar_write_sectors_mem_surface_op_red.sum.pct_of_peak_sustained_elapsed,l1tex__m_l1tex2xbar_write_sectors_mem_surface_op_st.sum,l1tex__m_l1tex2xbar_write_sectors_mem_surface_op_st.sum.pct_of_peak_sustained_elapsed,l1tex__m_xbar2l1tex_read_sectors_mem_global_op_atom.sum,l1tex__m_xbar2l1tex_read_sectors_mem_global_op_atom.sum.pct_of_peak_sustained_elapsed,l1tex__m_xbar2l1tex_read_sectors_mem_lg_op_ld.sum,l1tex__m_xbar2l1tex_read_sectors_mem_lg_op_ld.sum.pct_of_peak_sustained_elapsed,l1tex__m_xbar2l1tex_read_sectors_mem_surface_op_atom.sum,l1tex__m_xbar2l1tex_read_sectors_mem_surface_op_atom.sum.pct_of_peak_sustained_elapsed,l1tex__m_xbar2l1tex_read_sectors_mem_surface_op_ld.sum,l1tex__m_xbar2l1tex_read_sectors_mem_surface_op_ld.sum.pct_of_peak_sustained_elapsed,l1tex__m_xbar2l1tex_read_sectors_mem_texture.sum,l1tex__m_xbar2l1tex_read_sectors_mem_texture.sum.pct_of_peak_sustained_elapsed,l1tex__t_output_wavefronts_pipe_lsu_mem_global_op_atom.sum,l1tex__t_output_wavefronts_pipe_lsu_mem_global_op_atom.sum.pct_of_peak_sustained_elapsed,l1tex__t_output_wavefronts_pipe_lsu_mem_global_op_ld.sum,l1tex__t_output_wavefronts_pipe_lsu_mem_global_op_ld.sum.pct_of_peak_sustained_elapsed,l1tex__t_output_wavefronts_pipe_lsu_mem_global_op_red.sum,l1tex__t_output_wavefronts_pipe_lsu_mem_global_op_red.sum.pct_of_peak_sustained_elapsed,l1tex__t_output_wavefronts_pipe_lsu_mem_global_op_st.sum,l1tex__t_output_wavefronts_pipe_lsu_mem_global_op_st.sum.pct_of_peak_sustained_elapsed,l1tex__t_output_wavefronts_pipe_lsu_mem_local_op_ld.sum,l1tex__t_output_wavefronts_pipe_lsu_mem_local_op_ld.sum.pct_of_peak_sustained_elapsed,l1tex__t_output_wavefronts_pipe_lsu_mem_local_op_st.sum,l1tex__t_output_wavefronts_pipe_lsu_mem_local_op_st.sum.pct_of_peak_sustained_elapsed,l1tex__t_output_wavefronts_pipe_tex_mem_surface_op_atom.sum,l1tex__t_output_wavefronts_pipe_tex_mem_surface_op_atom.sum.pct_of_peak_sustained_elapsed,l1tex__t_output_wavefronts_pipe_tex_mem_surface_op_ld.sum,l1tex__t_output_wavefronts_pipe_tex_mem_surface_op_ld.sum.pct_of_peak_sustained_elapsed,l1tex__t_output_wavefronts_pipe_tex_mem_surface_op_red.sum,l1tex__t_output_wavefronts_pipe_tex_mem_surface_op_red.sum.pct_of_peak_sustained_elapsed,l1tex__t_output_wavefronts_pipe_tex_mem_surface_op_st.sum,l1tex__t_output_wavefronts_pipe_tex_mem_surface_op_st.sum.pct_of_peak_sustained_elapsed,l1tex__t_output_wavefronts_pipe_tex_mem_texture.sum,l1tex__t_output_wavefronts_pipe_tex_mem_texture.sum.pct_of_peak_sustained_elapsed,l1tex__t_requests_pipe_lsu_mem_global_op_atom.sum,l1tex__t_requests_pipe_lsu_mem_global_op_atom.sum.pct_of_peak_sustained_elapsed,l1tex__t_requests_pipe_lsu_mem_global_op_ld.sum,l1tex__t_requests_pipe_lsu_mem_global_op_ld.sum.pct_of_peak_sustained_elapsed,l1tex__t_requests_pipe_lsu_mem_global_op_red.sum,l1tex__t_requests_pipe_lsu_mem_global_op_red.sum.pct_of_peak_sustained_elapsed,l1tex__t_requests_pipe_lsu_mem_global_op_st.sum,l1tex__t_requests_pipe_lsu_mem_global_op_st.sum.pct_of_peak_sustained_elapsed,l1tex__t_requests_pipe_lsu_mem_local_op_ld.sum,l1tex__t_requests_pipe_lsu_mem_local_op_ld.sum.pct_of_peak_sustained_elapsed,l1tex__t_requests_pipe_lsu_mem_local_op_st.sum,l1tex__t_requests_pipe_lsu_mem_local_op_st.sum.pct_of_peak_sustained_elapsed,l1tex__t_requests_pipe_tex_mem_surface_op_atom.sum,l1tex__t_requests_pipe_tex_mem_surface_op_atom.sum.pct_of_peak_sustained_elapsed,l1tex__t_requests_pipe_tex_mem_surface_op_ld.sum,l1tex__t_requests_pipe_tex_mem_surface_op_ld.sum.pct_of_peak_sustained_elapsed,l1tex__t_requests_pipe_tex_mem_surface_op_red.sum,l1tex__t_requests_pipe_tex_mem_surface_op_red.sum.pct_of_peak_sustained_elapsed,l1tex__t_requests_pipe_tex_mem_surface_op_st.sum,l1tex__t_requests_pipe_tex_mem_surface_op_st.sum.pct_of_peak_sustained_elapsed,l1tex__t_requests_pipe_tex_mem_texture.sum,l1tex__t_requests_pipe_tex_mem_texture.sum.pct_of_peak_sustained_elapsed,l1tex__t_sector_pipe_lsu_mem_global_op_atom_hit_rate.pct,l1tex__t_sector_pipe_lsu_mem_global_op_ld_hit_rate.pct,l1tex__t_sector_pipe_lsu_mem_global_op_red_hit_rate.pct,l1tex__t_sector_pipe_lsu_mem_global_op_st_hit_rate.pct,l1tex__t_sector_pipe_lsu_mem_local_op_ld_hit_rate.pct,l1tex__t_sector_pipe_lsu_mem_local_op_st_hit_rate.pct,l1tex__t_sector_pipe_tex_mem_surface_op_atom_...","l1tex__lsu_writeback_active_mem_lg.sum,l1tex__lsu_writeback_active_mem_lg.sum.pct_of_peak_sustained_elapsed,l1tex__m_l1tex2xbar_write_sectors_mem_global_op_atom.sum,l1tex__m_l1tex2xbar_write_sectors_mem_global_op_atom.sum.pct_of_peak_sustained_elapsed,l1tex__m_l1tex2xbar_write_sectors_mem_global_op_red.sum,l1tex__m_l1tex2xbar_write_sectors_mem_global_op_red.sum.pct_of_peak_sustained_elapsed,l1tex__m_l1tex2xbar_write_sectors_mem_lg_op_st.sum,l1tex__m_l1tex2xbar_write_sectors_mem_lg_op_st.sum.pct_of_peak_sustained_elapsed,l1tex__m_l1tex2xbar_write_sectors_mem_surface_op_atom.sum,l1tex__m_l1tex2xbar_write_sectors_mem_surface_op_atom.sum.pct_of_peak_sustained_elapsed,l1tex__m_l1tex2xbar_write_sectors_mem_surface_op_red.sum,l1tex__m_l1tex2xbar_write_sectors_mem_surface_op_red.sum.pct_of_peak_sustained_elapsed,l1tex__m_l1tex2xbar_write_sectors_mem_surface_op_st.sum,l1tex__m_l1tex2xbar_write_sectors_mem_surface_op_st.sum.pct_of_peak_sustained_elapsed,l1tex__m_xbar2l1tex_read_sectors_mem_global_op_atom.sum,l1tex__m_xbar2l1tex_read_sectors_mem_global_op_atom.sum.pct_of_peak_sustained_elapsed,l1tex__m_xbar2l1tex_read_sectors_mem_lg_op_ld.sum,l1tex__m_xbar2l1tex_read_sectors_mem_lg_op_ld.sum.pct_of_peak_sustained_elapsed,l1tex__m_xbar2l1tex_read_sectors_mem_surface_op_atom.sum,l1tex__m_xbar2l1tex_read_sectors_mem_surface_op_atom.sum.pct_of_peak_sustained_elapsed,l1tex__m_xbar2l1tex_read_sectors_mem_surface_op_ld.sum,l1tex__m_xbar2l1tex_read_sectors_mem_surface_op_ld.sum.pct_of_peak_sustained_elapsed,l1tex__m_xbar2l1tex_read_sectors_mem_texture.sum,l1tex__m_xbar2l1tex_read_sectors_mem_texture.sum.pct_of_peak_sustained_elapsed,l1tex__t_output_wavefronts_pipe_lsu_mem_global_op_atom.sum,l1tex__t_output_wavefronts_pipe_lsu_mem_global_op_atom.sum.pct_of_peak_sustained_elapsed,l1tex__t_output_wavefronts_pipe_lsu_mem_global_op_ld.sum,l1tex__t_output_wavefronts_pipe_lsu_mem_global_op_ld.sum.pct_of_peak_sustained_elapsed,l1tex__t_output_wavefronts_pipe_lsu_mem_global_op_red.sum,l1tex__t_output_wavefronts_pipe_lsu_mem_global_op_red.sum.pct_of_peak_sustained_elapsed,l1tex__t_output_wavefronts_pipe_lsu_mem_global_op_st.sum,l1tex__t_output_wavefronts_pipe_lsu_mem_global_op_st.sum.pct_of_peak_sustained_elapsed,l1tex__t_output_wavefronts_pipe_lsu_mem_local_op_ld.sum,l1tex__t_output_wavefronts_pipe_lsu_mem_local_op_ld.sum.pct_of_peak_sustained_elapsed,l1tex__t_output_wavefronts_pipe_lsu_mem_local_op_st.sum,l1tex__t_output_wavefronts_pipe_lsu_mem_local_op_st.sum.pct_of_peak_sustained_elapsed,l1tex__t_output_wavefronts_pipe_tex_mem_surface_op_atom.sum,l1tex__t_output_wavefronts_pipe_tex_mem_surface_op_atom.sum.pct_of_peak_sustained_elapsed,l1tex__t_output_wavefronts_pipe_tex_mem_surface_op_ld.sum,l1tex__t_output_wavefronts_pipe_tex_mem_surface_op_ld.sum.pct_of_peak_sustained_elapsed,l1tex__t_output_wavefronts_pipe_tex_mem_surface_op_red.sum,l1tex__t_output_wavefronts_pipe_tex_mem_surface_op_red.sum.pct_of_peak_sustained_elapsed,l1tex__t_output_wavefronts_pipe_tex_mem_surface_op_st.sum,l1tex__t_output_wavefronts_pipe_tex_mem_surface_op_st.sum.pct_of_peak_sustained_elapsed,l1tex__t_output_wavefronts_pipe_tex_mem_texture.sum,l1tex__t_output_wavefronts_pipe_tex_mem_texture.sum.pct_of_peak_sustained_elapsed,l1tex__t_requests_pipe_lsu_mem_global_op_atom.sum,l1tex__t_requests_pipe_lsu_mem_global_op_atom.sum.pct_of_peak_sustained_elapsed,l1tex__t_requests_pipe_lsu_mem_global_op_ld.sum,l1tex__t_requests_pipe_lsu_mem_global_op_ld.sum.pct_of_peak_sustained_elapsed,l1tex__t_requests_pipe_lsu_mem_global_op_red.sum,l1tex__t_requests_pipe_lsu_mem_global_op_red.sum.pct_of_peak_sustained_elapsed,l1tex__t_requests_pipe_lsu_mem_global_op_st.sum,l1tex__t_requests_pipe_lsu_mem_global_op_st.sum.pct_of_peak_sustained_elapsed,l1tex__t_requests_pipe_lsu_mem_local_op_ld.sum,l1tex__t_requests_pipe_lsu_mem_local_op_ld.sum.pct_of_peak_sustained_elapsed,l1tex__t_requests_pipe_lsu_mem_local_op_st.sum,l1tex__t_requests_pipe_lsu_mem_local_op_st.sum.pct_of_peak_sustained_elapsed,l1tex__t_requests_pipe_tex_mem_surface_op_atom.sum,l1tex__t_requests_pipe_tex_mem_surface_op_atom.sum.pct_of_peak_sustained_elapsed,l1tex__t_requests_pipe_tex_mem_surface_op_ld.sum,l1tex__t_requests_pipe_tex_mem_surface_op_ld.sum.pct_of_peak_sustained_elapsed,l1tex__t_requests_pipe_tex_mem_surface_op_red.sum,l1tex__t_requests_pipe_tex_mem_surface_op_red.sum.pct_of_peak_sustained_elapsed,l1tex__t_requests_pipe_tex_mem_surface_op_st.sum,l1tex__t_requests_pipe_tex_mem_surface_op_st.sum.pct_of_peak_sustained_elapsed,l1tex__t_requests_pipe_tex_mem_texture.sum,l1tex__t_requests_pipe_tex_mem_texture.sum.pct_of_peak_sustained_elapsed,l1tex__t_sector_pipe_lsu_mem_global_op_atom_hit_rate.pct,l1tex__t_sector_pipe_lsu_mem_global_op_ld_hit_rate.pct,l1tex__t_sector_pipe_lsu_mem_global_op_red_hit_rate.pct,l1tex__t_sector_pipe_lsu_mem_global_op_st_hit_rate.pct,l1tex__t_sector_pipe_lsu_mem_local_op_ld_hit_rate.pct,l1tex__t_sector_pipe_lsu_mem_local_op_st_hit_rate.pct,l1tex__t_sector_pipe_tex_mem_surface_op_atom_...","l1tex__lsu_writeback_active_mem_lg.sum,l1tex__lsu_writeback_active_mem_lg.sum.pct_of_peak_sustained_elapsed,l1tex__m_l1tex2xbar_write_sectors_mem_global_op_atom.sum,l1tex__m_l1tex2xbar_write_sectors_mem_global_op_atom.sum.pct_of_peak_sustained_elapsed,l1tex__m_l1tex2xbar_write_sectors_mem_global_op_red.sum,l1tex__m_l1tex2xbar_write_sectors_mem_global_op_red.sum.pct_of_peak_sustained_elapsed,l1tex__m_l1tex2xbar_write_sectors_mem_lg_op_st.sum,l1tex__m_l1tex2xbar_write_sectors_mem_lg_op_st.sum.pct_of_peak_sustained_elapsed,l1tex__m_l1tex2xbar_write_sectors_mem_surface_op_atom.sum,l1tex__m_l1tex2xbar_write_sectors_mem_surface_op_atom.sum.pct_of_peak_sustained_elapsed,l1tex__m_l1tex2xbar_write_sectors_mem_surface_op_red.sum,l1tex__m_l1tex2xbar_write_sectors_mem_surface_op_red.sum.pct_of_peak_sustained_elapsed,l1tex__m_l1tex2xbar_write_sectors_mem_surface_op_st.sum,l1tex__m_l1tex2xbar_write_sectors_mem_surface_op_st.sum.pct_of_peak_sustained_elapsed,l1tex__m_xbar2l1tex_read_sectors_mem_global_op_atom.sum,l1tex__m_xbar2l1tex_read_sectors_mem_global_op_atom.sum.pct_of_peak_sustained_elapsed,l1tex__m_xbar2l1tex_read_sectors_mem_lg_op_ld.sum,l1tex__m_xbar2l1tex_read_sectors_mem_lg_op_ld.sum.pct_of_peak_sustained_elapsed,l1tex__m_xbar2l1tex_read_sectors_mem_surface_op_atom.sum,l1tex__m_xbar2l1tex_read_sectors_mem_surface_op_atom.sum.pct_of_peak_sustained_elapsed,l1tex__m_xbar2l1tex_read_sectors_mem_surface_op_ld.sum,l1tex__m_xbar2l1tex_read_sectors_mem_surface_op_ld.sum.pct_of_peak_sustained_elapsed,l1tex__m_xbar2l1tex_read_sectors_mem_texture.sum,l1tex__m_xbar2l1tex_read_sectors_mem_texture.sum.pct_of_peak_sustained_elapsed,l1tex__t_output_wavefronts_pipe_lsu_mem_global_op_atom.sum,l1tex__t_output_wavefronts_pipe_lsu_mem_global_op_atom.sum.pct_of_peak_sustained_elapsed,l1tex__t_output_wavefronts_pipe_lsu_mem_global_op_ld.sum,l1tex__t_output_wavefronts_pipe_lsu_mem_global_op_ld.sum.pct_of_peak_sustained_elapsed,l1tex__t_output_wavefronts_pipe_lsu_mem_global_op_red.sum,l1tex__t_output_wavefronts_pipe_lsu_mem_global_op_red.sum.pct_of_peak_sustained_elapsed,l1tex__t_output_wavefronts_pipe_lsu_mem_global_op_st.sum,l1tex__t_output_wavefronts_pipe_lsu_mem_global_op_st.sum.pct_of_peak_sustained_elapsed,l1tex__t_output_wavefronts_pipe_lsu_mem_local_op_ld.sum,l1tex__t_output_wavefronts_pipe_lsu_mem_local_op_ld.sum.pct_of_peak_sustained_elapsed,l1tex__t_output_wavefronts_pipe_lsu_mem_local_op_st.sum,l1tex__t_output_wavefronts_pipe_lsu_mem_local_op_st.sum.pct_of_peak_sustained_elapsed,l1tex__t_output_wavefronts_pipe_tex_mem_surface_op_atom.sum,l1tex__t_output_wavefronts_pipe_tex_mem_surface_op_atom.sum.pct_of_peak_sustained_elapsed,l1tex__t_output_wavefronts_pipe_tex_mem_surface_op_ld.sum,l1tex__t_output_wavefronts_pipe_tex_mem_surface_op_ld.sum.pct_of_peak_sustained_elapsed,l1tex__t_output_wavefronts_pipe_tex_mem_surface_op_red.sum,l1tex__t_output_wavefronts_pipe_tex_mem_surface_op_red.sum.pct_of_peak_sustained_elapsed,l1tex__t_output_wavefronts_pipe_tex_mem_surface_op_st.sum,l1tex__t_output_wavefronts_pipe_tex_mem_surface_op_st.sum.pct_of_peak_sustained_elapsed,l1tex__t_output_wavefronts_pipe_tex_mem_texture.sum,l1tex__t_output_wavefronts_pipe_tex_mem_texture.sum.pct_of_peak_sustained_elapsed,l1tex__t_requests_pipe_lsu_mem_global_op_atom.sum,l1tex__t_requests_pipe_lsu_mem_global_op_atom.sum.pct_of_peak_sustained_elapsed,l1tex__t_requests_pipe_lsu_mem_global_op_ld.sum,l1tex__t_requests_pipe_lsu_mem_global_op_ld.sum.pct_of_peak_sustained_elapsed,l1tex__t_requests_pipe_lsu_mem_global_op_red.sum,l1tex__t_requests_pipe_lsu_mem_global_op_red.sum.pct_of_peak_sustained_elapsed,l1tex__t_requests_pipe_lsu_mem_global_op_st.sum,l1tex__t_requests_pipe_lsu_mem_global_op_st.sum.pct_of_peak_sustained_elapsed,l1tex__t_requests_pipe_lsu_mem_local_op_ld.sum,l1tex__t_requests_pipe_lsu_mem_local_op_ld.sum.pct_of_peak_sustained_elapsed,l1tex__t_requests_pipe_lsu_mem_local_op_st.sum,l1tex__t_requests_pipe_lsu_mem_local_op_st.sum.pct_of_peak_sustained_elapsed,l1tex__t_requests_pipe_tex_mem_surface_op_atom.sum,l1tex__t_requests_pipe_tex_mem_surface_op_atom.sum.pct_of_peak_sustained_elapsed,l1tex__t_requests_pipe_tex_mem_surface_op_ld.sum,l1tex__t_requests_pipe_tex_mem_surface_op_ld.sum.pct_of_peak_sustained_elapsed,l1tex__t_requests_pipe_tex_mem_surface_op_red.sum,l1tex__t_requests_pipe_tex_mem_surface_op_red.sum.pct_of_peak_sustained_elapsed,l1tex__t_requests_pipe_tex_mem_surface_op_st.sum,l1tex__t_requests_pipe_tex_mem_surface_op_st.sum.pct_of_peak_sustained_elapsed,l1tex__t_requests_pipe_tex_mem_texture.sum,l1tex__t_requests_pipe_tex_mem_texture.sum.pct_of_peak_sustained_elapsed,l1tex__t_sector_pipe_lsu_mem_global_op_atom_hit_rate.pct,l1tex__t_sector_pipe_lsu_mem_global_op_ld_hit_rate.pct,l1tex__t_sector_pipe_lsu_mem_global_op_red_hit_rate.pct,l1tex__t_sector_pipe_lsu_mem_global_op_st_hit_rate.pct,l1tex__t_sector_pipe_lsu_mem_local_op_ld_hit_rate.pct,l1tex__t_sector_pipe_lsu_mem_local_op_st_hit_rate.pct,l1tex__t_sector_pipe_tex_mem_surface_op_atom_..."
group:memory__l2_cache_evict_policy_table,"lts__t_sectors_evict_first_lookup_hit.sum,lts__t_sectors_evict_first_lookup_miss.sum,lts__t_sectors_evict_last_lookup_hit.sum,lts__t_sectors_evict_last_lookup_miss.sum,lts__t_sectors_evict_normal_demote_lookup_hit.sum,lts__t_sectors_evict_normal_demote_lookup_miss.sum,lts__t_sectors_evict_normal_lookup_hit.sum,lts__t_sectors_evict_normal_lookup_miss.sum,lts__t_sectors_srcunit_tex_evict_first_lookup_hit.sum,lts__t_sectors_srcunit_tex_evict_first_lookup_miss.sum,lts__t_sectors_srcunit_tex_evict_last_lookup_hit.sum,lts__t_sectors_srcunit_tex_evict_last_lookup_miss.sum,lts__t_sectors_srcunit_tex_evict_normal_demote_lookup_hit.sum,lts__t_sectors_srcunit_tex_evict_normal_demote_lookup_miss.sum,lts__t_sectors_srcunit_tex_evict_normal_lookup_hit.sum,lts__t_sectors_srcunit_tex_evict_normal_lookup_miss.sum,lts__t_sectors_srcunit_tex_op_atom_evict_first_lookup_hit.sum,lts__t_sectors_srcunit_tex_op_atom_evict_first_lookup_miss.sum,lts__t_sectors_srcunit_tex_op_atom_evict_last_lookup_hit.sum,lts__t_sectors_srcunit_tex_op_atom_evict_last_lookup_miss.sum,lts__t_sectors_srcunit_tex_op_atom_evict_normal_lookup_hit.sum,lts__t_sectors_srcunit_tex_op_atom_evict_normal_lookup_miss.sum,lts__t_sectors_srcunit_tex_op_read_evict_first_lookup_hit.sum,lts__t_sectors_srcunit_tex_op_read_evict_first_lookup_miss.sum,lts__t_sectors_srcunit_tex_op_read_evict_last_lookup_hit.sum,lts__t_sectors_srcunit_tex_op_read_evict_last_lookup_miss.sum,lts__t_sectors_srcunit_tex_op_read_evict_normal_demote_lookup_hit.sum,lts__t_sectors_srcunit_tex_op_read_evict_normal_demote_lookup_miss.sum,lts__t_sectors_srcunit_tex_op_read_evict_normal_lookup_hit.sum,lts__t_sectors_srcunit_tex_op_read_evict_normal_lookup_miss.sum,lts__t_sectors_srcunit_tex_op_write_evict_first_lookup_hit.sum,lts__t_sectors_srcunit_tex_op_write_evict_first_lookup_miss.sum,lts__t_sectors_srcunit_tex_op_write_evict_last_lookup_hit.sum,lts__t_sectors_srcunit_tex_op_write_evict_last_lookup_miss.sum,lts__t_sectors_srcunit_tex_op_write_evict_normal_demote_lookup_hit.sum,lts__t_sectors_srcunit_tex_op_write_evict_normal_demote_lookup_miss.sum,lts__t_sectors_srcunit_tex_op_write_evict_normal_lookup_hit.sum,lts__t_sectors_srcunit_tex_op_write_evict_normal_lookup_miss.sum","lts__t_sectors_evict_first_lookup_hit.sum,lts__t_sectors_evict_first_lookup_miss.sum,lts__t_sectors_evict_last_lookup_hit.sum,lts__t_sectors_evict_last_lookup_miss.sum,lts__t_sectors_evict_normal_demote_lookup_hit.sum,lts__t_sectors_evict_normal_demote_lookup_miss.sum,lts__t_sectors_evict_normal_lookup_hit.sum,lts__t_sectors_evict_normal_lookup_miss.sum,lts__t_sectors_srcunit_tex_evict_first_lookup_hit.sum,lts__t_sectors_srcunit_tex_evict_first_lookup_miss.sum,lts__t_sectors_srcunit_tex_evict_last_lookup_hit.sum,lts__t_sectors_srcunit_tex_evict_last_lookup_miss.sum,lts__t_sectors_srcunit_tex_evict_normal_demote_lookup_hit.sum,lts__t_sectors_srcunit_tex_evict_normal_demote_lookup_miss.sum,lts__t_sectors_srcunit_tex_evict_normal_lookup_hit.sum,lts__t_sectors_srcunit_tex_evict_normal_lookup_miss.sum,lts__t_sectors_srcunit_tex_op_atom_evict_first_lookup_hit.sum,lts__t_sectors_srcunit_tex_op_atom_evict_first_lookup_miss.sum,lts__t_sectors_srcunit_tex_op_atom_evict_last_lookup_hit.sum,lts__t_sectors_srcunit_tex_op_atom_evict_last_lookup_miss.sum,lts__t_sectors_srcunit_tex_op_atom_evict_normal_lookup_hit.sum,lts__t_sectors_srcunit_tex_op_atom_evict_normal_lookup_miss.sum,lts__t_sectors_srcunit_tex_op_read_evict_first_lookup_hit.sum,lts__t_sectors_srcunit_tex_op_read_evict_first_lookup_miss.sum,lts__t_sectors_srcunit_tex_op_read_evict_last_lookup_hit.sum,lts__t_sectors_srcunit_tex_op_read_evict_last_lookup_miss.sum,lts__t_sectors_srcunit_tex_op_read_evict_normal_demote_lookup_hit.sum,lts__t_sectors_srcunit_tex_op_read_evict_normal_demote_lookup_miss.sum,lts__t_sectors_srcunit_tex_op_read_evict_normal_lookup_hit.sum,lts__t_sectors_srcunit_tex_op_read_evict_normal_lookup_miss.sum,lts__t_sectors_srcunit_tex_op_write_evict_first_lookup_hit.sum,lts__t_sectors_srcunit_tex_op_write_evict_first_lookup_miss.sum,lts__t_sectors_srcunit_tex_op_write_evict_last_lookup_hit.sum,lts__t_sectors_srcunit_tex_op_write_evict_last_lookup_miss.sum,lts__t_sectors_srcunit_tex_op_write_evict_normal_demote_lookup_hit.sum,lts__t_sectors_srcunit_tex_op_write_evict_normal_demote_lookup_miss.sum,lts__t_sectors_srcunit_tex_op_write_evict_normal_lookup_hit.sum,lts__t_sectors_srcunit_tex_op_write_evict_normal_lookup_miss.sum","lts__t_sectors_evict_first_lookup_hit.sum,lts__t_sectors_evict_first_lookup_miss.sum,lts__t_sectors_evict_last_lookup_hit.sum,lts__t_sectors_evict_last_lookup_miss.sum,lts__t_sectors_evict_normal_demote_lookup_hit.sum,lts__t_sectors_evict_normal_demote_lookup_miss.sum,lts__t_sectors_evict_normal_lookup_hit.sum,lts__t_sectors_evict_normal_lookup_miss.sum,lts__t_sectors_srcunit_tex_evict_first_lookup_hit.sum,lts__t_sectors_srcunit_tex_evict_first_lookup_miss.sum,lts__t_sectors_srcunit_tex_evict_last_lookup_hit.sum,lts__t_sectors_srcunit_tex_evict_last_lookup_miss.sum,lts__t_sectors_srcunit_tex_evict_normal_demote_lookup_hit.sum,lts__t_sectors_srcunit_tex_evict_normal_demote_lookup_miss.sum,lts__t_sectors_srcunit_tex_evict_normal_lookup_hit.sum,lts__t_sectors_srcunit_tex_evict_normal_lookup_miss.sum,lts__t_sectors_srcunit_tex_op_atom_evict_first_lookup_hit.sum,lts__t_sectors_srcunit_tex_op_atom_evict_first_lookup_miss.sum,lts__t_sectors_srcunit_tex_op_atom_evict_last_lookup_hit.sum,lts__t_sectors_srcunit_tex_op_atom_evict_last_lookup_miss.sum,lts__t_sectors_srcunit_tex_op_atom_evict_normal_lookup_hit.sum,lts__t_sectors_srcunit_tex_op_atom_evict_normal_lookup_miss.sum,lts__t_sectors_srcunit_tex_op_read_evict_first_lookup_hit.sum,lts__t_sectors_srcunit_tex_op_read_evict_first_lookup_miss.sum,lts__t_sectors_srcunit_tex_op_read_evict_last_lookup_hit.sum,lts__t_sectors_srcunit_tex_op_read_evict_last_lookup_miss.sum,lts__t_sectors_srcunit_tex_op_read_evict_normal_demote_lookup_hit.sum,lts__t_sectors_srcunit_tex_op_read_evict_normal_demote_lookup_miss.sum,lts__t_sectors_srcunit_tex_op_read_evict_normal_lookup_hit.sum,lts__t_sectors_srcunit_tex_op_read_evict_normal_lookup_miss.sum,lts__t_sectors_srcunit_tex_op_write_evict_first_lookup_hit.sum,lts__t_sectors_srcunit_tex_op_write_evict_first_lookup_miss.sum,lts__t_sectors_srcunit_tex_op_write_evict_last_lookup_hit.sum,lts__t_sectors_srcunit_tex_op_write_evict_last_lookup_miss.sum,lts__t_sectors_srcunit_tex_op_write_evict_normal_demote_lookup_hit.sum,lts__t_sectors_srcunit_tex_op_write_evict_normal_demote_lookup_miss.sum,lts__t_sectors_srcunit_tex_op_write_evict_normal_lookup_hit.sum,lts__t_sectors_srcunit_tex_op_write_evict_normal_lookup_miss.sum","lts__t_sectors_evict_first_lookup_hit.sum,lts__t_sectors_evict_first_lookup_miss.sum,lts__t_sectors_evict_last_lookup_hit.sum,lts__t_sectors_evict_last_lookup_miss.sum,lts__t_sectors_evict_normal_demote_lookup_hit.sum,lts__t_sectors_evict_normal_demote_lookup_miss.sum,lts__t_sectors_evict_normal_lookup_hit.sum,lts__t_sectors_evict_normal_lookup_miss.sum,lts__t_sectors_srcunit_tex_evict_first_lookup_hit.sum,lts__t_sectors_srcunit_tex_evict_first_lookup_miss.sum,lts__t_sectors_srcunit_tex_evict_last_lookup_hit.sum,lts__t_sectors_srcunit_tex_evict_last_lookup_miss.sum,lts__t_sectors_srcunit_tex_evict_normal_demote_lookup_hit.sum,lts__t_sectors_srcunit_tex_evict_normal_demote_lookup_miss.sum,lts__t_sectors_srcunit_tex_evict_normal_lookup_hit.sum,lts__t_sectors_srcunit_tex_evict_normal_lookup_miss.sum,lts__t_sectors_srcunit_tex_op_atom_evict_first_lookup_hit.sum,lts__t_sectors_srcunit_tex_op_atom_evict_first_lookup_miss.sum,lts__t_sectors_srcunit_tex_op_atom_evict_last_lookup_hit.sum,lts__t_sectors_srcunit_tex_op_atom_evict_last_lookup_miss.sum,lts__t_sectors_srcunit_tex_op_atom_evict_normal_lookup_hit.sum,lts__t_sectors_srcunit_tex_op_atom_evict_normal_lookup_miss.sum,lts__t_sectors_srcunit_tex_op_read_evict_first_lookup_hit.sum,lts__t_sectors_srcunit_tex_op_read_evict_first_lookup_miss.sum,lts__t_sectors_srcunit_tex_op_read_evict_last_lookup_hit.sum,lts__t_sectors_srcunit_tex_op_read_evict_last_lookup_miss.sum,lts__t_sectors_srcunit_tex_op_read_evict_normal_demote_lookup_hit.sum,lts__t_sectors_srcunit_tex_op_read_evict_normal_demote_lookup_miss.sum,lts__t_sectors_srcunit_tex_op_read_evict_normal_lookup_hit.sum,lts__t_sectors_srcunit_tex_op_read_evict_normal_lookup_miss.sum,lts__t_sectors_srcunit_tex_op_write_evict_first_lookup_hit.sum,lts__t_sectors_srcunit_tex_op_write_evict_first_lookup_miss.sum,lts__t_sectors_srcunit_tex_op_write_evict_last_lookup_hit.sum,lts__t_sectors_srcunit_tex_op_write_evict_last_lookup_miss.sum,lts__t_sectors_srcunit_tex_op_write_evict_normal_demote_lookup_hit.sum,lts__t_sectors_srcunit_tex_op_write_evict_normal_demote_lookup_miss.sum,lts__t_sectors_srcunit_tex_op_write_evict_normal_lookup_hit.sum,lts__t_sectors_srcunit_tex_op_write_evict_normal_lookup_miss.sum"
group:memory__l2_cache_table,"lts__t_requests.sum,lts__t_requests_srcunit_gcc.sum,lts__t_requests_srcunit_tex.sum,lts__t_requests_srcunit_tex_op_atom_dot_alu.sum,lts__t_requests_srcunit_tex_op_atom_dot_cas.sum,lts__t_requests_srcunit_tex_op_read.sum,lts__t_requests_srcunit_tex_op_red.sum,lts__t_requests_srcunit_tex_op_write.sum,lts__t_sectors.avg.pct_of_peak_sustained_elapsed,lts__t_sectors.avg.peak_sustained,lts__t_sectors.avg.per_cycle_elapsed,lts__t_sectors.sum,lts__t_sectors.sum.per_second,lts__t_sectors_aperture_device_lookup_miss.sum,lts__t_sectors_aperture_peer_lookup_miss.sum,lts__t_sectors_aperture_sysmem_lookup_miss.sum,lts__t_sectors_data_ecc.avg.pct_of_peak_sustained_elapsed,lts__t_sectors_data_ecc.avg.peak_sustained,lts__t_sectors_data_ecc.avg.per_cycle_elapsed,lts__t_sectors_data_ecc.sum,lts__t_sectors_data_ecc.sum.per_second,lts__t_sectors_lookup_hit.sum,lts__t_sectors_lookup_miss.sum,lts__t_sectors_srcunit_gcc.avg.pct_of_peak_sustained_elapsed,lts__t_sectors_srcunit_gcc.avg.peak_sustained,lts__t_sectors_srcunit_gcc.avg.per_cycle_elapsed,lts__t_sectors_srcunit_gcc.sum,lts__t_sectors_srcunit_gcc.sum.per_second,lts__t_sectors_srcunit_gcc_aperture_device_lookup_miss.sum,lts__t_sectors_srcunit_gcc_aperture_peer_lookup_miss.sum,lts__t_sectors_srcunit_gcc_aperture_sysmem_lookup_miss.sum,lts__t_sectors_srcunit_gcc_lookup_hit.sum,lts__t_sectors_srcunit_gcc_lookup_miss.sum,lts__t_sectors_srcunit_tex.avg.pct_of_peak_sustained_elapsed,lts__t_sectors_srcunit_tex.avg.peak_sustained,lts__t_sectors_srcunit_tex.avg.per_cycle_elapsed,lts__t_sectors_srcunit_tex.sum,lts__t_sectors_srcunit_tex.sum.pct_of_peak_sustained_elapsed,lts__t_sectors_srcunit_tex.sum.per_second,lts__t_sectors_srcunit_tex_aperture_device_lookup_miss.sum,lts__t_sectors_srcunit_tex_aperture_device_op_atom_dot_alu_lookup_miss.sum,lts__t_sectors_srcunit_tex_aperture_device_op_atom_dot_cas_lookup_miss.sum,lts__t_sectors_srcunit_tex_aperture_device_op_read_lookup_miss.sum,lts__t_sectors_srcunit_tex_aperture_device_op_red_lookup_miss.sum,lts__t_sectors_srcunit_tex_aperture_device_op_write_lookup_miss.sum,lts__t_sectors_srcunit_tex_aperture_peer_lookup_miss.sum,lts__t_sectors_srcunit_tex_aperture_peer_op_atom_dot_alu_lookup_miss.sum,lts__t_sectors_srcunit_tex_aperture_peer_op_atom_dot_cas_lookup_miss.sum,lts__t_sectors_srcunit_tex_aperture_peer_op_read_lookup_miss.sum,lts__t_sectors_srcunit_tex_aperture_peer_op_red_lookup_miss.sum,lts__t_sectors_srcunit_tex_aperture_peer_op_write_lookup_miss.sum,lts__t_sectors_srcunit_tex_aperture_sysmem_lookup_miss.sum,lts__t_sectors_srcunit_tex_aperture_sysmem_op_atom_dot_alu_lookup_miss.sum,lts__t_sectors_srcunit_tex_aperture_sysmem_op_atom_dot_cas_lookup_miss.sum,lts__t_sectors_srcunit_tex_aperture_sysmem_op_read_lookup_miss.sum,lts__t_sectors_srcunit_tex_aperture_sysmem_op_red_lookup_miss.sum,lts__t_sectors_srcunit_tex_aperture_sysmem_op_write_lookup_miss.sum,lts__t_sectors_srcunit_tex_lookup_hit.sum,lts__t_sectors_srcunit_tex_lookup_miss.sum,lts__t_sectors_srcunit_tex_op_atom_dot_alu.avg.pct_of_peak_sustained_elapsed,lts__t_sectors_srcunit_tex_op_atom_dot_alu.avg.peak_sustained,lts__t_sectors_srcunit_tex_op_atom_dot_alu.avg.per_cycle_elapsed,lts__t_sectors_srcunit_tex_op_atom_dot_alu.sum,lts__t_sectors_srcunit_tex_op_atom_dot_alu.sum.per_second,lts__t_sectors_srcunit_tex_op_atom_dot_alu_lookup_hit.sum,lts__t_sectors_srcunit_tex_op_atom_dot_alu_lookup_miss.sum,lts__t_sectors_srcunit_tex_op_atom_dot_cas.avg.pct_of_peak_sustained_elapsed,lts__t_sectors_srcunit_tex_op_atom_dot_cas.avg.peak_sustained,lts__t_sectors_srcunit_tex_op_atom_dot_cas.avg.per_cycle_elapsed,lts__t_sectors_srcunit_tex_op_atom_dot_cas.sum,lts__t_sectors_srcunit_tex_op_atom_dot_cas.sum.per_second,lts__t_sectors_srcunit_tex_op_atom_dot_cas_lookup_hit.sum,lts__t_sectors_srcunit_tex_op_atom_dot_cas_lookup_miss.sum,lts__t_sectors_srcunit_tex_op_read.avg.pct_of_peak_sustained_elapsed,lts__t_sectors_srcunit_tex_op_read.avg.peak_sustained,lts__t_sectors_srcunit_tex_op_read.avg.per_cycle_elapsed,lts__t_sectors_srcunit_tex_op_read.sum,lts__t_sectors_srcunit_tex_op_read.sum.per_second,lts__t_sectors_srcunit_tex_op_read_lookup_hit.sum,lts__t_sectors_srcunit_tex_op_read_lookup_miss.sum,lts__t_sectors_srcunit_tex_op_red.avg.pct_of_peak_sustained_elapsed,lts__t_sectors_srcunit_tex_op_red.avg.peak_sustained,lts__t_sectors_srcunit_tex_op_red.avg.per_cycle_elapsed,lts__t_sectors_srcunit_tex_op_red.sum,lts__t_sectors_srcunit_tex_op_red.sum.per_second,lts__t_sectors_srcunit_tex_op_red_lookup_hit.sum,lts__t_sectors_srcunit_tex_op_red_lookup_miss.sum,lts__t_sectors_srcunit_tex_op_write.avg.pct_of_peak_sustained_elapsed,lts__t_sectors_srcunit_tex_op_write.avg.peak_sustained,lts__t_sectors_srcunit_tex_op_write.avg.per_cycle_elapsed,lts__t_sectors_srcunit_tex_op_write.sum,lts__t_sectors_srcunit_tex_op_write.sum.per_second,lts__t_sectors_srcunit_tex_op_write_lookup_hit.sum,lts__t_sectors_srcunit_tex_op_write_lookup_miss.sum","lts__t_requests.sum,lts__t_requests_srcunit_gcc.sum,lts__t_requests_srcunit_tex.sum,lts__t_requests_srcunit_tex_op_atom_dot_alu.sum,lts__t_requests_srcunit_tex_op_atom_dot_cas.sum,lts__t_requests_srcunit_tex_op_read.sum,lts__t_requests_srcunit_tex_op_red.sum,lts__t_requests_srcunit_tex_op_write.sum,lts__t_sectors.avg.pct_of_peak_sustained_elapsed,lts__t_sectors.avg.peak_sustained,lts__t_sectors.avg.per_cycle_elapsed,lts__t_sectors.sum,lts__t_sectors.sum.per_second,lts__t_sectors_aperture_device_lookup_miss.sum,lts__t_sectors_aperture_peer_lookup_miss.sum,lts__t_sectors_aperture_sysmem_lookup_miss.sum,lts__t_sectors_data_ecc.avg.pct_of_peak_sustained_elapsed,lts__t_sectors_data_ecc.avg.peak_sustained,lts__t_sectors_data_ecc.avg.per_cycle_elapsed,lts__t_sectors_data_ecc.sum,lts__t_sectors_data_ecc.sum.per_second,lts__t_sectors_lookup_hit.sum,lts__t_sectors_lookup_miss.sum,lts__t_sectors_srcunit_gcc.avg.pct_of_peak_sustained_elapsed,lts__t_sectors_srcunit_gcc.avg.peak_sustained,lts__t_sectors_srcunit_gcc.avg.per_cycle_elapsed,lts__t_sectors_srcunit_gcc.sum,lts__t_sectors_srcunit_gcc.sum.per_second,lts__t_sectors_srcunit_gcc_aperture_device_lookup_miss.sum,lts__t_sectors_srcunit_gcc_aperture_peer_lookup_miss.sum,lts__t_sectors_srcunit_gcc_aperture_sysmem_lookup_miss.sum,lts__t_sectors_srcunit_gcc_lookup_hit.sum,lts__t_sectors_srcunit_gcc_lookup_miss.sum,lts__t_sectors_srcunit_tex.avg.pct_of_peak_sustained_elapsed,lts__t_sectors_srcunit_tex.avg.peak_sustained,lts__t_sectors_srcunit_tex.avg.per_cycle_elapsed,lts__t_sectors_srcunit_tex.sum,lts__t_sectors_srcunit_tex.sum.pct_of_peak_sustained_elapsed,lts__t_sectors_srcunit_tex.sum.per_second,lts__t_sectors_srcunit_tex_aperture_device_lookup_miss.sum,lts__t_sectors_srcunit_tex_aperture_device_op_atom_dot_alu_lookup_miss.sum,lts__t_sectors_srcunit_tex_aperture_device_op_atom_dot_cas_lookup_miss.sum,lts__t_sectors_srcunit_tex_aperture_device_op_read_lookup_miss.sum,lts__t_sectors_srcunit_tex_aperture_device_op_red_lookup_miss.sum,lts__t_sectors_srcunit_tex_aperture_device_op_write_lookup_miss.sum,lts__t_sectors_srcunit_tex_aperture_peer_lookup_miss.sum,lts__t_sectors_srcunit_tex_aperture_peer_op_atom_dot_alu_lookup_miss.sum,lts__t_sectors_srcunit_tex_aperture_peer_op_atom_dot_cas_lookup_miss.sum,lts__t_sectors_srcunit_tex_aperture_peer_op_read_lookup_miss.sum,lts__t_sectors_srcunit_tex_aperture_peer_op_red_lookup_miss.sum,lts__t_sectors_srcunit_tex_aperture_peer_op_write_lookup_miss.sum,lts__t_sectors_srcunit_tex_aperture_sysmem_lookup_miss.sum,lts__t_sectors_srcunit_tex_aperture_sysmem_op_atom_dot_alu_lookup_miss.sum,lts__t_sectors_srcunit_tex_aperture_sysmem_op_atom_dot_cas_lookup_miss.sum,lts__t_sectors_srcunit_tex_aperture_sysmem_op_read_lookup_miss.sum,lts__t_sectors_srcunit_tex_aperture_sysmem_op_red_lookup_miss.sum,lts__t_sectors_srcunit_tex_aperture_sysmem_op_write_lookup_miss.sum,lts__t_sectors_srcunit_tex_lookup_hit.sum,lts__t_sectors_srcunit_tex_lookup_miss.sum,lts__t_sectors_srcunit_tex_op_atom_dot_alu.avg.pct_of_peak_sustained_elapsed,lts__t_sectors_srcunit_tex_op_atom_dot_alu.avg.peak_sustained,lts__t_sectors_srcunit_tex_op_atom_dot_alu.avg.per_cycle_elapsed,lts__t_sectors_srcunit_tex_op_atom_dot_alu.sum,lts__t_sectors_srcunit_tex_op_atom_dot_alu.sum.per_second,lts__t_sectors_srcunit_tex_op_atom_dot_alu_lookup_hit.sum,lts__t_sectors_srcunit_tex_op_atom_dot_alu_lookup_miss.sum,lts__t_sectors_srcunit_tex_op_atom_dot_cas.avg.pct_of_peak_sustained_elapsed,lts__t_sectors_srcunit_tex_op_atom_dot_cas.avg.peak_sustained,lts__t_sectors_srcunit_tex_op_atom_dot_cas.avg.per_cycle_elapsed,lts__t_sectors_srcunit_tex_op_atom_dot_cas.sum,lts__t_sectors_srcunit_tex_op_atom_dot_cas.sum.per_second,lts__t_sectors_srcunit_tex_op_atom_dot_cas_lookup_hit.sum,lts__t_sectors_srcunit_tex_op_atom_dot_cas_lookup_miss.sum,lts__t_sectors_srcunit_tex_op_read.avg.pct_of_peak_sustained_elapsed,lts__t_sectors_srcunit_tex_op_read.avg.peak_sustained,lts__t_sectors_srcunit_tex_op_read.avg.per_cycle_elapsed,lts__t_sectors_srcunit_tex_op_read.sum,lts__t_sectors_srcunit_tex_op_read.sum.per_second,lts__t_sectors_srcunit_tex_op_read_lookup_hit.sum,lts__t_sectors_srcunit_tex_op_read_lookup_miss.sum,lts__t_sectors_srcunit_tex_op_red.avg.pct_of_peak_sustained_elapsed,lts__t_sectors_srcunit_tex_op_red.avg.peak_sustained,lts__t_sectors_srcunit_tex_op_red.avg.per_cycle_elapsed,lts__t_sectors_srcunit_tex_op_red.sum,lts__t_sectors_srcunit_tex_op_red.sum.per_second,lts__t_sectors_srcunit_tex_op_red_lookup_hit.sum,lts__t_sectors_srcunit_tex_op_red_lookup_miss.sum,lts__t_sectors_srcunit_tex_op_write.avg.pct_of_peak_sustained_elapsed,lts__t_sectors_srcunit_tex_op_write.avg.peak_sustained,lts__t_sectors_srcunit_tex_op_write.avg.per_cycle_elapsed,lts__t_sectors_srcunit_tex_op_write.sum,lts__t_sectors_srcunit_tex_op_write.sum.per_second,lts__t_sectors_srcunit_tex_op_write_lookup_hit.sum,lts__t_sectors_srcunit_tex_op_write_lookup_miss.sum","lts__t_requests.sum,lts__t_requests_srcunit_gcc.sum,lts__t_requests_srcunit_tex.sum,lts__t_requests_srcunit_tex_op_atom_dot_alu.sum,lts__t_requests_srcunit_tex_op_atom_dot_cas.sum,lts__t_requests_srcunit_tex_op_read.sum,lts__t_requests_srcunit_tex_op_red.sum,lts__t_requests_srcunit_tex_op_write.sum,lts__t_sectors.avg.pct_of_peak_sustained_elapsed,lts__t_sectors.avg.peak_sustained,lts__t_sectors.avg.per_cycle_elapsed,lts__t_sectors.sum,lts__t_sectors.sum.per_second,lts__t_sectors_aperture_device_lookup_miss.sum,lts__t_sectors_aperture_peer_lookup_miss.sum,lts__t_sectors_aperture_sysmem_lookup_miss.sum,lts__t_sectors_data_ecc.avg.pct_of_peak_sustained_elapsed,lts__t_sectors_data_ecc.avg.peak_sustained,lts__t_sectors_data_ecc.avg.per_cycle_elapsed,lts__t_sectors_data_ecc.sum,lts__t_sectors_data_ecc.sum.per_second,lts__t_sectors_lookup_hit.sum,lts__t_sectors_lookup_miss.sum,lts__t_sectors_srcunit_gcc.avg.pct_of_peak_sustained_elapsed,lts__t_sectors_srcunit_gcc.avg.peak_sustained,lts__t_sectors_srcunit_gcc.avg.per_cycle_elapsed,lts__t_sectors_srcunit_gcc.sum,lts__t_sectors_srcunit_gcc.sum.per_second,lts__t_sectors_srcunit_gcc_aperture_device_lookup_miss.sum,lts__t_sectors_srcunit_gcc_aperture_peer_lookup_miss.sum,lts__t_sectors_srcunit_gcc_aperture_sysmem_lookup_miss.sum,lts__t_sectors_srcunit_gcc_lookup_hit.sum,lts__t_sectors_srcunit_gcc_lookup_miss.sum,lts__t_sectors_srcunit_tex.avg.pct_of_peak_sustained_elapsed,lts__t_sectors_srcunit_tex.avg.peak_sustained,lts__t_sectors_srcunit_tex.avg.per_cycle_elapsed,lts__t_sectors_srcunit_tex.sum,lts__t_sectors_srcunit_tex.sum.pct_of_peak_sustained_elapsed,lts__t_sectors_srcunit_tex.sum.per_second,lts__t_sectors_srcunit_tex_aperture_device_lookup_miss.sum,lts__t_sectors_srcunit_tex_aperture_device_op_atom_dot_alu_lookup_miss.sum,lts__t_sectors_srcunit_tex_aperture_device_op_atom_dot_cas_lookup_miss.sum,lts__t_sectors_srcunit_tex_aperture_device_op_read_lookup_miss.sum,lts__t_sectors_srcunit_tex_aperture_device_op_red_lookup_miss.sum,lts__t_sectors_srcunit_tex_aperture_device_op_write_lookup_miss.sum,lts__t_sectors_srcunit_tex_aperture_peer_lookup_miss.sum,lts__t_sectors_srcunit_tex_aperture_peer_op_atom_dot_alu_lookup_miss.sum,lts__t_sectors_srcunit_tex_aperture_peer_op_atom_dot_cas_lookup_miss.sum,lts__t_sectors_srcunit_tex_aperture_peer_op_read_lookup_miss.sum,lts__t_sectors_srcunit_tex_aperture_peer_op_red_lookup_miss.sum,lts__t_sectors_srcunit_tex_aperture_peer_op_write_lookup_miss.sum,lts__t_sectors_srcunit_tex_aperture_sysmem_lookup_miss.sum,lts__t_sectors_srcunit_tex_aperture_sysmem_op_atom_dot_alu_lookup_miss.sum,lts__t_sectors_srcunit_tex_aperture_sysmem_op_atom_dot_cas_lookup_miss.sum,lts__t_sectors_srcunit_tex_aperture_sysmem_op_read_lookup_miss.sum,lts__t_sectors_srcunit_tex_aperture_sysmem_op_red_lookup_miss.sum,lts__t_sectors_srcunit_tex_aperture_sysmem_op_write_lookup_miss.sum,lts__t_sectors_srcunit_tex_lookup_hit.sum,lts__t_sectors_srcunit_tex_lookup_miss.sum,lts__t_sectors_srcunit_tex_op_atom_dot_alu.avg.pct_of_peak_sustained_elapsed,lts__t_sectors_srcunit_tex_op_atom_dot_alu.avg.peak_sustained,lts__t_sectors_srcunit_tex_op_atom_dot_alu.avg.per_cycle_elapsed,lts__t_sectors_srcunit_tex_op_atom_dot_alu.sum,lts__t_sectors_srcunit_tex_op_atom_dot_alu.sum.per_second,lts__t_sectors_srcunit_tex_op_atom_dot_alu_lookup_hit.sum,lts__t_sectors_srcunit_tex_op_atom_dot_alu_lookup_miss.sum,lts__t_sectors_srcunit_tex_op_atom_dot_cas.avg.pct_of_peak_sustained_elapsed,lts__t_sectors_srcunit_tex_op_atom_dot_cas.avg.peak_sustained,lts__t_sectors_srcunit_tex_op_atom_dot_cas.avg.per_cycle_elapsed,lts__t_sectors_srcunit_tex_op_atom_dot_cas.sum,lts__t_sectors_srcunit_tex_op_atom_dot_cas.sum.per_second,lts__t_sectors_srcunit_tex_op_atom_dot_cas_lookup_hit.sum,lts__t_sectors_srcunit_tex_op_atom_dot_cas_lookup_miss.sum,lts__t_sectors_srcunit_tex_op_read.avg.pct_of_peak_sustained_elapsed,lts__t_sectors_srcunit_tex_op_read.avg.peak_sustained,lts__t_sectors_srcunit_tex_op_read.avg.per_cycle_elapsed,lts__t_sectors_srcunit_tex_op_read.sum,lts__t_sectors_srcunit_tex_op_read.sum.per_second,lts__t_sectors_srcunit_tex_op_read_lookup_hit.sum,lts__t_sectors_srcunit_tex_op_read_lookup_miss.sum,lts__t_sectors_srcunit_tex_op_red.avg.pct_of_peak_sustained_elapsed,lts__t_sectors_srcunit_tex_op_red.avg.peak_sustained,lts__t_sectors_srcunit_tex_op_red.avg.per_cycle_elapsed,lts__t_sectors_srcunit_tex_op_red.sum,lts__t_sectors_srcunit_tex_op_red.sum.per_second,lts__t_sectors_srcunit_tex_op_red_lookup_hit.sum,lts__t_sectors_srcunit_tex_op_red_lookup_miss.sum,lts__t_sectors_srcunit_tex_op_write.avg.pct_of_peak_sustained_elapsed,lts__t_sectors_srcunit_tex_op_write.avg.peak_sustained,lts__t_sectors_srcunit_tex_op_write.avg.per_cycle_elapsed,lts__t_sectors_srcunit_tex_op_write.sum,lts__t_sectors_srcunit_tex_op_write.sum.per_second,lts__t_sectors_srcunit_tex_op_write_lookup_hit.sum,lts__t_sectors_srcunit_tex_op_write_lookup_miss.sum","lts__t_requests.sum,lts__t_requests_srcunit_gcc.sum,lts__t_requests_srcunit_tex.sum,lts__t_requests_srcunit_tex_op_atom_dot_alu.sum,lts__t_requests_srcunit_tex_op_atom_dot_cas.sum,lts__t_requests_srcunit_tex_op_read.sum,lts__t_requests_srcunit_tex_op_red.sum,lts__t_requests_srcunit_tex_op_write.sum,lts__t_sectors.avg.pct_of_peak_sustained_elapsed,lts__t_sectors.avg.peak_sustained,lts__t_sectors.avg.per_cycle_elapsed,lts__t_sectors.sum,lts__t_sectors.sum.per_second,lts__t_sectors_aperture_device_lookup_miss.sum,lts__t_sectors_aperture_peer_lookup_miss.sum,lts__t_sectors_aperture_sysmem_lookup_miss.sum,lts__t_sectors_data_ecc.avg.pct_of_peak_sustained_elapsed,lts__t_sectors_data_ecc.avg.peak_sustained,lts__t_sectors_data_ecc.avg.per_cycle_elapsed,lts__t_sectors_data_ecc.sum,lts__t_sectors_data_ecc.sum.per_second,lts__t_sectors_lookup_hit.sum,lts__t_sectors_lookup_miss.sum,lts__t_sectors_srcunit_gcc.avg.pct_of_peak_sustained_elapsed,lts__t_sectors_srcunit_gcc.avg.peak_sustained,lts__t_sectors_srcunit_gcc.avg.per_cycle_elapsed,lts__t_sectors_srcunit_gcc.sum,lts__t_sectors_srcunit_gcc.sum.per_second,lts__t_sectors_srcunit_gcc_aperture_device_lookup_miss.sum,lts__t_sectors_srcunit_gcc_aperture_peer_lookup_miss.sum,lts__t_sectors_srcunit_gcc_aperture_sysmem_lookup_miss.sum,lts__t_sectors_srcunit_gcc_lookup_hit.sum,lts__t_sectors_srcunit_gcc_lookup_miss.sum,lts__t_sectors_srcunit_tex.avg.pct_of_peak_sustained_elapsed,lts__t_sectors_srcunit_tex.avg.peak_sustained,lts__t_sectors_srcunit_tex.avg.per_cycle_elapsed,lts__t_sectors_srcunit_tex.sum,lts__t_sectors_srcunit_tex.sum.pct_of_peak_sustained_elapsed,lts__t_sectors_srcunit_tex.sum.per_second,lts__t_sectors_srcunit_tex_aperture_device_lookup_miss.sum,lts__t_sectors_srcunit_tex_aperture_device_op_atom_dot_alu_lookup_miss.sum,lts__t_sectors_srcunit_tex_aperture_device_op_atom_dot_cas_lookup_miss.sum,lts__t_sectors_srcunit_tex_aperture_device_op_read_lookup_miss.sum,lts__t_sectors_srcunit_tex_aperture_device_op_red_lookup_miss.sum,lts__t_sectors_srcunit_tex_aperture_device_op_write_lookup_miss.sum,lts__t_sectors_srcunit_tex_aperture_peer_lookup_miss.sum,lts__t_sectors_srcunit_tex_aperture_peer_op_atom_dot_alu_lookup_miss.sum,lts__t_sectors_srcunit_tex_aperture_peer_op_atom_dot_cas_lookup_miss.sum,lts__t_sectors_srcunit_tex_aperture_peer_op_read_lookup_miss.sum,lts__t_sectors_srcunit_tex_aperture_peer_op_red_lookup_miss.sum,lts__t_sectors_srcunit_tex_aperture_peer_op_write_lookup_miss.sum,lts__t_sectors_srcunit_tex_aperture_sysmem_lookup_miss.sum,lts__t_sectors_srcunit_tex_aperture_sysmem_op_atom_dot_alu_lookup_miss.sum,lts__t_sectors_srcunit_tex_aperture_sysmem_op_atom_dot_cas_lookup_miss.sum,lts__t_sectors_srcunit_tex_aperture_sysmem_op_read_lookup_miss.sum,lts__t_sectors_srcunit_tex_aperture_sysmem_op_red_lookup_miss.sum,lts__t_sectors_srcunit_tex_aperture_sysmem_op_write_lookup_miss.sum,lts__t_sectors_srcunit_tex_lookup_hit.sum,lts__t_sectors_srcunit_tex_lookup_miss.sum,lts__t_sectors_srcunit_tex_op_atom_dot_alu.avg.pct_of_peak_sustained_elapsed,lts__t_sectors_srcunit_tex_op_atom_dot_alu.avg.peak_sustained,lts__t_sectors_srcunit_tex_op_atom_dot_alu.avg.per_cycle_elapsed,lts__t_sectors_srcunit_tex_op_atom_dot_alu.sum,lts__t_sectors_srcunit_tex_op_atom_dot_alu.sum.per_second,lts__t_sectors_srcunit_tex_op_atom_dot_alu_lookup_hit.sum,lts__t_sectors_srcunit_tex_op_atom_dot_alu_lookup_miss.sum,lts__t_sectors_srcunit_tex_op_atom_dot_cas.avg.pct_of_peak_sustained_elapsed,lts__t_sectors_srcunit_tex_op_atom_dot_cas.avg.peak_sustained,lts__t_sectors_srcunit_tex_op_atom_dot_cas.avg.per_cycle_elapsed,lts__t_sectors_srcunit_tex_op_atom_dot_cas.sum,lts__t_sectors_srcunit_tex_op_atom_dot_cas.sum.per_second,lts__t_sectors_srcunit_tex_op_atom_dot_cas_lookup_hit.sum,lts__t_sectors_srcunit_tex_op_atom_dot_cas_lookup_miss.sum,lts__t_sectors_srcunit_tex_op_read.avg.pct_of_peak_sustained_elapsed,lts__t_sectors_srcunit_tex_op_read.avg.peak_sustained,lts__t_sectors_srcunit_tex_op_read.avg.per_cycle_elapsed,lts__t_sectors_srcunit_tex_op_read.sum,lts__t_sectors_srcunit_tex_op_read.sum.per_second,lts__t_sectors_srcunit_tex_op_read_lookup_hit.sum,lts__t_sectors_srcunit_tex_op_read_lookup_miss.sum,lts__t_sectors_srcunit_tex_op_red.avg.pct_of_peak_sustained_elapsed,lts__t_sectors_srcunit_tex_op_red.avg.peak_sustained,lts__t_sectors_srcunit_tex_op_red.avg.per_cycle_elapsed,lts__t_sectors_srcunit_tex_op_red.sum,lts__t_sectors_srcunit_tex_op_red.sum.per_second,lts__t_sectors_srcunit_tex_op_red_lookup_hit.sum,lts__t_sectors_srcunit_tex_op_red_lookup_miss.sum,lts__t_sectors_srcunit_tex_op_write.avg.pct_of_peak_sustained_elapsed,lts__t_sectors_srcunit_tex_op_write.avg.peak_sustained,lts__t_sectors_srcunit_tex_op_write.avg.per_cycle_elapsed,lts__t_sectors_srcunit_tex_op_write.sum,lts__t_sectors_srcunit_tex_op_write.sum.per_second,lts__t_sectors_srcunit_tex_op_write_lookup_hit.sum,lts__t_sectors_srcunit_tex_op_write_lookup_miss.sum"
group:memory__shared_table,"l1tex__data_bank_conflicts_pipe_lsu_mem_shared.sum,l1tex__data_bank_conflicts_pipe_lsu_mem_shared_op_atom.sum,l1tex__data_bank_conflicts_pipe_lsu_mem_shared_op_ld.sum,l1tex__data_bank_conflicts_pipe_lsu_mem_shared_op_st.sum,l1tex__data_pipe_lsu_wavefronts_mem_shared.sum,l1tex__data_pipe_lsu_wavefronts_mem_shared.sum.pct_of_peak_sustained_elapsed,l1tex__data_pipe_lsu_wavefronts_mem_shared_op_atom.sum,l1tex__data_pipe_lsu_wavefronts_mem_shared_op_atom.sum.pct_of_peak_sustained_elapsed,l1tex__data_pipe_lsu_wavefronts_mem_shared_op_ld.sum,l1tex__data_pipe_lsu_wavefronts_mem_shared_op_ld.sum.pct_of_peak_sustained_elapsed,l1tex__data_pipe_lsu_wavefronts_mem_shared_op_st.sum,l1tex__data_pipe_lsu_wavefronts_mem_shared_op_st.sum.pct_of_peak_sustained_elapsed,smsp__inst_executed_op_ldgsts.sum,smsp__inst_executed_op_ldsm.sum,smsp__inst_executed_op_shared_atom.sum,smsp__sass_inst_executed_op_shared_ld.sum,smsp__sass_inst_executed_op_shared_st.sum,smsp__sass_l1tex_data_bank_conflicts_pipe_lsu_mem_shared_op_ldgsts.sum,smsp__sass_l1tex_data_bank_conflicts_pipe_lsu_mem_shared_op_st.sum,smsp__sass_l1tex_data_pipe_lsu_wavefronts_mem_shared_op_ldgsts.sum,smsp__sass_l1tex_data_pipe_lsu_wavefronts_mem_shared_op_ldgsts.sum.pct_of_peak_sustained_elapsed,smsp__sass_l1tex_data_pipe_lsu_wavefronts_mem_shared_op_st.sum,smsp__sass_l1tex_data_pipe_lsu_wavefronts_mem_shared_op_st.sum.pct_of_peak_sustained_elapsed","l1tex__data_bank_conflicts_pipe_lsu_mem_shared.sum,l1tex__data_bank_conflicts_pipe_lsu_mem_shared_op_atom.sum,l1tex__data_bank_conflicts_pipe_lsu_mem_shared_op_ld.sum,l1tex__data_bank_conflicts_pipe_lsu_mem_shared_op_st.sum,l1tex__data_pipe_lsu_wavefronts_mem_shared.sum,l1tex__data_pipe_lsu_wavefronts_mem_shared.sum.pct_of_peak_sustained_elapsed,l1tex__data_pipe_lsu_wavefronts_mem_shared_op_atom.sum,l1tex__data_pipe_lsu_wavefronts_mem_shared_op_atom.sum.pct_of_peak_sustained_elapsed,l1tex__data_pipe_lsu_wavefronts_mem_shared_op_ld.sum,l1tex__data_pipe_lsu_wavefronts_mem_shared_op_ld.sum.pct_of_peak_sustained_elapsed,l1tex__data_pipe_lsu_wavefronts_mem_shared_op_st.sum,l1tex__data_pipe_lsu_wavefronts_mem_shared_op_st.sum.pct_of_peak_sustained_elapsed,smsp__inst_executed_op_ldgsts.sum,smsp__inst_executed_op_ldsm.sum,smsp__inst_executed_op_shared_atom.sum,smsp__sass_inst_executed_op_shared_ld.sum,smsp__sass_inst_executed_op_shared_st.sum,smsp__sass_l1tex_data_bank_conflicts_pipe_lsu_mem_shared_op_ldgsts.sum,smsp__sass_l1tex_data_bank_conflicts_pipe_lsu_mem_shared_op_st.sum,smsp__sass_l1tex_data_pipe_lsu_wavefronts_mem_shared_op_ldgsts.sum,smsp__sass_l1tex_data_pipe_lsu_wavefronts_mem_shared_op_ldgsts.sum.pct_of_peak_sustained_elapsed,smsp__sass_l1tex_data_pipe_lsu_wavefronts_mem_shared_op_st.sum,smsp__sass_l1tex_data_pipe_lsu_wavefronts_mem_shared_op_st.sum.pct_of_peak_sustained_elapsed","l1tex__data_bank_conflicts_pipe_lsu_mem_shared.sum,l1tex__data_bank_conflicts_pipe_lsu_mem_shared_op_atom.sum,l1tex__data_bank_conflicts_pipe_lsu_mem_shared_op_ld.sum,l1tex__data_bank_conflicts_pipe_lsu_mem_shared_op_st.sum,l1tex__data_pipe_lsu_wavefronts_mem_shared.sum,l1tex__data_pipe_lsu_wavefronts_mem_shared.sum.pct_of_peak_sustained_elapsed,l1tex__data_pipe_lsu_wavefronts_mem_shared_op_atom.sum,l1tex__data_pipe_lsu_wavefronts_mem_shared_op_atom.sum.pct_of_peak_sustained_elapsed,l1tex__data_pipe_lsu_wavefronts_mem_shared_op_ld.sum,l1tex__data_pipe_lsu_wavefronts_mem_shared_op_ld.sum.pct_of_peak_sustained_elapsed,l1tex__data_pipe_lsu_wavefronts_mem_shared_op_st.sum,l1tex__data_pipe_lsu_wavefronts_mem_shared_op_st.sum.pct_of_peak_sustained_elapsed,smsp__inst_executed_op_ldgsts.sum,smsp__inst_executed_op_ldsm.sum,smsp__inst_executed_op_shared_atom.sum,smsp__sass_inst_executed_op_shared_ld.sum,smsp__sass_inst_executed_op_shared_st.sum,smsp__sass_l1tex_data_bank_conflicts_pipe_lsu_mem_shared_op_ldgsts.sum,smsp__sass_l1tex_data_bank_conflicts_pipe_lsu_mem_shared_op_st.sum,smsp__sass_l1tex_data_pipe_lsu_wavefronts_mem_shared_op_ldgsts.sum,smsp__sass_l1tex_data_pipe_lsu_wavefronts_mem_shared_op_ldgsts.sum.pct_of_peak_sustained_elapsed,smsp__sass_l1tex_data_pipe_lsu_wavefronts_mem_shared_op_st.sum,smsp__sass_l1tex_data_pipe_lsu_wavefronts_mem_shared_op_st.sum.pct_of_peak_sustained_elapsed","l1tex__data_bank_conflicts_pipe_lsu_mem_shared.sum,l1tex__data_bank_conflicts_pipe_lsu_mem_shared_op_atom.sum,l1tex__data_bank_conflicts_pipe_lsu_mem_shared_op_ld.sum,l1tex__data_bank_conflicts_pipe_lsu_mem_shared_op_st.sum,l1tex__data_pipe_lsu_wavefronts_mem_shared.sum,l1tex__data_pipe_lsu_wavefronts_mem_shared.sum.pct_of_peak_sustained_elapsed,l1tex__data_pipe_lsu_wavefronts_mem_shared_op_atom.sum,l1tex__data_pipe_lsu_wavefronts_mem_shared_op_atom.sum.pct_of_peak_sustained_elapsed,l1tex__data_pipe_lsu_wavefronts_mem_shared_op_ld.sum,l1tex__data_pipe_lsu_wavefronts_mem_shared_op_ld.sum.pct_of_peak_sustained_elapsed,l1tex__data_pipe_lsu_wavefronts_mem_shared_op_st.sum,l1tex__data_pipe_lsu_wavefronts_mem_shared_op_st.sum.pct_of_peak_sustained_elapsed,smsp__inst_executed_op_ldgsts.sum,smsp__inst_executed_op_ldsm.sum,smsp__inst_executed_op_shared_atom.sum,smsp__sass_inst_executed_op_shared_ld.sum,smsp__sass_inst_executed_op_shared_st.sum,smsp__sass_l1tex_data_bank_conflicts_pipe_lsu_mem_shared_op_ldgsts.sum,smsp__sass_l1tex_data_bank_conflicts_pipe_lsu_mem_shared_op_st.sum,smsp__sass_l1tex_data_pipe_lsu_wavefronts_mem_shared_op_ldgsts.sum,smsp__sass_l1tex_data_pipe_lsu_wavefronts_mem_shared_op_ldgsts.sum.pct_of_peak_sustained_elapsed,smsp__sass_l1tex_data_pipe_lsu_wavefronts_mem_shared_op_st.sum,smsp__sass_l1tex_data_pipe_lsu_wavefronts_mem_shared_op_st.sum.pct_of_peak_sustained_elapsed"
group:smsp__pcsamp_warp_stall_reasons,"smsp__pcsamp_warps_issue_stalled_barrier,smsp__pcsamp_warps_issue_stalled_branch_resolving,smsp__pcsamp_warps_issue_stalled_dispatch_stall,smsp__pcsamp_warps_issue_stalled_drain,smsp__pcsamp_warps_issue_stalled_imc_miss,smsp__pcsamp_warps_issue_stalled_lg_throttle,smsp__pcsamp_warps_issue_stalled_long_scoreboard,smsp__pcsamp_warps_issue_stalled_math_pipe_throttle,smsp__pcsamp_warps_issue_stalled_membar,smsp__pcsamp_warps_issue_stalled_mio_throttle,smsp__pcsamp_warps_issue_stalled_misc,smsp__pcsamp_warps_issue_stalled_no_instructions,smsp__pcsamp_warps_issue_stalled_not_selected,smsp__pcsamp_warps_issue_stalled_selected,smsp__pcsamp_warps_issue_stalled_short_scoreboard,smsp__pcsamp_warps_issue_stalled_sleeping,smsp__pcsamp_warps_issue_stalled_tex_throttle,smsp__pcsamp_warps_issue_stalled_wait","smsp__pcsamp_warps_issue_stalled_barrier,smsp__pcsamp_warps_issue_stalled_branch_resolving,smsp__pcsamp_warps_issue_stalled_dispatch_stall,smsp__pcsamp_warps_issue_stalled_drain,smsp__pcsamp_warps_issue_stalled_imc_miss,smsp__pcsamp_warps_issue_stalled_lg_throttle,smsp__pcsamp_warps_issue_stalled_long_scoreboard,smsp__pcsamp_warps_issue_stalled_math_pipe_throttle,smsp__pcsamp_warps_issue_stalled_membar,smsp__pcsamp_warps_issue_stalled_mio_throttle,smsp__pcsamp_warps_issue_stalled_misc,smsp__pcsamp_warps_issue_stalled_no_instructions,smsp__pcsamp_warps_issue_stalled_not_selected,smsp__pcsamp_warps_issue_stalled_selected,smsp__pcsamp_warps_issue_stalled_short_scoreboard,smsp__pcsamp_warps_issue_stalled_sleeping,smsp__pcsamp_warps_issue_stalled_tex_throttle,smsp__pcsamp_warps_issue_stalled_wait","smsp__pcsamp_warps_issue_stalled_barrier,smsp__pcsamp_warps_issue_stalled_branch_resolving,smsp__pcsamp_warps_issue_stalled_dispatch_stall,smsp__pcsamp_warps_issue_stalled_drain,smsp__pcsamp_warps_issue_stalled_imc_miss,smsp__pcsamp_warps_issue_stalled_lg_throttle,smsp__pcsamp_warps_issue_stalled_long_scoreboard,smsp__pcsamp_warps_issue_stalled_math_pipe_throttle,smsp__pcsamp_warps_issue_stalled_membar,smsp__pcsamp_warps_issue_stalled_mio_throttle,smsp__pcsamp_warps_issue_stalled_misc,smsp__pcsamp_warps_issue_stalled_no_instructions,smsp__pcsamp_warps_issue_stalled_not_selected,smsp__pcsamp_warps_issue_stalled_selected,smsp__pcsamp_warps_issue_stalled_short_scoreboard,smsp__pcsamp_warps_issue_stalled_sleeping,smsp__pcsamp_warps_issue_stalled_tex_throttle,smsp__pcsamp_warps_issue_stalled_wait","smsp__pcsamp_warps_issue_stalled_barrier,smsp__pcsamp_warps_issue_stalled_branch_resolving,smsp__pcsamp_warps_issue_stalled_dispatch_stall,smsp__pcsamp_warps_issue_stalled_drain,smsp__pcsamp_warps_issue_stalled_imc_miss,smsp__pcsamp_warps_issue_stalled_lg_throttle,smsp__pcsamp_warps_issue_stalled_long_scoreboard,smsp__pcsamp_warps_issue_stalled_math_pipe_throttle,smsp__pcsamp_warps_issue_stalled_membar,smsp__pcsamp_warps_issue_stalled_mio_throttle,smsp__pcsamp_warps_issue_stalled_misc,smsp__pcsamp_warps_issue_stalled_no_instructions,smsp__pcsamp_warps_issue_stalled_not_selected,smsp__pcsamp_warps_issue_stalled_selected,smsp__pcsamp_warps_issue_stalled_short_scoreboard,smsp__pcsamp_warps_issue_stalled_sleeping,smsp__pcsamp_warps_issue_stalled_tex_throttle,smsp__pcsamp_warps_issue_stalled_wait"
group:smsp__pcsamp_warp_stall_reasons_not_issued,"smsp__pcsamp_warps_issue_stalled_barrier_not_issued,smsp__pcsamp_warps_issue_stalled_branch_resolving_not_issued,smsp__pcsamp_warps_issue_stalled_dispatch_stall_not_issued,smsp__pcsamp_warps_issue_stalled_drain_not_issued,smsp__pcsamp_warps_issue_stalled_imc_miss_not_issued,smsp__pcsamp_warps_issue_stalled_lg_throttle_not_issued,smsp__pcsamp_warps_issue_stalled_long_scoreboard_not_issued,smsp__pcsamp_warps_issue_stalled_math_pipe_throttle_not_issued,smsp__pcsamp_warps_issue_stalled_membar_not_issued,smsp__pcsamp_warps_issue_stalled_mio_throttle_not_issued,smsp__pcsamp_warps_issue_stalled_misc_not_issued,smsp__pcsamp_warps_issue_stalled_no_instructions_not_issued,smsp__pcsamp_warps_issue_stalled_not_selected_not_issued,smsp__pcsamp_warps_issue_stalled_selected_not_issued,smsp__pcsamp_warps_issue_stalled_short_scoreboard_not_issued,smsp__pcsamp_warps_issue_stalled_sleeping_not_issued,smsp__pcsamp_warps_issue_stalled_tex_throttle_not_issued,smsp__pcsamp_warps_issue_stalled_wait_not_issued","smsp__pcsamp_warps_issue_stalled_barrier_not_issued,smsp__pcsamp_warps_issue_stalled_branch_resolving_not_issued,smsp__pcsamp_warps_issue_stalled_dispatch_stall_not_issued,smsp__pcsamp_warps_issue_stalled_drain_not_issued,smsp__pcsamp_warps_issue_stalled_imc_miss_not_issued,smsp__pcsamp_warps_issue_stalled_lg_throttle_not_issued,smsp__pcsamp_warps_issue_stalled_long_scoreboard_not_issued,smsp__pcsamp_warps_issue_stalled_math_pipe_throttle_not_issued,smsp__pcsamp_warps_issue_stalled_membar_not_issued,smsp__pcsamp_warps_issue_stalled_mio_throttle_not_issued,smsp__pcsamp_warps_issue_stalled_misc_not_issued,smsp__pcsamp_warps_issue_stalled_no_instructions_not_issued,smsp__pcsamp_warps_issue_stalled_not_selected_not_issued,smsp__pcsamp_warps_issue_stalled_selected_not_issued,smsp__pcsamp_warps_issue_stalled_short_scoreboard_not_issued,smsp__pcsamp_warps_issue_stalled_sleeping_not_issued,smsp__pcsamp_warps_issue_stalled_tex_throttle_not_issued,smsp__pcsamp_warps_issue_stalled_wait_not_issued","smsp__pcsamp_warps_issue_stalled_barrier_not_issued,smsp__pcsamp_warps_issue_stalled_branch_resolving_not_issued,smsp__pcsamp_warps_issue_stalled_dispatch_stall_not_issued,smsp__pcsamp_warps_issue_stalled_drain_not_issued,smsp__pcsamp_warps_issue_stalled_imc_miss_not_issued,smsp__pcsamp_warps_issue_stalled_lg_throttle_not_issued,smsp__pcsamp_warps_issue_stalled_long_scoreboard_not_issued,smsp__pcsamp_warps_issue_stalled_math_pipe_throttle_not_issued,smsp__pcsamp_warps_issue_stalled_membar_not_issued,smsp__pcsamp_warps_issue_stalled_mio_throttle_not_issued,smsp__pcsamp_warps_issue_stalled_misc_not_issued,smsp__pcsamp_warps_issue_stalled_no_instructions_not_issued,smsp__pcsamp_warps_issue_stalled_not_selected_not_issued,smsp__pcsamp_warps_issue_stalled_selected_not_issued,smsp__pcsamp_warps_issue_stalled_short_scoreboard_not_issued,smsp__pcsamp_warps_issue_stalled_sleeping_not_issued,smsp__pcsamp_warps_issue_stalled_tex_throttle_not_issued,smsp__pcsamp_warps_issue_stalled_wait_not_issued","smsp__pcsamp_warps_issue_stalled_barrier_not_issued,smsp__pcsamp_warps_issue_stalled_branch_resolving_not_issued,smsp__pcsamp_warps_issue_stalled_dispatch_stall_not_issued,smsp__pcsamp_warps_issue_stalled_drain_not_issued,smsp__pcsamp_warps_issue_stalled_imc_miss_not_issued,smsp__pcsamp_warps_issue_stalled_lg_throttle_not_issued,smsp__pcsamp_warps_issue_stalled_long_scoreboard_not_issued,smsp__pcsamp_warps_issue_stalled_math_pipe_throttle_not_issued,smsp__pcsamp_warps_issue_stalled_membar_not_issued,smsp__pcsamp_warps_issue_stalled_mio_throttle_not_issued,smsp__pcsamp_warps_issue_stalled_misc_not_issued,smsp__pcsamp_warps_issue_stalled_no_instructions_not_issued,smsp__pcsamp_warps_issue_stalled_not_selected_not_issued,smsp__pcsamp_warps_issue_stalled_selected_not_issued,smsp__pcsamp_warps_issue_stalled_short_scoreboard_not_issued,smsp__pcsamp_warps_issue_stalled_sleeping_not_issued,smsp__pcsamp_warps_issue_stalled_tex_throttle_not_issued,smsp__pcsamp_warps_issue_stalled_wait_not_issued"
group:smsp__pmwarpsamp_warp_stall_reasons,"warpsampling:smsp__pcsamp_warps_issue_stalled_barrier,warpsampling:smsp__pcsamp_warps_issue_stalled_branch_resolving,warpsampling:smsp__pcsamp_warps_issue_stalled_dispatch_stall,warpsampling:smsp__pcsamp_warps_issue_stalled_drain,warpsampling:smsp__pcsamp_warps_issue_stalled_imc_miss,warpsampling:smsp__pcsamp_warps_issue_stalled_lg_throttle,warpsampling:smsp__pcsamp_warps_issue_stalled_long_scoreboard,warpsampling:smsp__pcsamp_warps_issue_stalled_math_pipe_throttle,warpsampling:smsp__pcsamp_warps_issue_stalled_membar,warpsampling:smsp__pcsamp_warps_issue_stalled_mio_throttle,warpsampling:smsp__pcsamp_warps_issue_stalled_misc,warpsampling:smsp__pcsamp_warps_issue_stalled_no_instructions,warpsampling:smsp__pcsamp_warps_issue_stalled_not_selected,warpsampling:smsp__pcsamp_warps_issue_stalled_selected,warpsampling:smsp__pcsamp_warps_issue_stalled_short_scoreboard,warpsampling:smsp__pcsamp_warps_issue_stalled_sleeping,warpsampling:smsp__pcsamp_warps_issue_stalled_tex_throttle,warpsampling:smsp__pcsamp_warps_issue_stalled_wait","warpsampling:smsp__pcsamp_warps_issue_stalled_barrier,warpsampling:smsp__pcsamp_warps_issue_stalled_branch_resolving,warpsampling:smsp__pcsamp_warps_issue_stalled_dispatch_stall,warpsampling:smsp__pcsamp_warps_issue_stalled_drain,warpsampling:smsp__pcsamp_warps_issue_stalled_imc_miss,warpsampling:smsp__pcsamp_warps_issue_stalled_lg_throttle,warpsampling:smsp__pcsamp_warps_issue_stalled_long_scoreboard,warpsampling:smsp__pcsamp_warps_issue_stalled_math_pipe_throttle,warpsampling:smsp__pcsamp_warps_issue_stalled_membar,warpsampling:smsp__pcsamp_warps_issue_stalled_mio_throttle,warpsampling:smsp__pcsamp_warps_issue_stalled_misc,warpsampling:smsp__pcsamp_warps_issue_stalled_no_instructions,warpsampling:smsp__pcsamp_warps_issue_stalled_not_selected,warpsampling:smsp__pcsamp_warps_issue_stalled_selected,warpsampling:smsp__pcsamp_warps_issue_stalled_short_scoreboard,warpsampling:smsp__pcsamp_warps_issue_stalled_sleeping,warpsampling:smsp__pcsamp_warps_issue_stalled_tex_throttle,warpsampling:smsp__pcsamp_warps_issue_stalled_wait","warpsampling:smsp__pcsamp_warps_issue_stalled_barrier,warpsampling:smsp__pcsamp_warps_issue_stalled_branch_resolving,warpsampling:smsp__pcsamp_warps_issue_stalled_dispatch_stall,warpsampling:smsp__pcsamp_warps_issue_stalled_drain,warpsampling:smsp__pcsamp_warps_issue_stalled_imc_miss,warpsampling:smsp__pcsamp_warps_issue_stalled_lg_throttle,warpsampling:smsp__pcsamp_warps_issue_stalled_long_scoreboard,warpsampling:smsp__pcsamp_warps_issue_stalled_math_pipe_throttle,warpsampling:smsp__pcsamp_warps_issue_stalled_membar,warpsampling:smsp__pcsamp_warps_issue_stalled_mio_throttle,warpsampling:smsp__pcsamp_warps_issue_stalled_misc,warpsampling:smsp__pcsamp_warps_issue_stalled_no_instructions,warpsampling:smsp__pcsamp_warps_issue_stalled_not_selected,warpsampling:smsp__pcsamp_warps_issue_stalled_selected,warpsampling:smsp__pcsamp_warps_issue_stalled_short_scoreboard,warpsampling:smsp__pcsamp_warps_issue_stalled_sleeping,warpsampling:smsp__pcsamp_warps_issue_stalled_tex_throttle,warpsampling:smsp__pcsamp_warps_issue_stalled_wait","warpsampling:smsp__pcsamp_warps_issue_stalled_barrier,warpsampling:smsp__pcsamp_warps_issue_stalled_branch_resolving,warpsampling:smsp__pcsamp_warps_issue_stalled_dispatch_stall,warpsampling:smsp__pcsamp_warps_issue_stalled_drain,warpsampling:smsp__pcsamp_warps_issue_stalled_imc_miss,warpsampling:smsp__pcsamp_warps_issue_stalled_lg_throttle,warpsampling:smsp__pcsamp_warps_issue_stalled_long_scoreboard,warpsampling:smsp__pcsamp_warps_issue_stalled_math_pipe_throttle,warpsampling:smsp__pcsamp_warps_issue_stalled_membar,warpsampling:smsp__pcsamp_warps_issue_stalled_mio_throttle,warpsampling:smsp__pcsamp_warps_issue_stalled_misc,warpsampling:smsp__pcsamp_warps_issue_stalled_no_instructions,warpsampling:smsp__pcsamp_warps_issue_stalled_not_selected,warpsampling:smsp__pcsamp_warps_issue_stalled_selected,warpsampling:smsp__pcsamp_warps_issue_stalled_short_scoreboard,warpsampling:smsp__pcsamp_warps_issue_stalled_sleeping,warpsampling:smsp__pcsamp_warps_issue_stalled_tex_throttle,warpsampling:smsp__pcsamp_warps_issue_stalled_wait"
idc__request_cycles_active.avg.pct_of_peak_sustained_elapsed [%],0,0,0,0
idc__request_cycles_active.max.pct_of_peak_sustained_elapsed [%],0,0,0,0
idc__request_cycles_active.min.pct_of_peak_sustained_elapsed [%],0,0,0,0
idc__request_cycles_active.sum.pct_of_peak_sustained_elapsed [%],0,0,0,0
idc__request_hit_rate.pct [%],0,0,0,0
idc__requests.sum,0,0,0,0
idc__requests.sum.pct_of_peak_sustained_elapsed [%],0,0,0,0
inst_executed [inst],"99,840 {15}","99,840 {15}","99,840 {15}","3,79,184 {524}"
l1tex__cycles_active.avg [cycle],"12,423.70","12,504.05","12,342.40","17,235.35"
l1tex__cycles_active.max [cycle],"12,834","13,004","12,735","17,595"
l1tex__cycles_active.min [cycle],"11,471","11,969","11,753","16,839"
l1tex__cycles_active.sum [cycle],"2,48,474","2,50,081","2,46,848","3,44,707"
l1tex__cycles_elapsed.avg [cycle],"14,824.30","15,009.20","14,760.70","19,568.10"
l1tex__cycles_elapsed.avg.per_second [Ghz],2.12,2.11,2.11,2.10
l1tex__cycles_elapsed.max [cycle],"14,842","15,026","14,776","19,617"
l1tex__cycles_elapsed.max.per_second [Ghz],2.12,2.12,2.11,2.11
l1tex__cycles_elapsed.min [cycle],"14,809","14,996","14,748","19,522"
l1tex__cycles_elapsed.min.per_second [Ghz],2.11,2.11,2.10,2.10
l1tex__cycles_elapsed.sum [cycle],"2,96,486","3,00,184","2,95,214","3,91,362"
l1tex__cycles_elapsed.sum.per_second [Ghz],42.31,42.26,42.13,42.03
l1tex__data_bank_conflicts_pipe_lsu_mem_shared.sum,0,0,0,"35,776"
l1tex__data_bank_conflicts_pipe_lsu_mem_shared_op_atom.sum,0,0,0,0
l1tex__data_bank_conflicts_pipe_lsu_mem_shared_op_ld.sum,0,0,0,"31,616"
l1tex__data_bank_conflicts_pipe_lsu_mem_shared_op_st.sum,0,0,0,"4,160"
l1tex__data_bank_reads.avg.pct_of_peak_sustained_elapsed [%],1.83,1.81,1.84,3.79
l1tex__data_bank_reads.max.pct_of_peak_sustained_elapsed [%],1.90,1.91,2.00,4.03
l1tex__data_bank_reads.min.pct_of_peak_sustained_elapsed [%],1.74,1.68,1.74,3.63
l1tex__data_bank_reads.sum.pct_of_peak_sustained_elapsed [%],1.83,1.81,1.84,3.79
l1tex__data_bank_writes.avg.pct_of_peak_sustained_elapsed [%],1.68,1.66,1.69,2.19
l1tex__data_bank_writes.max.pct_of_peak_sustained_elapsed [%],1.74,1.76,1.83,2.32
l1tex__data_bank_writes.min.pct_of_peak_sustained_elapsed [%],1.62,1.56,1.59,2.11
l1tex__data_bank_writes.sum.pct_of_peak_sustained_elapsed [%],1.68,1.66,1.69,2.19
l1tex__data_pipe_lsu_wavefronts.avg.pct_of_peak_sustained_elapsed [%],7.28,7.24,7.27,42.80
l1tex__data_pipe_lsu_wavefronts.max.pct_of_peak_sustained_elapsed [%],7.77,7.78,7.82,45.43
l1tex__data_pipe_lsu_wavefronts.min.pct_of_peak_sustained_elapsed [%],6.95,6.64,6.90,40.98
l1tex__data_pipe_lsu_wavefronts.sum.pct_of_peak_sustained_elapsed [%],7.28,7.24,7.27,42.80
l1tex__data_pipe_lsu_wavefronts_mem_shared.sum,"6,656","6,656","6,656","73,560"
l1tex__data_pipe_lsu_wavefronts_mem_shared.sum.pct_of_peak_sustained_elapsed [%],2.24,2.22,2.25,18.80
l1tex__data_pipe_lsu_wavefronts_mem_shared_op_atom.sum,0,0,0,0
l1tex__data_pipe_lsu_wavefronts_mem_shared_op_atom.sum.pct_of_peak_sustained_elapsed [%],0,0,0,0
l1tex__data_pipe_lsu_wavefronts_mem_shared_op_ld.sum,0,0,0,"45,483"
l1tex__data_pipe_lsu_wavefronts_mem_shared_op_ld.sum.pct_of_peak_sustained_elapsed [%],0,0,0,11.62
l1tex__data_pipe_lsu_wavefronts_mem_shared_op_st.sum,0,0,0,"14,560"
l1tex__data_pipe_lsu_wavefronts_mem_shared_op_st.sum.pct_of_peak_sustained_elapsed [%],0,0,0,3.72
l1tex__data_pipe_tex_wavefronts.avg.pct_of_peak_sustained_elapsed [%],0,0,0,0
l1tex__data_pipe_tex_wavefronts.max.pct_of_peak_sustained_elapsed [%],0,0,0,0
l1tex__data_pipe_tex_wavefronts.min.pct_of_peak_sustained_elapsed [%],0,0,0,0
l1tex__data_pipe_tex_wavefronts.sum.pct_of_peak_sustained_elapsed [%],0,0,0,0
l1tex__f_wavefronts.avg.pct_of_peak_sustained_elapsed [%],0,0,0,0
l1tex__f_wavefronts.max.pct_of_peak_sustained_elapsed [%],0,0,0,0
l1tex__f_wavefronts.min.pct_of_peak_sustained_elapsed [%],0,0,0,0
l1tex__f_wavefronts.sum.pct_of_peak_sustained_elapsed [%],0,0,0,0
l1tex__lsu_writeback_active.avg.pct_of_peak_sustained_elapsed [%],4.49,4.43,4.51,11.46
l1tex__lsu_writeback_active.max.pct_of_peak_sustained_elapsed [%],4.75,4.58,4.77,12.01
l1tex__lsu_writeback_active.min.pct_of_peak_sustained_elapsed [%],4.21,4.16,4.23,11.04
l1tex__lsu_writeback_active.sum.pct_of_peak_sustained_elapsed [%],4.49,4.43,4.51,11.46
l1tex__lsu_writeback_active_mem_lg.avg.peak_sustained,1,1,1,1
l1tex__lsu_writeback_active_mem_lg.avg.per_second [Mhz],94.98,93.69,94.98,146.61
l1tex__lsu_writeback_active_mem_lg.max.peak_sustained,1,1,1,1
l1tex__lsu_writeback_active_mem_lg.max.per_second [Mhz],100.46,99.10,100.46,157.75
l1tex__lsu_writeback_active_mem_lg.min.peak_sustained,1,1,1,1
l1tex__lsu_writeback_active_mem_lg.min.per_second [Mhz],89.04,87.84,89.04,139.50
l1tex__lsu_writeback_active_mem_lg.sum [cycle],"13,312","13,312","13,312","27,305"
l1tex__lsu_writeback_active_mem_lg.sum.pct_of_peak_sustained_elapsed [%],4.49,4.43,4.51,6.98
l1tex__lsu_writeback_active_mem_lg.sum.peak_sustained,20,20,20,20
l1tex__lsu_writeback_active_mem_lg.sum.per_second [Ghz],1.90,1.87,1.90,2.93
l1tex__lsuin_requests.avg.pct_of_peak_sustained_elapsed [%],13.47,13.30,13.53,24.87
l1tex__lsuin_requests.max.pct_of_peak_sustained_elapsed [%],13.92,14.07,14.31,26.31
l1tex__lsuin_requests.min.pct_of_peak_sustained_elapsed [%],12.63,12.47,12.68,23.92
l1tex__lsuin_requests.sum.pct_of_peak_sustained_elapsed [%],13.47,13.30,13.53,24.87
l1tex__m_l1tex2xbar_req_cycles_active.avg.pct_of_peak_sustained_elapsed [%],5.72,5.65,5.75,8.20
l1tex__m_l1tex2xbar_req_cycles_active.max.pct_of_peak_sustained_elapsed [%],6.08,5.82,6.11,8.73
l1tex__m_l1tex2xbar_req_cycles_active.min.pct_of_peak_sustained_elapsed [%],5.38,5.28,5.38,7.82
l1tex__m_l1tex2xbar_req_cycles_active.sum.pct_of_peak_sustained_elapsed [%],5.72,5.65,5.75,8.20
l1tex__m_l1tex2xbar_write_bytes.sum [Kbyte],425.98,425.98,425.98,851.97
l1tex__m_l1tex2xbar_write_bytes.sum.pct_of_peak_sustained_elapsed [%],4.49,4.43,4.51,6.80
l1tex__m_l1tex2xbar_write_bytes.sum.per_second [Gbyte/s],60.79,59.96,60.79,91.49
l1tex__m_l1tex2xbar_write_sectors_mem_global_op_atom.sum [sector],0,0,0,0
l1tex__m_l1tex2xbar_write_sectors_mem_global_op_atom.sum.pct_of_peak_sustained_elapsed [%],0,0,0,0
l1tex__m_l1tex2xbar_write_sectors_mem_global_op_red.sum [sector],0,0,0,0
l1tex__m_l1tex2xbar_write_sectors_mem_global_op_red.sum.pct_of_peak_sustained_elapsed [%],0,0,0,0
l1tex__m_l1tex2xbar_write_sectors_mem_lg_op_st.sum [sector],"13,312","13,312","13,312","26,624"
l1tex__m_l1tex2xbar_write_sectors_mem_lg_op_st.sum.pct_of_peak_sustained_elapsed [%],4.49,4.43,4.51,6.80
l1tex__m_l1tex2xbar_write_sectors_mem_surface_op_atom.sum [sector],0,0,0,0
l1tex__m_l1tex2xbar_write_sectors_mem_surface_op_atom.sum.pct_of_peak_sustained_elapsed [%],0,0,0,0
l1tex__m_l1tex2xbar_write_sectors_mem_surface_op_red.sum [sector],0,0,0,0
l1tex__m_l1tex2xbar_write_sectors_mem_surface_op_red.sum.pct_of_peak_sustained_elapsed [%],0,0,0,0
l1tex__m_l1tex2xbar_write_sectors_mem_surface_op_st.sum [sector],0,0,0,0
l1tex__m_l1tex2xbar_write_sectors_mem_surface_op_st.sum.pct_of_peak_sustained_elapsed [%],0,0,0,0
l1tex__m_xbar2l1tex_read_bytes.sum [Kbyte],851.97,851.97,851.97,518.91
l1tex__m_xbar2l1tex_read_bytes.sum.pct_of_peak_sustained_elapsed [%],8.98,8.87,9.02,4.14
l1tex__m_xbar2l1tex_read_bytes.sum.per_second [Gbyte/s],121.57,119.93,121.57,55.73
l1tex__m_xbar2l1tex_read_sectors.avg.pct_of_peak_sustained_elapsed [%],8.98,8.87,9.02,4.14
l1tex__m_xbar2l1tex_read_sectors.max.pct_of_peak_sustained_elapsed [%],9.50,9.38,9.54,4.36
l1tex__m_xbar2l1tex_read_sectors.min.pct_of_peak_sustained_elapsed [%],8.20,8.10,8.67,3.99
l1tex__m_xbar2l1tex_read_sectors.sum.pct_of_peak_sustained_elapsed [%],8.98,8.87,9.02,4.14
l1tex__m_xbar2l1tex_read_sectors_mem_global_op_atom.sum [sector],0,0,0,0
l1tex__m_xbar2l1tex_read_sectors_mem_global_op_atom.sum.pct_of_peak_sustained_elapsed [%],0,0,0,0
l1tex__m_xbar2l1tex_read_sectors_mem_lg_op_ld.sum [sector],"26,624","26,624","26,624","16,248"
l1tex__m_xbar2l1tex_read_sectors_mem_lg_op_ld.sum.pct_of_peak_sustained_elapsed [%],8.98,8.87,9.02,4.15
l1tex__m_xbar2l1tex_read_sectors_mem_surface_op_atom.sum [sector],0,0,0,0
l1tex__m_xbar2l1tex_read_sectors_mem_surface_op_atom.sum.pct_of_peak_sustained_elapsed [%],0,0,0,0
l1tex__m_xbar2l1tex_read_sectors_mem_surface_op_ld.sum [sector],0,0,0,0
l1tex__m_xbar2l1tex_read_sectors_mem_surface_op_ld.sum.pct_of_peak_sustained_elapsed [%],0,0,0,0
l1tex__m_xbar2l1tex_read_sectors_mem_texture.sum [sector],0,0,0,0
l1tex__m_xbar2l1tex_read_sectors_mem_texture.sum.pct_of_peak_sustained_elapsed [%],0,0,0,0
l1tex__t_output_wavefronts_pipe_lsu_mem_global_op_atom.sum,0,0,0,0
l1tex__t_output_wavefronts_pipe_lsu_mem_global_op_atom.sum.pct_of_peak_sustained_elapsed [%],0,0,0,0
l1tex__t_output_wavefronts_pipe_lsu_mem_global_op_ld.sum,"6,656","6,656","6,656","23,296"
l1tex__t_output_wavefronts_pipe_lsu_mem_global_op_ld.sum.pct_of_peak_sustained_elapsed [%],2.24,2.22,2.25,5.95
l1tex__t_output_wavefronts_pipe_lsu_mem_global_op_red.sum,0,0,0,0
l1tex__t_output_wavefronts_pipe_lsu_mem_global_op_red.sum.pct_of_peak_sustained_elapsed [%],0,0,0,0
l1tex__t_output_wavefronts_pipe_lsu_mem_global_op_st.sum,"6,656","6,656","6,656","6,714"
l1tex__t_output_wavefronts_pipe_lsu_mem_global_op_st.sum.pct_of_peak_sustained_elapsed [%],2.24,2.22,2.25,1.72
l1tex__t_output_wavefronts_pipe_lsu_mem_local_op_ld.sum,0,0,0,0
l1tex__t_output_wavefronts_pipe_lsu_mem_local_op_ld.sum.pct_of_peak_sustained_elapsed [%],0,0,0,0
l1tex__t_output_wavefronts_pipe_lsu_mem_local_op_st.sum,0,0,0,0
l1tex__t_output_wavefronts_pipe_lsu_mem_local_op_st.sum.pct_of_peak_sustained_elapsed [%],0,0,0,0
l1tex__t_output_wavefronts_pipe_tex_mem_surface_op_atom.sum,0,0,0,0
l1tex__t_output_wavefronts_pipe_tex_mem_surface_op_atom.sum.pct_of_peak_sustained_elapsed [%],0,0,0,0
l1tex__t_output_wavefronts_pipe_tex_mem_surface_op_ld.sum,0,0,0,0
l1tex__t_output_wavefronts_pipe_tex_mem_surface_op_ld.sum.pct_of_peak_sustained_elapsed [%],0,0,0,0
l1tex__t_output_wavefronts_pipe_tex_mem_surface_op_red.sum,0,0,0,0
l1tex__t_output_wavefronts_pipe_tex_mem_surface_op_red.sum.pct_of_peak_sustained_elapsed [%],0,0,0,0
l1tex__t_output_wavefronts_pipe_tex_mem_surface_op_st.sum,0,0,0,0
l1tex__t_output_wavefronts_pipe_tex_mem_surface_op_st.sum.pct_of_peak_sustained_elapsed [%],0,0,0,0
l1tex__t_output_wavefronts_pipe_tex_mem_texture.sum,0,0,0,0
l1tex__t_output_wavefronts_pipe_tex_mem_texture.sum.pct_of_peak_sustained_elapsed [%],0,0,0,0
l1tex__t_requests_pipe_lsu_mem_global_op_atom.sum,0,0,0,0
l1tex__t_requests_pipe_lsu_mem_global_op_atom.sum.pct_of_peak_sustained_elapsed [%],0,0,0,0
l1tex__t_requests_pipe_lsu_mem_global_op_ld.sum,"6,656","6,656","6,656","16,640"
l1tex__t_requests_pipe_lsu_mem_global_op_ld.sum.pct_of_peak_sustained_elapsed [%],2.24,2.22,2.25,4.25
l1tex__t_requests_pipe_lsu_mem_global_op_red.sum,0,0,0,0
l1tex__t_requests_pipe_lsu_mem_global_op_red.sum.pct_of_peak_sustained_elapsed [%],0,0,0,0
l1tex__t_requests_pipe_lsu_mem_global_op_st.sum,"6,656","6,656","6,656","3,328"
l1tex__t_requests_pipe_lsu_mem_global_op_st.sum.pct_of_peak_sustained_elapsed [%],2.24,2.22,2.25,0.85
l1tex__t_requests_pipe_lsu_mem_local_op_ld.sum,0,0,0,0
l1tex__t_requests_pipe_lsu_mem_local_op_ld.sum.pct_of_peak_sustained_elapsed [%],0,0,0,0
l1tex__t_requests_pipe_lsu_mem_local_op_st.sum,0,0,0,0
l1tex__t_requests_pipe_lsu_mem_local_op_st.sum.pct_of_peak_sustained_elapsed [%],0,0,0,0
l1tex__t_requests_pipe_tex_mem_surface_op_atom.sum,0,0,0,0
l1tex__t_requests_pipe_tex_mem_surface_op_atom.sum.pct_of_peak_sustained_elapsed [%],0,0,0,0
l1tex__t_requests_pipe_tex_mem_surface_op_ld.sum,0,0,0,0
l1tex__t_requests_pipe_tex_mem_surface_op_ld.sum.pct_of_peak_sustained_elapsed [%],0,0,0,0
l1tex__t_requests_pipe_tex_mem_surface_op_red.sum,0,0,0,0
l1tex__t_requests_pipe_tex_mem_surface_op_red.sum.pct_of_peak_sustained_elapsed [%],0,0,0,0
l1tex__t_requests_pipe_tex_mem_surface_op_st.sum,0,0,0,0
l1tex__t_requests_pipe_tex_mem_surface_op_st.sum.pct_of_peak_sustained_elapsed [%],0,0,0,0
l1tex__t_requests_pipe_tex_mem_texture.sum,0,0,0,0
l1tex__t_requests_pipe_tex_mem_texture.sum.pct_of_peak_sustained_elapsed [%],0,0,0,0
l1tex__t_sector_hit_rate.pct [%],11.64,12.00,11.59,72.62
l1tex__t_sector_pipe_lsu_mem_global_op_atom_hit_rate.pct [%],0,0,0,0
l1tex__t_sector_pipe_lsu_mem_global_op_ld_hit_rate.pct [%],0,0,0,76.80
l1tex__t_sector_pipe_lsu_mem_global_op_red_hit_rate.pct [%],0,0,0,0
l1tex__t_sector_pipe_lsu_mem_global_op_st_hit_rate.pct [%],35.61,35.23,34.39,63.26
l1tex__t_sector_pipe_lsu_mem_local_op_ld_hit_rate.pct [%],0,0,0,0
l1tex__t_sector_pipe_lsu_mem_local_op_st_hit_rate.pct [%],0,0,0,0
l1tex__t_sector_pipe_tex_mem_surface_op_atom_hit_rate.pct [%],0,0,0,0
l1tex__t_sector_pipe_tex_mem_surface_op_ld_hit_rate.pct [%],0,0,0,0
l1tex__t_sector_pipe_tex_mem_surface_op_red_hit_rate.pct [%],0,0,0,0
l1tex__t_sector_pipe_tex_mem_surface_op_st_hit_rate.pct [%],0,0,0,0
l1tex__t_sector_pipe_tex_mem_texture_op_tex_hit_rate.pct [%],0,0,0,0
l1tex__t_sectors.avg [sector],"1,996.80","1,996.80","1,996.80","4,825.60"
l1tex__t_sectors.max [sector],"2,124","2,112","2,156","5,226"
l1tex__t_sectors.min [sector],"1,862","1,862","1,848","4,467"
l1tex__t_sectors.sum [sector],"39,936","39,936","39,936","96,512"
l1tex__t_sectors_pipe_lsu_mem_global_op_atom.sum [sector],0,0,0,0
l1tex__t_sectors_pipe_lsu_mem_global_op_atom_lookup_hit.sum [sector],0,0,0,0
l1tex__t_sectors_pipe_lsu_mem_global_op_atom_lookup_miss.sum [sector],0,0,0,0
l1tex__t_sectors_pipe_lsu_mem_global_op_ld.sum [sector],"26,624","26,624","26,624","69,888"
l1tex__t_sectors_pipe_lsu_mem_global_op_ld_lookup_hit.sum [sector],0,0,0,"53,672"
l1tex__t_sectors_pipe_lsu_mem_global_op_ld_lookup_miss.sum [sector],"26,624","26,624","26,624","16,216"
l1tex__t_sectors_pipe_lsu_mem_global_op_red.sum [sector],0,0,0,0
l1tex__t_sectors_pipe_lsu_mem_global_op_red_lookup_hit.sum [sector],0,0,0,0
l1tex__t_sectors_pipe_lsu_mem_global_op_red_lookup_miss.sum [sector],0,0,0,0
l1tex__t_sectors_pipe_lsu_mem_global_op_st.sum [sector],"13,312","13,312","13,312","26,624"
l1tex__t_sectors_pipe_lsu_mem_global_op_st_lookup_hit.sum [sector],"4,740","4,690","4,578","16,843"
l1tex__t_sectors_pipe_lsu_mem_global_op_st_lookup_miss.sum [sector],"8,572","8,622","8,734","9,781"
l1tex__t_sectors_pipe_lsu_mem_local_op_ld.avg.per_second [sector/s],0,0,0,0
l1tex__t_sectors_pipe_lsu_mem_local_op_ld.max.per_second [sector/s],0,0,0,0
l1tex__t_sectors_pipe_lsu_mem_local_op_ld.min.per_second [sector/s],0,0,0,0
l1tex__t_sectors_pipe_lsu_mem_local_op_ld.sum [sector],0,0,0,0
l1tex__t_sectors_pipe_lsu_mem_local_op_ld.sum.per_second [sector/s],0,0,0,0
l1tex__t_sectors_pipe_lsu_mem_local_op_ld_lookup_hit.sum [sector],0,0,0,0
l1tex__t_sectors_pipe_lsu_mem_local_op_ld_lookup_miss.sum [sector],0,0,0,0
l1tex__t_sectors_pipe_lsu_mem_local_op_st.avg.per_second [sector/s],0,0,0,0
l1tex__t_sectors_pipe_lsu_mem_local_op_st.max.per_second [sector/s],0,0,0,0
l1tex__t_sectors_pipe_lsu_mem_local_op_st.min.per_second [sector/s],0,0,0,0
l1tex__t_sectors_pipe_lsu_mem_local_op_st.sum [sector],0,0,0,0
l1tex__t_sectors_pipe_lsu_mem_local_op_st.sum.per_second [sector/s],0,0,0,0
l1tex__t_sectors_pipe_lsu_mem_local_op_st_lookup_hit.sum [sector],0,0,0,0
l1tex__t_sectors_pipe_lsu_mem_local_op_st_lookup_miss.sum [sector],0,0,0,0
l1tex__t_sectors_pipe_tex_mem_surface_op_atom.sum [sector],0,0,0,0
l1tex__t_sectors_pipe_tex_mem_surface_op_atom_lookup_hit.sum [sector],0,0,0,0
l1tex__t_sectors_pipe_tex_mem_surface_op_atom_lookup_miss.sum [sector],0,0,0,0
l1tex__t_sectors_pipe_tex_mem_surface_op_ld.sum [sector],0,0,0,0
l1tex__t_sectors_pipe_tex_mem_surface_op_ld_lookup_hit.sum [sector],0,0,0,0
l1tex__t_sectors_pipe_tex_mem_surface_op_ld_lookup_miss.sum [sector],0,0,0,0
l1tex__t_sectors_pipe_tex_mem_surface_op_red.sum [sector],0,0,0,0
l1tex__t_sectors_pipe_tex_mem_surface_op_red_lookup_hit.sum [sector],0,0,0,0
l1tex__t_sectors_pipe_tex_mem_surface_op_red_lookup_miss.sum [sector],0,0,0,0
l1tex__t_sectors_pipe_tex_mem_surface_op_st.sum [sector],0,0,0,0
l1tex__t_sectors_pipe_tex_mem_surface_op_st_lookup_hit.sum [sector],0,0,0,0
l1tex__t_sectors_pipe_tex_mem_surface_op_st_lookup_miss.sum [sector],0,0,0,0
l1tex__t_sectors_pipe_tex_mem_texture.sum [sector],0,0,0,0
l1tex__t_sectors_pipe_tex_mem_texture_lookup_hit.sum [sector],0,0,0,0
l1tex__t_sectors_pipe_tex_mem_texture_lookup_miss.sum [sector],0,0,0,0
l1tex__tex_writeback_active.avg.pct_of_peak_sustained_elapsed [%],0,0,0,0
l1tex__tex_writeback_active.max.pct_of_peak_sustained_elapsed [%],0,0,0,0
l1tex__tex_writeback_active.min.pct_of_peak_sustained_elapsed [%],0,0,0,0
l1tex__tex_writeback_active.sum [cycle],0,0,0,0
l1tex__tex_writeback_active.sum.pct_of_peak_sustained_elapsed [%],0,0,0,0
l1tex__texin_sm2tex_req_cycles_active.avg.pct_of_peak_sustained_elapsed [%],0.08,0.08,0.08,0.27
l1tex__texin_sm2tex_req_cycles_active.max.pct_of_peak_sustained_elapsed [%],0.08,0.08,0.08,0.29
l1tex__texin_sm2tex_req_cycles_active.min.pct_of_peak_sustained_elapsed [%],0.08,0.08,0.08,0.27
l1tex__texin_sm2tex_req_cycles_active.sum.pct_of_peak_sustained_elapsed [%],0.08,0.08,0.08,0.27
l1tex__throughput.avg.pct_of_peak_sustained_active [%],16.07,15.97,16.18,48.59
l1tex__throughput.avg.pct_of_peak_sustained_elapsed [%],13.47,13.30,13.53,42.80
l1tex__throughput.max.pct_of_peak_sustained_active [%],16.61,16.89,17.11,51.58
l1tex__throughput.max.pct_of_peak_sustained_elapsed [%],13.92,14.07,14.31,45.43
l1tex__throughput.min.pct_of_peak_sustained_active [%],15.07,14.97,15.17,46.53
l1tex__throughput.min.pct_of_peak_sustained_elapsed [%],12.63,12.47,12.68,40.98
l1tex__throughput.sum.pct_of_peak_sustained_active [%],16.07,15.97,16.18,48.59
l1tex__throughput.sum.pct_of_peak_sustained_elapsed [%],13.47,13.30,13.53,42.80
launch__barrier_count,0,0,0,1
launch__block_dim_x [block],256,256,256,32
launch__block_dim_y [block],1,1,1,4
launch__block_dim_z [block],1,1,1,1
launch__block_size,256,256,256,128
launch__context_id,1,1,1,1
launch__device_id,0,0,0,0
launch__execution_model,SIMT,SIMT,SIMT,SIMT
launch__func_cache_config,CachePreferNone,CachePreferNone,CachePreferNone,CachePreferNone
launch__function_pcs,1,1,1,1
launch__grid_dim_x,832,832,832,208
launch__grid_dim_y,1,1,1,1
launch__grid_dim_z,1,1,1,1
launch__grid_size,832,832,832,208
launch__kernel_name,{1},{1},{1},{1}
launch__occupancy_limit_blocks [block],24,24,24,24
launch__occupancy_limit_registers [block],16,16,16,12
launch__occupancy_limit_shared_mem [block],16,16,16,13
launch__occupancy_limit_warps [block],6,6,6,12
launch__occupancy_per_block_size,"2,484 {65}","2,484 {65}","2,484 {65}","2,445 {65}"
launch__occupancy_per_register_count,"4,976 {257}","4,976 {257}","4,976 {257}","5,264 {257}"
launch__occupancy_per_shared_mem_size,"1,176 {200}","1,176 {200}","1,176 {200}","1,900 {200}"
launch__persisting_l2_cache_size [Mbyte],4.72,4.72,4.72,4.72
launch__registers_per_thread [register/thread],16,16,16,40
launch__registers_per_thread_allocated [register/thread],16,16,16,40
launch__shared_mem_config_size [Kbyte],16.38,16.38,16.38,65.54
launch__shared_mem_per_block [Kbyte/block],1.02,1.02,1.02,4.80
launch__shared_mem_per_block_allocated [Kbyte/block],1.02,1.02,1.02,4.86
launch__shared_mem_per_block_driver [Kbyte/block],1.02,1.02,1.02,1.02
launch__shared_mem_per_block_dynamic [byte/block],0,0,0,0
launch__shared_mem_per_block_static [Kbyte/block],0,0,0,3.78
launch__sm_count [SM],20,20,20,20
launch__stack_size,"1,024","1,024","1,024","1,024"
launch__stream_id,7,7,7,7
launch__thread_count [thread],"2,12,992","2,12,992","2,12,992","26,624"
launch__tpc_count,10,10,10,10
launch__tpc_enabled,all,all,all,all
launch__user_grid_dim_x,832,832,832,208
launch__user_grid_dim_y,1,1,1,1
launch__user_grid_dim_z,1,1,1,1
launch__user_grid_size,832,832,832,208
launch__uses_blocks_as_clusters,0,0,0,0
launch__uses_cdp,0,0,0,0
launch__uses_green_context,0,0,0,0
launch__uses_nvlink_centric_scheduling,0,0,0,0
launch__uses_vgpu,0,0,0,0
launch__waves_per_multiprocessor,6.93,6.93,6.93,0.87
lts__average_gcomp_input_sector_success_rate.pct [%],0,0,0,0
lts__average_gcomp_output_sector_compression_achieved_rate.ratio,0,0,0,0
lts__cycles_active.avg [cycle],"10,888.17","10,704.33","10,720.42","10,227.33"
lts__cycles_active.max [cycle],"11,329","11,150","11,085","11,802"
lts__cycles_active.min [cycle],"10,630","10,320","10,263","8,851"
lts__cycles_active.sum [cycle],"1,30,658","1,28,452","1,28,645","1,22,728"
lts__cycles_elapsed.avg [cycle],"13,435","13,603","13,373","17,728"
lts__cycles_elapsed.avg.per_second [Ghz],1.92,1.91,1.91,1.90
lts__cycles_elapsed.max [cycle],"13,435","13,603","13,373","17,728"
lts__cycles_elapsed.max.per_second [Ghz],1.92,1.91,1.91,1.90
lts__cycles_elapsed.min [cycle],"13,435","13,603","13,373","17,728"
lts__cycles_elapsed.min.per_second [Ghz],1.92,1.91,1.91,1.90
lts__cycles_elapsed.sum [cycle],"1,61,220","1,63,236","1,60,476","2,12,736"
lts__cycles_elapsed.sum.per_second [Ghz],23.01,22.98,22.90,22.85
lts__d_atomic_input_cycles_active.avg.pct_of_peak_sustained_elapsed [%],0,0,0,0
lts__d_atomic_input_cycles_active.max.pct_of_peak_sustained_elapsed [%],0,0,0,0
lts__d_atomic_input_cycles_active.min.pct_of_peak_sustained_elapsed [%],0,0,0,0
lts__d_atomic_input_cycles_active.sum.pct_of_peak_sustained_elapsed [%],0,0,0,0
lts__d_sectors.avg.pct_of_peak_sustained_elapsed [%],10.38,10.25,10.43,6.79
lts__d_sectors.max.pct_of_peak_sustained_elapsed [%],10.55,10.41,10.53,7.38
lts__d_sectors.min.pct_of_peak_sustained_elapsed [%],10.30,10.16,10.30,6.44
lts__d_sectors.sum.pct_of_peak_sustained_elapsed [%],10.38,10.25,10.43,6.79
lts__d_sectors_fill_device.avg.pct_of_peak_sustained_elapsed [%],16.57,16.36,16.64,6.51
lts__d_sectors_fill_device.max.pct_of_peak_sustained_elapsed [%],16.67,16.47,16.75,6.68
lts__d_sectors_fill_device.min.pct_of_peak_sustained_elapsed [%],16.43,16.23,16.51,6.37
lts__d_sectors_fill_device.sum.pct_of_peak_sustained_elapsed [%],16.57,16.36,16.64,6.51
lts__d_sectors_fill_sysmem.avg.pct_of_peak_sustained_elapsed [%],0,0,0,0
lts__d_sectors_fill_sysmem.max.pct_of_peak_sustained_elapsed [%],0,0,0,0
lts__d_sectors_fill_sysmem.min.pct_of_peak_sustained_elapsed [%],0,0,0,0
lts__d_sectors_fill_sysmem.sum.pct_of_peak_sustained_elapsed [%],0,0,0,0
lts__gcomp_input_sectors.avg [sector],0,0,0,0
lts__gcomp_input_sectors.max [sector],0,0,0,0
lts__gcomp_input_sectors.min [sector],0,0,0,0
lts__gcomp_input_sectors.sum [sector],0,0,0,0
lts__gcomp_input_sectors.sum.pct_of_peak_sustained_elapsed [%],0,0,0,0
lts__gcomp_input_sectors.sum.per_second [sector/s],0,0,0,0
lts__gcomp_output_sectors.sum [sector],0,0,0,0
lts__gcomp_output_sectors.sum.pct_of_peak_sustained_elapsed [%],0,0,0,0
lts__gcomp_output_sectors.sum.per_second [sector/s],0,0,0,0
lts__lts2xbar_cycles_active.avg.pct_of_peak_sustained_elapsed [%],8.41,8.31,8.45,4.11
lts__lts2xbar_cycles_active.avg.peak_sustained,2,2,2,2
lts__lts2xbar_cycles_active.avg.per_second [Mhz],322.64,318.27,322.64,156.68
lts__lts2xbar_cycles_active.max.pct_of_peak_sustained_elapsed [%],8.70,8.59,8.71,5.27
lts__lts2xbar_cycles_active.max.peak_sustained,2,2,2,2
lts__lts2xbar_cycles_active.max.per_second [Mhz],333.62,328.97,332.48,200.49
lts__lts2xbar_cycles_active.min.pct_of_peak_sustained_elapsed [%],8.33,8.16,8.30,3.45
lts__lts2xbar_cycles_active.min.peak_sustained,2,2,2,2
lts__lts2xbar_cycles_active.min.per_second [Mhz],319.21,312.64,316.92,131.34
lts__lts2xbar_cycles_active.sum.pct_of_peak_sustained_elapsed [%],8.41,8.31,8.45,4.11
lts__lts2xbar_cycles_active.sum.peak_sustained,24,24,24,24
lts__lts2xbar_cycles_active.sum.per_second [Ghz],3.87,3.82,3.87,1.88
lts__t_requests.sum [request],"11,858","11,876","12,008","25,648"
lts__t_requests_srcunit_gcc.sum [request],72,72,72,264
lts__t_requests_srcunit_tex.sum [request],"11,411","11,484","11,670","25,286"
lts__t_requests_srcunit_tex_op_atom_dot_alu.sum [request],0,0,0,0
lts__t_requests_srcunit_tex_op_atom_dot_cas.sum [request],0,0,0,0
lts__t_requests_srcunit_tex_op_read.sum [request],"6,656","6,656","6,656","7,497"
lts__t_requests_srcunit_tex_op_red.sum [request],0,0,0,0
lts__t_requests_srcunit_tex_op_write.sum [request],"4,901","4,903","4,912","16,407"
lts__t_sector_hit_rate.pct [%],34.06,34.05,34.06,68.62
lts__t_sector_op_read_hit_rate.pct [%],0.93,0.92,0.94,20.06
lts__t_sector_op_write_hit_rate.pct [%],100,100,100,100
lts__t_sectors.avg [sector],"3,377.58","3,377.75","3,377.67","3,684.92"
lts__t_sectors.avg.pct_of_peak_sustained_elapsed [%],12.57,12.42,12.63,10.39
lts__t_sectors.avg.peak_sustained [sector/cycle],2,2,2,2
lts__t_sectors.avg.per_cycle_elapsed [sector/cycle],0.25,0.25,0.25,0.21
lts__t_sectors.max [sector],"3,460","3,446","3,429","4,091"
lts__t_sectors.max.pct_of_peak_sustained_elapsed [%],12.88,12.67,12.82,11.54
lts__t_sectors.min [sector],"3,347","3,347","3,331","3,453"
lts__t_sectors.min.pct_of_peak_sustained_elapsed [%],12.46,12.30,12.45,9.74
lts__t_sectors.sum [sector],"40,531","40,533","40,532","44,219"
lts__t_sectors.sum.pct_of_peak_sustained_elapsed [%],12.57,12.42,12.63,10.39
lts__t_sectors.sum.per_second [sector/ns],5.78,5.71,5.78,4.75
lts__t_sectors_aperture_device_lookup_miss.sum [sector],"26,709","26,709","26,709","13,898"
lts__t_sectors_aperture_peer_lookup_miss.sum [sector],0,0,0,0
lts__t_sectors_aperture_sysmem_lookup_miss.sum [sector],0,0,0,0
lts__t_sectors_data_ecc.avg.pct_of_peak_sustained_elapsed [%],0,0,0,0
lts__t_sectors_data_ecc.avg.peak_sustained [sector/cycle],8,8,8,8
lts__t_sectors_data_ecc.avg.per_cycle_elapsed [sector/cycle],0,0,0,0
lts__t_sectors_data_ecc.sum [sector],0,0,0,0
lts__t_sectors_data_ecc.sum.per_second [sector/s],0,0,0,0
lts__t_sectors_evict_first_lookup_hit.sum [sector],145,144,145,161
lts__t_sectors_evict_first_lookup_miss.sum [sector],0,0,0,40
lts__t_sectors_evict_last_lookup_hit.sum [sector],0,0,0,0
lts__t_sectors_evict_last_lookup_miss.sum [sector],0,0,0,0
lts__t_sectors_evict_normal_demote_lookup_hit.sum [sector],0,0,0,0
lts__t_sectors_evict_normal_demote_lookup_miss.sum [sector],0,0,0,0
lts__t_sectors_evict_normal_lookup_hit.sum [sector],"13,624","13,624","13,624","30,147"
lts__t_sectors_evict_normal_lookup_miss.sum [sector],"26,713","26,709","26,709","13,858"
lts__t_sectors_lookup_hit.sum [sector],"13,805","13,802","13,806","30,342"
lts__t_sectors_lookup_miss.avg [sector],"2,249.17","2,231.08","2,225.75","1,154.83"
lts__t_sectors_lookup_miss.max [sector],"2,266","2,256","2,240","1,184"
lts__t_sectors_lookup_miss.min [sector],"2,228","2,216","2,208","1,130"
lts__t_sectors_lookup_miss.sum [sector],"26,990","26,773","26,709","13,858"
lts__t_sectors_lookup_miss_data_promoted.avg [sector],0,0,0,0
lts__t_sectors_lookup_miss_data_promoted.max [sector],0,0,0,0
lts__t_sectors_lookup_miss_data_promoted.min [sector],0,0,0,0
lts__t_sectors_lookup_miss_data_promoted.sum [sector],0,0,0,0
lts__t_sectors_op_read.avg.per_second [sector/us],320.59,316.25,320.59,155.15
lts__t_sectors_op_read.max.per_second [sector/us],331.05,326.58,328.77,197.59
lts__t_sectors_op_read.min.per_second [sector/us],317.35,310.81,315.07,129.94
lts__t_sectors_op_read.sum.per_second [sector/ns],3.85,3.80,3.85,1.86
lts__t_sectors_op_write.avg.per_second [sector/us],158.45,156.31,158.45,238.38
lts__t_sectors_op_write.max.per_second [sector/us],160.39,157.66,160.96,239.26
lts__t_sectors_op_write.min.per_second [sector/us],157.53,155.41,157.53,237.11
lts__t_sectors_op_write.sum.per_second [sector/ns],1.90,1.88,1.90,2.86
lts__t_sectors_srcunit_gcc.avg.pct_of_peak_sustained_elapsed [%],0.18,0.18,0.18,0.50
lts__t_sectors_srcunit_gcc.avg.peak_sustained [sector/cycle],1,1,1,1
lts__t_sectors_srcunit_gcc.avg.per_cycle_elapsed [sector/cycle],0.00,0.00,0.00,0.00
lts__t_sectors_srcunit_gcc.sum [sector],288,288,288,"1,056"
lts__t_sectors_srcunit_gcc.sum.per_second [sector/us],41.10,40.54,41.10,113.40
lts__t_sectors_srcunit_gcc_aperture_device_lookup_miss.sum [sector],85,85,85,339
lts__t_sectors_srcunit_gcc_aperture_peer_lookup_miss.sum [sector],0,0,0,0
lts__t_sectors_srcunit_gcc_aperture_sysmem_lookup_miss.sum [sector],0,0,0,0
lts__t_sectors_srcunit_gcc_lookup_hit.sum [sector],203,203,203,717
lts__t_sectors_srcunit_gcc_lookup_miss.sum [sector],85,85,85,339
lts__t_sectors_srcunit_tex.avg.pct_of_peak_sustained_elapsed [%],12.39,12.23,12.44,10.08
lts__t_sectors_srcunit_tex.avg.peak_sustained [sector/cycle],2,2,2,2
lts__t_sectors_srcunit_tex.avg.per_cycle_elapsed [sector/cycle],0.25,0.24,0.25,0.20
lts__t_sectors_srcunit_tex.max.pct_of_peak_sustained_elapsed [%],12.45,12.23,12.50,11.21
lts__t_sectors_srcunit_tex.min.pct_of_peak_sustained_elapsed [%],12.33,12.23,12.38,9.34
lts__t_sectors_srcunit_tex.sum [sector],"39,936","39,936","39,936","42,872"
lts__t_sectors_srcunit_tex.sum.pct_of_peak_sustained_elapsed [%],12.39,12.23,12.44,10.08
lts__t_sectors_srcunit_tex.sum.per_second [sector/ns],5.70,5.62,5.70,4.60
lts__t_sectors_srcunit_tex_aperture_device_lookup_miss.sum [sector],"26,624","26,624","26,624","13,519"
lts__t_sectors_srcunit_tex_aperture_device_op_atom_dot_alu_lookup_miss.sum [sector],0,0,0,0
lts__t_sectors_srcunit_tex_aperture_device_op_atom_dot_cas_lookup_miss.sum [sector],0,0,0,0
lts__t_sectors_srcunit_tex_aperture_device_op_read_lookup_miss.sum [sector],"26,624","26,624","26,624","13,519"
lts__t_sectors_srcunit_tex_aperture_device_op_red_lookup_miss.sum [sector],0,0,0,0
lts__t_sectors_srcunit_tex_aperture_device_op_write_lookup_miss.sum [sector],0,0,0,0
lts__t_sectors_srcunit_tex_aperture_peer_lookup_miss.avg [sector],0,0,0,0
lts__t_sectors_srcunit_tex_aperture_peer_lookup_miss.max [sector],0,0,0,0
lts__t_sectors_srcunit_tex_aperture_peer_lookup_miss.min [sector],0,0,0,0
lts__t_sectors_srcunit_tex_aperture_peer_lookup_miss.sum [sector],0,0,0,0
lts__t_sectors_srcunit_tex_aperture_peer_op_atom.sum [sector],0,0,0,0
lts__t_sectors_srcunit_tex_aperture_peer_op_atom.sum.pct_of_peak_sustained_elapsed [%],0,0,0,0
lts__t_sectors_srcunit_tex_aperture_peer_op_atom.sum.per_second [sector/s],0,0,0,0
lts__t_sectors_srcunit_tex_aperture_peer_op_atom_dot_alu_lookup_miss.sum [sector],0,0,0,0
lts__t_sectors_srcunit_tex_aperture_peer_op_atom_dot_cas_lookup_miss.sum [sector],0,0,0,0
lts__t_sectors_srcunit_tex_aperture_peer_op_read_lookup_miss.sum [sector],0,0,0,0
lts__t_sectors_srcunit_tex_aperture_peer_op_read_lookup_miss.sum.pct_of_peak_sustained_elapsed [%],0,0,0,0
lts__t_sectors_srcunit_tex_aperture_peer_op_read_lookup_miss.sum.per_second [sector/s],0,0,0,0
lts__t_sectors_srcunit_tex_aperture_peer_op_red.sum [sector],0,0,0,0
lts__t_sectors_srcunit_tex_aperture_peer_op_red.sum.pct_of_peak_sustained_elapsed [%],0,0,0,0
lts__t_sectors_srcunit_tex_aperture_peer_op_red.sum.per_second [sector/s],0,0,0,0
lts__t_sectors_srcunit_tex_aperture_peer_op_red_lookup_miss.sum [sector],0,0,0,0
lts__t_sectors_srcunit_tex_aperture_peer_op_write.sum [sector],0,0,0,0
lts__t_sectors_srcunit_tex_aperture_peer_op_write.sum.pct_of_peak_sustained_elapsed [%],0,0,0,0
lts__t_sectors_srcunit_tex_aperture_peer_op_write.sum.per_second [sector/s],0,0,0,0
lts__t_sectors_srcunit_tex_aperture_peer_op_write_lookup_miss.sum [sector],0,0,0,0
lts__t_sectors_srcunit_tex_aperture_sysmem_lookup_miss.avg [sector],0,0,0,0
lts__t_sectors_srcunit_tex_aperture_sysmem_lookup_miss.max [sector],0,0,0,0
lts__t_sectors_srcunit_tex_aperture_sysmem_lookup_miss.min [sector],0,0,0,0
lts__t_sectors_srcunit_tex_aperture_sysmem_lookup_miss.sum [sector],0,0,0,0
lts__t_sectors_srcunit_tex_aperture_sysmem_op_atom.sum [sector],0,0,0,0
lts__t_sectors_srcunit_tex_aperture_sysmem_op_atom.sum.pct_of_peak_sustained_elapsed [%],0,0,0,0
lts__t_sectors_srcunit_tex_aperture_sysmem_op_atom.sum.per_second [sector/s],0,0,0,0
lts__t_sectors_srcunit_tex_aperture_sysmem_op_atom_dot_alu_lookup_miss.sum [sector],0,0,0,0
lts__t_sectors_srcunit_tex_aperture_sysmem_op_atom_dot_cas_lookup_miss.sum [sector],0,0,0,0
lts__t_sectors_srcunit_tex_aperture_sysmem_op_read_lookup_miss.sum [sector],0,0,0,0
lts__t_sectors_srcunit_tex_aperture_sysmem_op_read_lookup_miss.sum.pct_of_peak_sustained_elapsed [%],0,0,0,0
lts__t_sectors_srcunit_tex_aperture_sysmem_op_read_lookup_miss.sum.per_second [sector/s],0,0,0,0
lts__t_sectors_srcunit_tex_aperture_sysmem_op_red.sum [sector],0,0,0,0
lts__t_sectors_srcunit_tex_aperture_sysmem_op_red.sum.pct_of_peak_sustained_elapsed [%],0,0,0,0
lts__t_sectors_srcunit_tex_aperture_sysmem_op_red.sum.per_second [sector/s],0,0,0,0
lts__t_sectors_srcunit_tex_aperture_sysmem_op_red_lookup_miss.sum [sector],0,0,0,0
lts__t_sectors_srcunit_tex_aperture_sysmem_op_write.sum [sector],0,0,0,0
lts__t_sectors_srcunit_tex_aperture_sysmem_op_write.sum.pct_of_peak_sustained_elapsed [%],0,0,0,0
lts__t_sectors_srcunit_tex_aperture_sysmem_op_write.sum.per_second [sector/s],0,0,0,0
lts__t_sectors_srcunit_tex_aperture_sysmem_op_write_lookup_miss.sum [sector],0,0,0,0
lts__t_sectors_srcunit_tex_evict_first_lookup_hit.sum [sector],0,0,0,0
lts__t_sectors_srcunit_tex_evict_first_lookup_miss.sum [sector],0,0,0,0
lts__t_sectors_srcunit_tex_evict_last_lookup_hit.sum [sector],0,0,0,0
lts__t_sectors_srcunit_tex_evict_last_lookup_miss.sum [sector],0,0,0,0
lts__t_sectors_srcunit_tex_evict_normal_demote_lookup_hit.sum [sector],0,0,0,0
lts__t_sectors_srcunit_tex_evict_normal_demote_lookup_miss.sum [sector],0,0,0,0
lts__t_sectors_srcunit_tex_evict_normal_lookup_hit.sum [sector],"13,312","13,312","13,312","29,321"
lts__t_sectors_srcunit_tex_evict_normal_lookup_miss.sum [sector],"26,624","26,624","26,624","13,519"
lts__t_sectors_srcunit_tex_lookup_hit.sum [sector],"13,312","13,312","13,312","29,321"
lts__t_sectors_srcunit_tex_lookup_miss.avg [sector],"2,218.67","2,218.67","2,218.67","1,126.58"
lts__t_sectors_srcunit_tex_lookup_miss.max [sector],"2,224","2,224","2,224","1,136"
lts__t_sectors_srcunit_tex_lookup_miss.min [sector],"2,208","2,208","2,208","1,104"
lts__t_sectors_srcunit_tex_lookup_miss.sum [sector],"26,624","26,624","26,624","13,519"
lts__t_sectors_srcunit_tex_op_atom_dot_alu.avg.pct_of_peak_sustained_elapsed [%],0,0,0,0
lts__t_sectors_srcunit_tex_op_atom_dot_alu.avg.peak_sustained [sector/cycle],1,1,1,1
lts__t_sectors_srcunit_tex_op_atom_dot_alu.avg.per_cycle_elapsed [sector/cycle],0,0,0,0
lts__t_sectors_srcunit_tex_op_atom_dot_alu.sum [sector],0,0,0,0
lts__t_sectors_srcunit_tex_op_atom_dot_alu.sum.per_second [sector/s],0,0,0,0
lts__t_sectors_srcunit_tex_op_atom_dot_alu_lookup_hit.sum [sector],0,0,0,0
lts__t_sectors_srcunit_tex_op_atom_dot_alu_lookup_miss.sum [sector],0,0,0,0
lts__t_sectors_srcunit_tex_op_atom_dot_cas.avg.pct_of_peak_sustained_elapsed [%],0,0,0,0
lts__t_sectors_srcunit_tex_op_atom_dot_cas.avg.peak_sustained [sector/cycle],1,1,1,1
lts__t_sectors_srcunit_tex_op_atom_dot_cas.avg.per_cycle_elapsed [sector/cycle],0,0,0,0
lts__t_sectors_srcunit_tex_op_atom_dot_cas.sum [sector],0,0,0,0
lts__t_sectors_srcunit_tex_op_atom_dot_cas.sum.per_second [sector/s],0,0,0,0
lts__t_sectors_srcunit_tex_op_atom_dot_cas_lookup_hit.sum [sector],0,0,0,0
lts__t_sectors_srcunit_tex_op_atom_dot_cas_lookup_miss.sum [sector],0,0,0,0
lts__t_sectors_srcunit_tex_op_atom_evict_first_lookup_hit.sum [sector],0,0,0,0
lts__t_sectors_srcunit_tex_op_atom_evict_first_lookup_miss.sum [sector],0,0,0,0
lts__t_sectors_srcunit_tex_op_atom_evict_last_lookup_hit.sum [sector],0,0,0,0
lts__t_sectors_srcunit_tex_op_atom_evict_last_lookup_miss.sum [sector],0,0,0,0
lts__t_sectors_srcunit_tex_op_atom_evict_normal_lookup_hit.sum [sector],0,0,0,0
lts__t_sectors_srcunit_tex_op_atom_evict_normal_lookup_miss.sum [sector],0,0,0,0
lts__t_sectors_srcunit_tex_op_read.avg.pct_of_peak_sustained_elapsed [%],8.26,8.16,8.30,3.81
lts__t_sectors_srcunit_tex_op_read.avg.peak_sustained [sector/cycle],2,2,2,2
lts__t_sectors_srcunit_tex_op_read.avg.per_cycle_elapsed [sector/cycle],0.17,0.16,0.17,0.08
lts__t_sectors_srcunit_tex_op_read.sum [sector],"26,624","26,624","26,624","16,216"
lts__t_sectors_srcunit_tex_op_read.sum.per_second [sector/ns],3.80,3.75,3.80,1.74
lts__t_sectors_srcunit_tex_op_read_evict_first_lookup_hit.sum [sector],0,0,0,0
lts__t_sectors_srcunit_tex_op_read_evict_first_lookup_miss.sum [sector],0,0,0,0
lts__t_sectors_srcunit_tex_op_read_evict_last_lookup_hit.sum [sector],0,0,0,0
lts__t_sectors_srcunit_tex_op_read_evict_last_lookup_miss.sum [sector],0,0,0,0
lts__t_sectors_srcunit_tex_op_read_evict_normal_demote_lookup_hit.sum [sector],0,0,0,0
lts__t_sectors_srcunit_tex_op_read_evict_normal_demote_lookup_miss.sum [sector],0,0,0,0
lts__t_sectors_srcunit_tex_op_read_evict_normal_lookup_hit.sum [sector],0,0,0,"2,723"
lts__t_sectors_srcunit_tex_op_read_evict_normal_lookup_miss.sum [sector],"26,624","26,624","26,624","13,519"
lts__t_sectors_srcunit_tex_op_read_lookup_hit.sum [sector],0,0,0,"2,723"
lts__t_sectors_srcunit_tex_op_read_lookup_miss.sum [sector],"26,624","26,624","26,624","13,519"
lts__t_sectors_srcunit_tex_op_red.avg.pct_of_peak_sustained_elapsed [%],0,0,0,0
lts__t_sectors_srcunit_tex_op_red.avg.peak_sustained [sector/cycle],1,1,1,1
lts__t_sectors_srcunit_tex_op_red.avg.per_cycle_elapsed [sector/cycle],0,0,0,0
lts__t_sectors_srcunit_tex_op_red.sum [sector],0,0,0,0
lts__t_sectors_srcunit_tex_op_red.sum.per_second [sector/s],0,0,0,0
lts__t_sectors_srcunit_tex_op_red_lookup_hit.sum [sector],0,0,0,0
lts__t_sectors_srcunit_tex_op_red_lookup_miss.sum [sector],0,0,0,0
lts__t_sectors_srcunit_tex_op_write.avg.pct_of_peak_sustained_elapsed [%],8.26,8.16,8.30,12.52
lts__t_sectors_srcunit_tex_op_write.avg.peak_sustained [sector/cycle],1,1,1,1
lts__t_sectors_srcunit_tex_op_write.avg.per_cycle_elapsed [sector/cycle],0.08,0.08,0.08,0.13
lts__t_sectors_srcunit_tex_op_write.sum [sector],"13,312","13,312","13,312","26,624"
lts__t_sectors_srcunit_tex_op_write.sum.per_second [sector/ns],1.90,1.87,1.90,2.86
lts__t_sectors_srcunit_tex_op_write_evict_first_lookup_hit.sum [sector],0,0,0,0
lts__t_sectors_srcunit_tex_op_write_evict_first_lookup_miss.sum [sector],0,0,0,0
lts__t_sectors_srcunit_tex_op_write_evict_last_lookup_hit.sum [sector],0,0,0,0
lts__t_sectors_srcunit_tex_op_write_evict_last_lookup_miss.sum [sector],0,0,0,0
lts__t_sectors_srcunit_tex_op_write_evict_normal_demote_lookup_hit.sum [sector],0,0,0,0
lts__t_sectors_srcunit_tex_op_write_evict_normal_demote_lookup_miss.sum [sector],0,0,0,0
lts__t_sectors_srcunit_tex_op_write_evict_normal_lookup_hit.sum [sector],"13,312","13,312","13,312","26,624"
lts__t_sectors_srcunit_tex_op_write_evict_normal_lookup_miss.sum [sector],0,0,0,0
lts__t_sectors_srcunit_tex_op_write_lookup_hit.sum [sector],"13,312","13,312","13,312","26,624"
lts__t_sectors_srcunit_tex_op_write_lookup_miss.sum [sector],0,0,0,0
lts__t_tag_requests.avg.pct_of_peak_sustained_elapsed [%],7.35,7.26,7.41,12.21
lts__t_tag_requests.max.pct_of_peak_sustained_elapsed [%],7.70,7.56,7.93,14.24
lts__t_tag_requests.min.pct_of_peak_sustained_elapsed [%],7.15,7.14,7.25,10.97
lts__t_tag_requests.sum.pct_of_peak_sustained_elapsed [%],7.35,7.26,7.41,12.21
lts__throughput.avg.pct_of_peak_sustained_elapsed [%],16.57,16.36,16.64,15.35
lts__throughput.max.pct_of_peak_sustained_elapsed [%],16.67,16.47,16.75,16.30
lts__throughput.min.pct_of_peak_sustained_elapsed [%],16.43,16.23,16.51,14.54
lts__throughput.sum.pct_of_peak_sustained_elapsed [%],16.57,16.36,16.64,15.35
lts__xbar2lts_cycles_active.avg.pct_of_peak_sustained_elapsed [%],11.27,11.14,11.31,15.35
lts__xbar2lts_cycles_active.max.pct_of_peak_sustained_elapsed [%],11.79,11.34,11.52,16.30
lts__xbar2lts_cycles_active.min.pct_of_peak_sustained_elapsed [%],11.06,11.03,11.21,14.54
lts__xbar2lts_cycles_active.sum.pct_of_peak_sustained_elapsed [%],11.27,11.14,11.31,15.35
memory_access_size_type,0 {2},0 {2},0 {2},0 {75}
memory_access_type,0 {2},0 {2},0 {2},0 {75}
memory_l1_tag_requests_global [sectors],"13,312 {2}","13,312 {2}","13,312 {2}","89,856 {41}"
memory_l1_wavefronts_shared [sectors],0,0,0,"58,448 {34}"
memory_l1_wavefronts_shared_ideal [sectors],0,0,0,"22,672 {34}"
memory_l2_theoretical_sectors_global [sectors],"39,936 {2}","39,936 {2}","39,936 {2}","96,512 {41}"
memory_l2_theoretical_sectors_global_ideal [sectors],"39,936 {2}","39,936 {2}","39,936 {2}","69,888 {41}"
memory_l2_theoretical_sectors_local [sectors],0,0,0,0
memory_type,0 {2},0 {2},0 {2},0 {75}
numa__cpu_affinity,1,1,1,1
numa__dev_display_name_all,1,1,1,1
numa__id_cpu,1,1,1,1
numa__id_memory,1,1,1,1
nvlink__bandwidth,0,0,0,0
nvlink__count_logical,0,0,0,0
nvlink__count_physical,0,0,0,0
nvlink__destination_ports,0,0,0,0
nvlink__dev0Id,0,0,0,0
nvlink__dev0type,0,0,0,0
nvlink__dev1Id,0,0,0,0
nvlink__dev1type,0,0,0,0
nvlink__dev_display_name_all,1,1,1,1
nvlink__enabled_mask,0,0,0,0
nvlink__is_direct_link,0,0,0,0
nvlink__is_nvswitch_connected,0,0,0,0
nvlink__max_count,0,0,0,0
nvlink__peer_access,0,0,0,0
nvlink__peer_atomic,0,0,0,0
nvlink__source_ports,0,0,0,0
nvlink__system_access,0,0,0,0
nvlink__system_atomic,0,0,0,0
nvlrx__bytes.sum.per_second [byte],0,0,0,0
nvltx__bytes.sum.per_second [byte],0,0,0,0
pcie__read_bytes.avg.per_second [byte/s],0,0,0,0
pcie__read_bytes.max.per_second [byte/s],0,0,0,0
pcie__read_bytes.min.per_second [byte/s],0,0,0,0
pcie__read_bytes.sum.per_second [byte/s],0,0,0,0
pcie__write_bytes.avg.per_second [Mbyte/s],803.65,792.79,803.65,604.81
pcie__write_bytes.max.per_second [Mbyte/s],803.65,792.79,803.65,604.81
pcie__write_bytes.min.per_second [Mbyte/s],803.65,792.79,803.65,604.81
pcie__write_bytes.sum.per_second [Mbyte/s],803.65,792.79,803.65,604.81
pmsampling:sm__inst_executed_pipe_xu_realtime.avg.pct_of_peak_sustained_elapsed [%],0 {609},0 {1824},0 {546},0.02 {1826}
pmsampling:sm__pipe_tensor_cycles_active_realtime.avg.pct_of_peak_sustained_elapsed [%],0 {609},0 {1824},0 {546},0.02 {1826}
profiler__perfworks_session_reuse,0,0,0,0
profiler__pmsampler_buffer_size_bytes [Mbyte],3.54 {3},3.54 {3},3.54 {3},3.54 {3}
profiler__pmsampler_ctxsw_0,1 {2},1 {4},1 {2},1 {2}
profiler__pmsampler_ctxsw_1,1 {2},1 {2},1 {4},1 {4}
profiler__pmsampler_ctxsw_2,1 {4},1 {4},1 {4},1 {2}
profiler__pmsampler_interval_time [us],1 {3},1 {3},1 {3},1 {3}
profiler__pmsampler_merged_samples [sample],0 {3},0 {3},0 {3},0 {3}
profiler__pmsampler_pass_groups,3 {3},3 {3},3 {3},3 {3}
profiler__pmwarpsampling_interval_cycles [cycle],256 {3},256 {3},256 {3},256 {3}
profiler__replayer_bytes_mem_accessible.avg [Mbyte],13.08,13.08,13.08,13.08
profiler__replayer_bytes_mem_accessible.max [Mbyte],13.08,13.08,13.08,13.08
profiler__replayer_bytes_mem_accessible.min [Mbyte],13.08,13.08,13.08,13.08
profiler__replayer_bytes_mem_accessible.sum [Mbyte],575.40,575.40,575.40,575.40
profiler__replayer_bytes_mem_backed_up.avg [Mbyte],13.08,13.08,13.08,13.08
profiler__replayer_bytes_mem_backed_up.max [Mbyte],13.08,13.08,13.08,13.08
profiler__replayer_bytes_mem_backed_up.min [Mbyte],13.08,13.08,13.08,13.08
profiler__replayer_bytes_mem_backed_up.sum [Mbyte],575.40,575.40,575.40,575.40
profiler__replayer_passes [pass],44,44,44,44
profiler__replayer_passes_type_warmup [pass],0,0,0,0
profiler__timestamp_workload_end_0,1,1,1,1
profiler__timestamp_workload_end_1,1,1,1,1
profiler__timestamp_workload_end_2,1,1,1,1
profiler__timestamp_workload_start_0,1,1,1,1
profiler__timestamp_workload_start_1,1,1,1,1
profiler__timestamp_workload_start_2,1,1,1,1
sass__inst_executed_global_loads [inst],"6,656","6,656","6,656","16,640"
sass__inst_executed_global_stores [inst],"6,656","6,656","6,656","3,328"
sass__inst_executed_local_loads [inst],0,0,0,0
sass__inst_executed_local_stores [inst],0,0,0,0
sass__inst_executed_per_opcode,"99,840 {9}","99,840 {9}","99,840 {9}","3,79,184 {46}"
sass__inst_executed_per_opcode_category,"99,840 {7}","99,840 {7}","99,840 {7}","3,79,184 {9}"
sass__inst_executed_per_opcode_pipeline,"99,840 {5}","99,840 {5}","99,840 {5}","4,03,936 {11}"
sass__inst_executed_per_opcode_with_modifier_all,"99,840 {10}","99,840 {10}","99,840 {10}","3,79,184 {76}"
sass__inst_executed_per_opcode_with_modifier_selective,"99,840 {9}","99,840 {9}","99,840 {9}","3,79,184 {51}"
sass__inst_executed_register_spilling [inst],0,0,0,0
sass__inst_executed_register_spilling_mem_local [inst],0,0,0,0
sass__inst_executed_register_spilling_mem_local_op_read [inst],0,0,0,0
sass__inst_executed_register_spilling_mem_local_op_write [inst],0,0,0,0
sass__inst_executed_register_spilling_mem_shared [inst],0,0,0,0
sass__inst_executed_register_spilling_mem_shared_op_read [inst],0,0,0,0
sass__inst_executed_register_spilling_mem_shared_op_write [inst],0,0,0,0
sass__inst_executed_register_spilling_op_read [inst],0,0,0,0
sass__inst_executed_register_spilling_op_write [inst],0,0,0,0
sass__inst_executed_shared_loads [inst],0,0,0,"4,784"
sass__inst_executed_shared_stores [inst],0,0,0,"9,568"
sass__thread_inst_executed_per_opcode_category,"29,81,888 {7}","29,81,888 {7}","29,81,888 {7}","1,06,55,840 {9}"
sass__thread_inst_executed_per_opcode_pipeline,"29,81,888 {5}","29,81,888 {5}","29,81,888 {5}","1,12,78,176 {11}"
sass__thread_inst_executed_true_per_opcode,"29,81,888 {9}","29,81,888 {9}","29,81,888 {9}","1,06,55,840 {46}"
sass__thread_inst_executed_true_per_opcode_with_modifier_all,"29,81,888 {10}","29,81,888 {10}","29,81,888 {10}","1,06,55,840 {76}"
sass__thread_inst_executed_true_per_opcode_with_modifier_selective,"29,81,888 {9}","29,81,888 {9}","29,81,888 {9}","1,06,55,840 {51}"
sm__cycles_active.avg [cycle],"12,423.70","12,504.05","12,342.40","17,235.35"
sm__cycles_active.max [cycle],"12,834","13,004","12,735","17,595"
sm__cycles_active.min [cycle],"11,471","11,969","11,753","16,839"
sm__cycles_active.sum [cycle],"2,48,474","2,50,081","2,46,848","3,44,707"
sm__cycles_elapsed.avg [cycle],"14,824.30","15,009.20","14,760.70","19,568.10"
sm__cycles_elapsed.avg.per_second [Ghz],2.12,2.11,2.11,2.10
sm__cycles_elapsed.max [cycle],"14,842","15,026","14,776","19,617"
sm__cycles_elapsed.max.per_second [Ghz],2.12,2.12,2.11,2.11
sm__cycles_elapsed.min [cycle],"14,809","14,996","14,748","19,522"
sm__cycles_elapsed.min.per_second [Ghz],2.11,2.11,2.10,2.10
sm__cycles_elapsed.sum [cycle],"2,96,486","3,00,184","2,95,214","3,91,362"
sm__cycles_elapsed.sum.per_second [Ghz],42.31,42.26,42.13,42.03
sm__icc_request_hit_rate.pct [%],57.81,64.29,64.29,87.27
sm__icc_requests.sum [cycle],576,504,504,"5,890"
sm__icc_requests.sum.pct_of_peak_sustained_elapsed [%],0.39,0.34,0.34,3.01
sm__inst_executed.avg.pct_of_peak_sustained_elapsed [%],8.42,8.31,8.45,24.22
sm__inst_executed.avg.per_cycle_active [inst/cycle],0.40,0.40,0.40,1.10
sm__inst_executed.avg.per_cycle_elapsed [inst/cycle],0.34,0.33,0.34,0.97
sm__inst_executed.max.pct_of_peak_sustained_elapsed [%],8.70,8.79,8.94,25.62
sm__inst_executed.max.per_cycle_active [inst/cycle],0.42,0.42,0.43,1.16
sm__inst_executed.max.per_cycle_elapsed [inst/cycle],0.35,0.35,0.36,1.02
sm__inst_executed.min.pct_of_peak_sustained_elapsed [%],7.89,7.80,7.93,23.29
sm__inst_executed.min.per_cycle_active [inst/cycle],0.38,0.37,0.38,1.06
sm__inst_executed.min.per_cycle_elapsed [inst/cycle],0.32,0.31,0.32,0.93
sm__inst_executed.sum.pct_of_peak_sustained_elapsed [%],8.42,8.31,8.45,24.22
sm__inst_executed.sum.per_cycle_active [inst/cycle],8.04,7.98,8.09,22.00
sm__inst_executed.sum.per_cycle_elapsed [inst/cycle],6.73,6.65,6.76,19.38
sm__inst_executed_pipe_adu.avg.pct_of_peak_sustained_active [%],5.36,5.32,5.39,3.38
sm__inst_executed_pipe_adu.avg.pct_of_peak_sustained_elapsed [%],4.49,4.43,4.51,2.98
sm__inst_executed_pipe_adu.max.pct_of_peak_sustained_active [%],5.54,5.63,5.70,3.57
sm__inst_executed_pipe_adu.max.pct_of_peak_sustained_elapsed [%],4.64,4.69,4.77,3.15
sm__inst_executed_pipe_adu.min.pct_of_peak_sustained_active [%],5.02,4.99,5.06,3.25
sm__inst_executed_pipe_adu.min.pct_of_peak_sustained_elapsed [%],4.21,4.16,4.23,2.86
sm__inst_executed_pipe_adu.sum.pct_of_peak_sustained_active [%],5.36,5.32,5.39,3.38
sm__inst_executed_pipe_adu.sum.pct_of_peak_sustained_elapsed [%],4.49,4.43,4.51,2.98
sm__inst_executed_pipe_alu.avg.pct_of_peak_sustained_active [%],6.70,6.65,6.74,17.35
sm__inst_executed_pipe_alu.avg.pct_of_peak_sustained_elapsed [%],5.61,5.54,5.64,15.28
sm__inst_executed_pipe_alu.max.pct_of_peak_sustained_active [%],7.08,7.04,7.13,18.35
sm__inst_executed_pipe_alu.max.pct_of_peak_sustained_elapsed [%],5.94,5.86,5.96,16.16
sm__inst_executed_pipe_alu.min.pct_of_peak_sustained_active [%],6.12,6.08,6.48,16.68
sm__inst_executed_pipe_alu.min.pct_of_peak_sustained_elapsed [%],5.13,5.06,5.42,14.69
sm__inst_executed_pipe_alu.sum.pct_of_peak_sustained_active [%],6.70,6.65,6.74,17.35
sm__inst_executed_pipe_alu.sum.pct_of_peak_sustained_elapsed [%],5.61,5.54,5.64,15.28
sm__inst_executed_pipe_cbu.avg.pct_of_peak_sustained_active [%],1.34,1.33,1.35,0.66
sm__inst_executed_pipe_cbu.avg.pct_of_peak_sustained_elapsed [%],1.12,1.11,1.13,0.58
sm__inst_executed_pipe_cbu.max.pct_of_peak_sustained_active [%],1.42,1.41,1.43,0.70
sm__inst_executed_pipe_cbu.max.pct_of_peak_sustained_elapsed [%],1.19,1.17,1.19,0.62
sm__inst_executed_pipe_cbu.min.pct_of_peak_sustained_active [%],1.22,1.22,1.30,0.64
sm__inst_executed_pipe_cbu.min.pct_of_peak_sustained_elapsed [%],1.03,1.01,1.08,0.56
sm__inst_executed_pipe_cbu.sum.pct_of_peak_sustained_active [%],1.34,1.33,1.35,0.66
sm__inst_executed_pipe_cbu.sum.pct_of_peak_sustained_elapsed [%],1.12,1.11,1.13,0.58
sm__inst_executed_pipe_cbu_pred_on_any.avg.pct_of_peak_sustained_elapsed [%],2.33,2.29,2.32,2.16
sm__inst_executed_pipe_cbu_pred_on_any.max.pct_of_peak_sustained_elapsed [%],2.52,2.48,2.49,2.27
sm__inst_executed_pipe_cbu_pred_on_any.min.pct_of_peak_sustained_elapsed [%],2.19,2.09,2.19,2.09
sm__inst_executed_pipe_cbu_pred_on_any.sum.pct_of_peak_sustained_elapsed [%],2.33,2.29,2.32,2.16
sm__inst_executed_pipe_fma.avg.pct_of_peak_sustained_active [%],2.01,2.00,2.02,10.82
sm__inst_executed_pipe_fma.avg.pct_of_peak_sustained_elapsed [%],1.68,1.66,1.69,9.53
sm__inst_executed_pipe_fma.max.pct_of_peak_sustained_active [%],2.12,2.11,2.14,11.44
sm__inst_executed_pipe_fma.max.pct_of_peak_sustained_elapsed [%],1.78,1.76,1.79,10.08
sm__inst_executed_pipe_fma.min.pct_of_peak_sustained_active [%],1.84,1.82,1.94,10.40
sm__inst_executed_pipe_fma.min.pct_of_peak_sustained_elapsed [%],1.54,1.52,1.63,9.16
sm__inst_executed_pipe_fma.sum.pct_of_peak_sustained_active [%],2.01,2.00,2.02,10.82
sm__inst_executed_pipe_fma.sum.pct_of_peak_sustained_elapsed [%],1.68,1.66,1.69,9.53
sm__inst_executed_pipe_fma_type_fp16.avg.pct_of_peak_sustained_active [%],0,0,0,0
sm__inst_executed_pipe_fma_type_fp16.avg.pct_of_peak_sustained_elapsed [%],0,0,0,0
sm__inst_executed_pipe_fp64_op_dmma.avg.pct_of_peak_sustained_active [%],0,0,0,0
sm__inst_executed_pipe_fp64_op_dmma.avg.pct_of_peak_sustained_elapsed [%],0,0,0,0
sm__inst_executed_pipe_fp64_op_dmma.max.pct_of_peak_sustained_active [%],0,0,0,0
sm__inst_executed_pipe_fp64_op_dmma.max.pct_of_peak_sustained_elapsed [%],0,0,0,0
sm__inst_executed_pipe_fp64_op_dmma.min.pct_of_peak_sustained_active [%],0,0,0,0
sm__inst_executed_pipe_fp64_op_dmma.min.pct_of_peak_sustained_elapsed [%],0,0,0,0
sm__inst_executed_pipe_fp64_op_dmma.sum.pct_of_peak_sustained_active [%],0,0,0,0
sm__inst_executed_pipe_fp64_op_dmma.sum.pct_of_peak_sustained_elapsed [%],0,0,0,0
sm__inst_executed_pipe_fp64_op_fp64.avg.pct_of_peak_sustained_active [%],0,0,0,0
sm__inst_executed_pipe_fp64_op_fp64.avg.pct_of_peak_sustained_elapsed [%],0,0,0,0
sm__inst_executed_pipe_fp64_op_fp64.max.pct_of_peak_sustained_active [%],0,0,0,0
sm__inst_executed_pipe_fp64_op_fp64.max.pct_of_peak_sustained_elapsed [%],0,0,0,0
sm__inst_executed_pipe_fp64_op_fp64.min.pct_of_peak_sustained_active [%],0,0,0,0
sm__inst_executed_pipe_fp64_op_fp64.min.pct_of_peak_sustained_elapsed [%],0,0,0,0
sm__inst_executed_pipe_fp64_op_fp64.sum.pct_of_peak_sustained_active [%],0,0,0,0
sm__inst_executed_pipe_fp64_op_fp64.sum.pct_of_peak_sustained_elapsed [%],0,0,0,0
sm__inst_executed_pipe_ipa.avg.pct_of_peak_sustained_elapsed [%],0,0,0,0
sm__inst_executed_pipe_ipa.max.pct_of_peak_sustained_elapsed [%],0,0,0,0
sm__inst_executed_pipe_ipa.min.pct_of_peak_sustained_elapsed [%],0,0,0,0
sm__inst_executed_pipe_ipa.sum.pct_of_peak_sustained_elapsed [%],0,0,0,0
sm__inst_executed_pipe_lsu.avg.pct_of_peak_sustained_active [%],16.07,15.97,16.18,28.24
sm__inst_executed_pipe_lsu.avg.pct_of_peak_sustained_elapsed [%],13.47,13.30,13.53,24.87
sm__inst_executed_pipe_lsu.max.pct_of_peak_sustained_active [%],17.00,16.89,17.11,29.87
sm__inst_executed_pipe_lsu.max.pct_of_peak_sustained_elapsed [%],14.25,14.07,14.31,26.31
sm__inst_executed_pipe_lsu.min.pct_of_peak_sustained_active [%],15.07,14.97,15.17,27.15
sm__inst_executed_pipe_lsu.min.pct_of_peak_sustained_elapsed [%],12.63,12.47,12.68,23.92
sm__inst_executed_pipe_lsu.sum.pct_of_peak_sustained_active [%],16.07,15.97,16.18,28.24
sm__inst_executed_pipe_lsu.sum.pct_of_peak_sustained_elapsed [%],13.47,13.30,13.53,24.87
sm__inst_executed_pipe_tensor_op_hmma_v2.avg.pct_of_peak_sustained_active [%],0,0,0,1.93
sm__inst_executed_pipe_tensor_op_hmma_v2.avg.pct_of_peak_sustained_elapsed [%],0,0,0,1.70
sm__inst_executed_pipe_tensor_op_imma_v2.avg.pct_of_peak_sustained_active [%],0,0,0,0
sm__inst_executed_pipe_tensor_op_imma_v2.avg.pct_of_peak_sustained_elapsed [%],0,0,0,0
sm__inst_executed_pipe_tex.avg.pct_of_peak_sustained_active [%],0,0,0,0
sm__inst_executed_pipe_tex.avg.pct_of_peak_sustained_elapsed [%],0,0,0,0
sm__inst_executed_pipe_tex.max.pct_of_peak_sustained_active [%],0,0,0,0
sm__inst_executed_pipe_tex.max.pct_of_peak_sustained_elapsed [%],0,0,0,0
sm__inst_executed_pipe_tex.min.pct_of_peak_sustained_active [%],0,0,0,0
sm__inst_executed_pipe_tex.min.pct_of_peak_sustained_elapsed [%],0,0,0,0
sm__inst_executed_pipe_tex.sum.pct_of_peak_sustained_active [%],0,0,0,0
sm__inst_executed_pipe_tex.sum.pct_of_peak_sustained_elapsed [%],0,0,0,0
sm__inst_executed_pipe_uniform.avg.pct_of_peak_sustained_active [%],1.34,1.33,1.35,2.96
sm__inst_executed_pipe_uniform.avg.pct_of_peak_sustained_elapsed [%],1.12,1.11,1.13,2.60
sm__inst_executed_pipe_uniform.max.pct_of_peak_sustained_active [%],1.38,1.41,1.46,3.13
sm__inst_executed_pipe_uniform.max.pct_of_peak_sustained_elapsed [%],1.16,1.17,1.22,2.75
sm__inst_executed_pipe_uniform.min.pct_of_peak_sustained_active [%],1.29,1.25,1.26,2.84
sm__inst_executed_pipe_uniform.min.pct_of_peak_sustained_elapsed [%],1.08,1.04,1.06,2.50
sm__inst_executed_pipe_uniform.sum.pct_of_peak_sustained_active [%],1.34,1.33,1.35,2.96
sm__inst_executed_pipe_uniform.sum.pct_of_peak_sustained_elapsed [%],1.12,1.11,1.13,2.60
sm__inst_executed_pipe_xu.avg.pct_of_peak_sustained_active [%],0,0,0,3.62
sm__inst_executed_pipe_xu.avg.pct_of_peak_sustained_elapsed [%],0,0,0,3.19
sm__inst_executed_pipe_xu.max.pct_of_peak_sustained_active [%],0,0,0,3.83
sm__inst_executed_pipe_xu.max.pct_of_peak_sustained_elapsed [%],0,0,0,3.37
sm__inst_executed_pipe_xu.min.pct_of_peak_sustained_active [%],0,0,0,3.48
sm__inst_executed_pipe_xu.min.pct_of_peak_sustained_elapsed [%],0,0,0,3.07
sm__inst_executed_pipe_xu.sum.pct_of_peak_sustained_active [%],0,0,0,3.62
sm__inst_executed_pipe_xu.sum.pct_of_peak_sustained_elapsed [%],0,0,0,3.19
sm__inst_issued.avg.pct_of_peak_sustained_elapsed [%],8.76,8.65,8.80,24.56
sm__inst_issued.avg.per_cycle_active [inst/cycle],0.42,0.42,0.42,1.12
sm__inst_issued.max.pct_of_peak_sustained_elapsed [%],9.05,9.13,9.49,25.98
sm__inst_issued.max.per_cycle_active [inst/cycle],0.43,0.44,0.45,1.18
sm__inst_issued.min.pct_of_peak_sustained_elapsed [%],8.44,8.14,8.27,23.61
sm__inst_issued.min.per_cycle_active [inst/cycle],0.40,0.39,0.40,1.07
sm__inst_issued.sum.pct_of_peak_sustained_elapsed [%],8.76,8.65,8.80,24.56
sm__inst_issued.sum.per_cycle_active [inst/cycle],8.36,8.31,8.42,22.31
sm__instruction_throughput.avg.pct_of_peak_sustained_elapsed [%],8.76,8.65,8.80,24.56
sm__instruction_throughput.max.pct_of_peak_sustained_elapsed [%],9.05,9.13,9.49,25.98
sm__instruction_throughput.min.pct_of_peak_sustained_elapsed [%],8.44,8.14,8.27,23.61
sm__instruction_throughput.sum.pct_of_peak_sustained_elapsed [%],8.76,8.65,8.80,24.56
sm__instruction_throughput_internal_activity.avg.pct_of_peak_sustained_elapsed [%],0,0,0,0
sm__instruction_throughput_internal_activity.max.pct_of_peak_sustained_elapsed [%],0,0,0,0
sm__instruction_throughput_internal_activity.min.pct_of_peak_sustained_elapsed [%],0,0,0,0
sm__instruction_throughput_internal_activity.sum.pct_of_peak_sustained_elapsed [%],0,0,0,0
sm__issue_active.avg.pct_of_peak_sustained_elapsed [%],8.76,8.65,8.80,24.56
sm__issue_active.max.pct_of_peak_sustained_elapsed [%],9.05,9.13,9.49,25.98
sm__issue_active.min.pct_of_peak_sustained_elapsed [%],8.44,8.14,8.27,23.61
sm__issue_active.sum.pct_of_peak_sustained_elapsed [%],8.76,8.65,8.80,24.56
sm__maximum_warps_avg_per_active_cycle [warp],48,48,48,48
sm__maximum_warps_per_active_cycle_pct [%],100,100,100,100
sm__memory_throughput.avg.pct_of_peak_sustained_elapsed [%],13.47,13.30,13.53,24.87
sm__memory_throughput.max.pct_of_peak_sustained_elapsed [%],14.25,14.07,14.31,26.31
sm__memory_throughput.min.pct_of_peak_sustained_elapsed [%],12.63,12.47,12.68,23.92
sm__memory_throughput.sum.pct_of_peak_sustained_elapsed [%],13.47,13.30,13.53,24.87
sm__memory_throughput_internal_activity.avg.pct_of_peak_sustained_elapsed [%],0,0,0,0
sm__memory_throughput_internal_activity.max.pct_of_peak_sustained_elapsed [%],0,0,0,0
sm__memory_throughput_internal_activity.min.pct_of_peak_sustained_elapsed [%],0,0,0,0
sm__memory_throughput_internal_activity.sum.pct_of_peak_sustained_elapsed [%],0,0,0,0
sm__mio2rf_writeback_active.avg.pct_of_peak_sustained_elapsed [%],3.37,3.33,3.38,5.39
sm__mio2rf_writeback_active.max.pct_of_peak_sustained_elapsed [%],3.48,3.52,3.58,5.72
sm__mio2rf_writeback_active.min.pct_of_peak_sustained_elapsed [%],3.16,3.12,3.25,5.16
sm__mio2rf_writeback_active.sum.pct_of_peak_sustained_elapsed [%],3.37,3.33,3.38,5.39
sm__mio_inst_issued.avg.pct_of_peak_sustained_elapsed [%],5.99,5.91,6.01,9.28
sm__mio_inst_issued.max.pct_of_peak_sustained_elapsed [%],6.30,6.25,6.36,9.82
sm__mio_inst_issued.min.pct_of_peak_sustained_elapsed [%],5.61,5.54,5.64,8.93
sm__mio_inst_issued.sum.pct_of_peak_sustained_elapsed [%],5.99,5.91,6.01,9.28
sm__mio_pq_read_cycles_active.avg.pct_of_peak_sustained_elapsed [%],2.24,2.22,2.25,5.59
sm__mio_pq_read_cycles_active.max.pct_of_peak_sustained_elapsed [%],2.37,2.35,2.33,5.94
sm__mio_pq_read_cycles_active.min.pct_of_peak_sustained_elapsed [%],2.05,2.08,2.17,5.37
sm__mio_pq_read_cycles_active.sum.pct_of_peak_sustained_elapsed [%],2.24,2.22,2.25,5.59
sm__mio_pq_write_cycles_active.avg.pct_of_peak_sustained_elapsed [%],2.24,2.22,2.25,5.79
sm__mio_pq_write_cycles_active.max.pct_of_peak_sustained_elapsed [%],2.37,2.35,2.33,6.13
sm__mio_pq_write_cycles_active.min.pct_of_peak_sustained_elapsed [%],2.05,2.08,2.17,5.57
sm__mio_pq_write_cycles_active.sum.pct_of_peak_sustained_elapsed [%],2.24,2.22,2.25,5.79
sm__ops_path_tensor_src_bf16_dst_fp32_sparsity_off.avg,0,0,0,0
sm__ops_path_tensor_src_bf16_dst_fp32_sparsity_off.avg.pct_of_peak_sustained_elapsed [%],0,0,0,0
sm__ops_path_tensor_src_bf16_dst_fp32_sparsity_off.avg.peak_sustained,512,512,512,512
sm__ops_path_tensor_src_bf16_dst_fp32_sparsity_off.avg.per_cycle_elapsed,0,0,0,0
sm__ops_path_tensor_src_bf16_dst_fp32_sparsity_off.avg.per_second,0,0,0,0
sm__ops_path_tensor_src_bf16_dst_fp32_sparsity_off.max,0,0,0,0
sm__ops_path_tensor_src_bf16_dst_fp32_sparsity_off.max.pct_of_peak_sustained_elapsed [%],0,0,0,0
sm__ops_path_tensor_src_bf16_dst_fp32_sparsity_off.max.peak_sustained,512,512,512,512
sm__ops_path_tensor_src_bf16_dst_fp32_sparsity_off.max.per_cycle_elapsed,0,0,0,0
sm__ops_path_tensor_src_bf16_dst_fp32_sparsity_off.max.per_second,0,0,0,0
sm__ops_path_tensor_src_bf16_dst_fp32_sparsity_off.min,0,0,0,0
sm__ops_path_tensor_src_bf16_dst_fp32_sparsity_off.min.pct_of_peak_sustained_elapsed [%],0,0,0,0
sm__ops_path_tensor_src_bf16_dst_fp32_sparsity_off.min.peak_sustained,512,512,512,512
sm__ops_path_tensor_src_bf16_dst_fp32_sparsity_off.min.per_cycle_elapsed,0,0,0,0
sm__ops_path_tensor_src_bf16_dst_fp32_sparsity_off.min.per_second,0,0,0,0
sm__ops_path_tensor_src_bf16_dst_fp32_sparsity_off.sum,0,0,0,0
sm__ops_path_tensor_src_bf16_dst_fp32_sparsity_off.sum.pct_of_peak_sustained_elapsed [%],0,0,0,0
sm__ops_path_tensor_src_bf16_dst_fp32_sparsity_off.sum.peak_sustained,"10,240","10,240","10,240","10,240"
sm__ops_path_tensor_src_bf16_dst_fp32_sparsity_off.sum.peak_sustained_elapsed.per_second,"2,16,61,07,76,25,570.77","2,16,34,88,28,82,882.88","2,15,68,14,61,18,721.46","2,15,18,18,55,67,010.31"
sm__ops_path_tensor_src_bf16_dst_fp32_sparsity_off.sum.per_cycle_elapsed,0,0,0,0
sm__ops_path_tensor_src_bf16_dst_fp32_sparsity_off.sum.per_second,0,0,0,0
sm__ops_path_tensor_src_bf16_dst_fp32_sparsity_on.avg,0,0,0,0
sm__ops_path_tensor_src_bf16_dst_fp32_sparsity_on.avg.pct_of_peak_sustained_elapsed [%],0,0,0,0
sm__ops_path_tensor_src_bf16_dst_fp32_sparsity_on.avg.peak_sustained,"1,024","1,024","1,024","1,024"
sm__ops_path_tensor_src_bf16_dst_fp32_sparsity_on.avg.per_cycle_elapsed,0,0,0,0
sm__ops_path_tensor_src_bf16_dst_fp32_sparsity_on.avg.per_second,0,0,0,0
sm__ops_path_tensor_src_bf16_dst_fp32_sparsity_on.max,0,0,0,0
sm__ops_path_tensor_src_bf16_dst_fp32_sparsity_on.max.pct_of_peak_sustained_elapsed [%],0,0,0,0
sm__ops_path_tensor_src_bf16_dst_fp32_sparsity_on.max.peak_sustained,"1,024","1,024","1,024","1,024"
sm__ops_path_tensor_src_bf16_dst_fp32_sparsity_on.max.per_cycle_elapsed,0,0,0,0
sm__ops_path_tensor_src_bf16_dst_fp32_sparsity_on.max.per_second,0,0,0,0
sm__ops_path_tensor_src_bf16_dst_fp32_sparsity_on.min,0,0,0,0
sm__ops_path_tensor_src_bf16_dst_fp32_sparsity_on.min.pct_of_peak_sustained_elapsed [%],0,0,0,0
sm__ops_path_tensor_src_bf16_dst_fp32_sparsity_on.min.peak_sustained,"1,024","1,024","1,024","1,024"
sm__ops_path_tensor_src_bf16_dst_fp32_sparsity_on.min.per_cycle_elapsed,0,0,0,0
sm__ops_path_tensor_src_bf16_dst_fp32_sparsity_on.min.per_second,0,0,0,0
sm__ops_path_tensor_src_bf16_dst_fp32_sparsity_on.sum,0,0,0,0
sm__ops_path_tensor_src_bf16_dst_fp32_sparsity_on.sum.pct_of_peak_sustained_elapsed [%],0,0,0,0
sm__ops_path_tensor_src_bf16_dst_fp32_sparsity_on.sum.peak_sustained,"20,480","20,480","20,480","20,480"
sm__ops_path_tensor_src_bf16_dst_fp32_sparsity_on.sum.peak_sustained_elapsed.per_second,"4,33,22,15,52,51,141.55","4,32,69,76,57,65,765.77","4,31,36,29,22,37,442.92","4,30,36,37,11,34,020.62"
sm__ops_path_tensor_src_bf16_dst_fp32_sparsity_on.sum.per_cycle_elapsed,0,0,0,0
sm__ops_path_tensor_src_bf16_dst_fp32_sparsity_on.sum.per_second,0,0,0,0
sm__ops_path_tensor_src_fp16_dst_fp16_sparsity_off.avg,0,0,0,0
sm__ops_path_tensor_src_fp16_dst_fp16_sparsity_off.avg.pct_of_peak_sustained_elapsed [%],0,0,0,0
sm__ops_path_tensor_src_fp16_dst_fp16_sparsity_off.avg.peak_sustained,"1,024","1,024","1,024","1,024"
sm__ops_path_tensor_src_fp16_dst_fp16_sparsity_off.avg.per_cycle_elapsed,0,0,0,0
sm__ops_path_tensor_src_fp16_dst_fp16_sparsity_off.avg.per_second,0,0,0,0
sm__ops_path_tensor_src_fp16_dst_fp16_sparsity_off.max,0,0,0,0
sm__ops_path_tensor_src_fp16_dst_fp16_sparsity_off.max.pct_of_peak_sustained_elapsed [%],0,0,0,0
sm__ops_path_tensor_src_fp16_dst_fp16_sparsity_off.max.peak_sustained,"1,024","1,024","1,024","1,024"
sm__ops_path_tensor_src_fp16_dst_fp16_sparsity_off.max.per_cycle_elapsed,0,0,0,0
sm__ops_path_tensor_src_fp16_dst_fp16_sparsity_off.max.per_second,0,0,0,0
sm__ops_path_tensor_src_fp16_dst_fp16_sparsity_off.min,0,0,0,0
sm__ops_path_tensor_src_fp16_dst_fp16_sparsity_off.min.pct_of_peak_sustained_elapsed [%],0,0,0,0
sm__ops_path_tensor_src_fp16_dst_fp16_sparsity_off.min.peak_sustained,"1,024","1,024","1,024","1,024"
sm__ops_path_tensor_src_fp16_dst_fp16_sparsity_off.min.per_cycle_elapsed,0,0,0,0
sm__ops_path_tensor_src_fp16_dst_fp16_sparsity_off.min.per_second,0,0,0,0
sm__ops_path_tensor_src_fp16_dst_fp16_sparsity_off.sum,0,0,0,0
sm__ops_path_tensor_src_fp16_dst_fp16_sparsity_off.sum.pct_of_peak_sustained_elapsed [%],0,0,0,0
sm__ops_path_tensor_src_fp16_dst_fp16_sparsity_off.sum.peak_sustained,"20,480","20,480","20,480","20,480"
sm__ops_path_tensor_src_fp16_dst_fp16_sparsity_off.sum.peak_sustained_elapsed.per_second,"4,33,22,15,52,51,141.55","4,32,69,76,57,65,765.77","4,31,36,29,22,37,442.92","4,30,36,37,11,34,020.62"
sm__ops_path_tensor_src_fp16_dst_fp16_sparsity_off.sum.per_cycle_elapsed,0,0,0,0
sm__ops_path_tensor_src_fp16_dst_fp16_sparsity_off.sum.per_second,0,0,0,0
sm__ops_path_tensor_src_fp16_dst_fp16_sparsity_on.avg,0,0,0,0
sm__ops_path_tensor_src_fp16_dst_fp16_sparsity_on.avg.pct_of_peak_sustained_elapsed [%],0,0,0,0
sm__ops_path_tensor_src_fp16_dst_fp16_sparsity_on.avg.peak_sustained,"2,048","2,048","2,048","2,048"
sm__ops_path_tensor_src_fp16_dst_fp16_sparsity_on.avg.per_cycle_elapsed,0,0,0,0
sm__ops_path_tensor_src_fp16_dst_fp16_sparsity_on.avg.per_second,0,0,0,0
sm__ops_path_tensor_src_fp16_dst_fp16_sparsity_on.max,0,0,0,0
sm__ops_path_tensor_src_fp16_dst_fp16_sparsity_on.max.pct_of_peak_sustained_elapsed [%],0,0,0,0
sm__ops_path_tensor_src_fp16_dst_fp16_sparsity_on.max.peak_sustained,"2,048","2,048","2,048","2,048"
sm__ops_path_tensor_src_fp16_dst_fp16_sparsity_on.max.per_cycle_elapsed,0,0,0,0
sm__ops_path_tensor_src_fp16_dst_fp16_sparsity_on.max.per_second,0,0,0,0
sm__ops_path_tensor_src_fp16_dst_fp16_sparsity_on.min,0,0,0,0
sm__ops_path_tensor_src_fp16_dst_fp16_sparsity_on.min.pct_of_peak_sustained_elapsed [%],0,0,0,0
sm__ops_path_tensor_src_fp16_dst_fp16_sparsity_on.min.peak_sustained,"2,048","2,048","2,048","2,048"
sm__ops_path_tensor_src_fp16_dst_fp16_sparsity_on.min.per_cycle_elapsed,0,0,0,0
sm__ops_path_tensor_src_fp16_dst_fp16_sparsity_on.min.per_second,0,0,0,0
sm__ops_path_tensor_src_fp16_dst_fp16_sparsity_on.sum,0,0,0,0
sm__ops_path_tensor_src_fp16_dst_fp16_sparsity_on.sum.pct_of_peak_sustained_elapsed [%],0,0,0,0
sm__ops_path_tensor_src_fp16_dst_fp16_sparsity_on.sum.peak_sustained,"40,960","40,960","40,960","40,960"
sm__ops_path_tensor_src_fp16_dst_fp16_sparsity_on.sum.peak_sustained_elapsed.per_second,"8,66,44,31,05,02,283.09","8,65,39,53,15,31,531.53","8,62,72,58,44,74,885.84","8,60,72,74,22,68,041.23"
sm__ops_path_tensor_src_fp16_dst_fp16_sparsity_on.sum.per_cycle_elapsed,0,0,0,0
sm__ops_path_tensor_src_fp16_dst_fp16_sparsity_on.sum.per_second,0,0,0,0
sm__ops_path_tensor_src_fp16_dst_fp32_sparsity_off.avg,0,0,0,"6,81,574.40"
sm__ops_path_tensor_src_fp16_dst_fp32_sparsity_off.avg.pct_of_peak_sustained_elapsed [%],0,0,0,6.80
sm__ops_path_tensor_src_fp16_dst_fp32_sparsity_off.avg.peak_sustained,512,512,512,512
sm__ops_path_tensor_src_fp16_dst_fp32_sparsity_off.avg.per_cycle_elapsed,0,0,0,34.83
sm__ops_path_tensor_src_fp16_dst_fp32_sparsity_off.avg.per_second,0,0,0,"73,19,31,27,147.77"
sm__ops_path_tensor_src_fp16_dst_fp32_sparsity_off.max,0,0,0,"7,20,896"
sm__ops_path_tensor_src_fp16_dst_fp32_sparsity_off.max.pct_of_peak_sustained_elapsed [%],0,0,0,7.20
sm__ops_path_tensor_src_fp16_dst_fp32_sparsity_off.max.peak_sustained,512,512,512,512
sm__ops_path_tensor_src_fp16_dst_fp32_sparsity_off.max.per_cycle_elapsed,0,0,0,36.84
sm__ops_path_tensor_src_fp16_dst_fp32_sparsity_off.max.per_second,0,0,0,"77,41,58,07,560.14"
sm__ops_path_tensor_src_fp16_dst_fp32_sparsity_off.min,0,0,0,"6,55,360"
sm__ops_path_tensor_src_fp16_dst_fp32_sparsity_off.min.pct_of_peak_sustained_elapsed [%],0,0,0,6.54
sm__ops_path_tensor_src_fp16_dst_fp32_sparsity_off.min.peak_sustained,512,512,512,512
sm__ops_path_tensor_src_fp16_dst_fp32_sparsity_off.min.per_cycle_elapsed,0,0,0,33.49
sm__ops_path_tensor_src_fp16_dst_fp32_sparsity_off.min.per_second,0,0,0,"70,37,80,06,872.85"
sm__ops_path_tensor_src_fp16_dst_fp32_sparsity_off.sum,0,0,0,"1,36,31,488"
sm__ops_path_tensor_src_fp16_dst_fp32_sparsity_off.sum.pct_of_peak_sustained_elapsed [%],0,0,0,6.80
sm__ops_path_tensor_src_fp16_dst_fp32_sparsity_off.sum.peak_sustained,"10,240","10,240","10,240","10,240"
sm__ops_path_tensor_src_fp16_dst_fp32_sparsity_off.sum.peak_sustained_elapsed.per_second,"2,16,61,07,76,25,570.77","2,16,34,88,28,82,882.88","2,15,68,14,61,18,721.46","2,15,18,18,55,67,010.31"
sm__ops_path_tensor_src_fp16_dst_fp32_sparsity_off.sum.per_cycle_elapsed,0,0,0,696.62
sm__ops_path_tensor_src_fp16_dst_fp32_sparsity_off.sum.per_second,0,0,0,"14,63,86,25,42,955.33"
sm__ops_path_tensor_src_fp16_dst_fp32_sparsity_on.avg,0,0,0,0
sm__ops_path_tensor_src_fp16_dst_fp32_sparsity_on.avg.pct_of_peak_sustained_elapsed [%],0,0,0,0
sm__ops_path_tensor_src_fp16_dst_fp32_sparsity_on.avg.peak_sustained,"1,024","1,024","1,024","1,024"
sm__ops_path_tensor_src_fp16_dst_fp32_sparsity_on.avg.per_cycle_elapsed,0,0,0,0
sm__ops_path_tensor_src_fp16_dst_fp32_sparsity_on.avg.per_second,0,0,0,0
sm__ops_path_tensor_src_fp16_dst_fp32_sparsity_on.max,0,0,0,0
sm__ops_path_tensor_src_fp16_dst_fp32_sparsity_on.max.pct_of_peak_sustained_elapsed [%],0,0,0,0
sm__ops_path_tensor_src_fp16_dst_fp32_sparsity_on.max.peak_sustained,"1,024","1,024","1,024","1,024"
sm__ops_path_tensor_src_fp16_dst_fp32_sparsity_on.max.per_cycle_elapsed,0,0,0,0
sm__ops_path_tensor_src_fp16_dst_fp32_sparsity_on.max.per_second,0,0,0,0
sm__ops_path_tensor_src_fp16_dst_fp32_sparsity_on.min,0,0,0,0
sm__ops_path_tensor_src_fp16_dst_fp32_sparsity_on.min.pct_of_peak_sustained_elapsed [%],0,0,0,0
sm__ops_path_tensor_src_fp16_dst_fp32_sparsity_on.min.peak_sustained,"1,024","1,024","1,024","1,024"
sm__ops_path_tensor_src_fp16_dst_fp32_sparsity_on.min.per_cycle_elapsed,0,0,0,0
sm__ops_path_tensor_src_fp16_dst_fp32_sparsity_on.min.per_second,0,0,0,0
sm__ops_path_tensor_src_fp16_dst_fp32_sparsity_on.sum,0,0,0,0
sm__ops_path_tensor_src_fp16_dst_fp32_sparsity_on.sum.pct_of_peak_sustained_elapsed [%],0,0,0,0
sm__ops_path_tensor_src_fp16_dst_fp32_sparsity_on.sum.peak_sustained,"20,480","20,480","20,480","20,480"
sm__ops_path_tensor_src_fp16_dst_fp32_sparsity_on.sum.peak_sustained_elapsed.per_second,"4,33,22,15,52,51,141.55","4,32,69,76,57,65,765.77","4,31,36,29,22,37,442.92","4,30,36,37,11,34,020.62"
sm__ops_path_tensor_src_fp16_dst_fp32_sparsity_on.sum.per_cycle_elapsed,0,0,0,0
sm__ops_path_tensor_src_fp16_dst_fp32_sparsity_on.sum.per_second,0,0,0,0
sm__ops_path_tensor_src_fp64.avg,0,0,0,0
sm__ops_path_tensor_src_fp64.avg.pct_of_peak_sustained_elapsed [%],0,0,0,0
sm__ops_path_tensor_src_fp64.avg.peak_sustained,3.61,3.61,3.61,3.61
sm__ops_path_tensor_src_fp64.avg.per_cycle_elapsed,0,0,0,0
sm__ops_path_tensor_src_fp64.avg.per_second,0,0,0,0
sm__ops_path_tensor_src_fp64.max,0,0,0,0
sm__ops_path_tensor_src_fp64.max.pct_of_peak_sustained_elapsed [%],0,0,0,0
sm__ops_path_tensor_src_fp64.max.peak_sustained,3.61,3.61,3.61,3.61
sm__ops_path_tensor_src_fp64.max.per_cycle_elapsed,0,0,0,0
sm__ops_path_tensor_src_fp64.max.per_second,0,0,0,0
sm__ops_path_tensor_src_fp64.min,0,0,0,0
sm__ops_path_tensor_src_fp64.min.pct_of_peak_sustained_elapsed [%],0,0,0,0
sm__ops_path_tensor_src_fp64.min.peak_sustained,3.61,3.61,3.61,3.61
sm__ops_path_tensor_src_fp64.min.per_cycle_elapsed,0,0,0,0
sm__ops_path_tensor_src_fp64.min.per_second,0,0,0,0
sm__ops_path_tensor_src_fp64.sum,0,0,0,0
sm__ops_path_tensor_src_fp64.sum.pct_of_peak_sustained_elapsed [%],0,0,0,0
sm__ops_path_tensor_src_fp64.sum.peak_sustained,72.11,72.11,72.11,72.11
sm__ops_path_tensor_src_fp64.sum.peak_sustained_elapsed.per_second,"1,52,54,28,00,180.08","1,52,35,83,30,161.15","1,51,88,83,52,948.74","1,51,53,65,18,077.54"
sm__ops_path_tensor_src_fp64.sum.per_cycle_elapsed,0,0,0,0
sm__ops_path_tensor_src_fp64.sum.per_second,0,0,0,0
sm__ops_path_tensor_src_fp8_sparsity_off.avg,0,0,0,0
sm__ops_path_tensor_src_fp8_sparsity_off.avg.pct_of_peak_sustained_elapsed [%],0,0,0,0
sm__ops_path_tensor_src_fp8_sparsity_off.avg.peak_sustained,"2,048","2,048","2,048","2,048"
sm__ops_path_tensor_src_fp8_sparsity_off.avg.per_cycle_elapsed,0,0,0,0
sm__ops_path_tensor_src_fp8_sparsity_off.avg.per_second,0,0,0,0
sm__ops_path_tensor_src_fp8_sparsity_off.max,0,0,0,0
sm__ops_path_tensor_src_fp8_sparsity_off.max.pct_of_peak_sustained_elapsed [%],0,0,0,0
sm__ops_path_tensor_src_fp8_sparsity_off.max.peak_sustained,"2,048","2,048","2,048","2,048"
sm__ops_path_tensor_src_fp8_sparsity_off.max.per_cycle_elapsed,0,0,0,0
sm__ops_path_tensor_src_fp8_sparsity_off.max.per_second,0,0,0,0
sm__ops_path_tensor_src_fp8_sparsity_off.min,0,0,0,0
sm__ops_path_tensor_src_fp8_sparsity_off.min.pct_of_peak_sustained_elapsed [%],0,0,0,0
sm__ops_path_tensor_src_fp8_sparsity_off.min.peak_sustained,"2,048","2,048","2,048","2,048"
sm__ops_path_tensor_src_fp8_sparsity_off.min.per_cycle_elapsed,0,0,0,0
sm__ops_path_tensor_src_fp8_sparsity_off.min.per_second,0,0,0,0
sm__ops_path_tensor_src_fp8_sparsity_off.sum,0,0,0,0
sm__ops_path_tensor_src_fp8_sparsity_off.sum.pct_of_peak_sustained_elapsed [%],0,0,0,0
sm__ops_path_tensor_src_fp8_sparsity_off.sum.peak_sustained,"40,960","40,960","40,960","40,960"
sm__ops_path_tensor_src_fp8_sparsity_off.sum.peak_sustained_elapsed.per_second,"8,66,44,31,05,02,283.09","8,65,39,53,15,31,531.53","8,62,72,58,44,74,885.84","8,60,72,74,22,68,041.23"
sm__ops_path_tensor_src_fp8_sparsity_off.sum.per_cycle_elapsed,0,0,0,0
sm__ops_path_tensor_src_fp8_sparsity_off.sum.per_second,0,0,0,0
sm__ops_path_tensor_src_fp8_sparsity_on.avg,0,0,0,0
sm__ops_path_tensor_src_fp8_sparsity_on.avg.pct_of_peak_sustained_elapsed [%],0,0,0,0
sm__ops_path_tensor_src_fp8_sparsity_on.avg.peak_sustained,"4,096","4,096","4,096","4,096"
sm__ops_path_tensor_src_fp8_sparsity_on.avg.per_cycle_elapsed,0,0,0,0
sm__ops_path_tensor_src_fp8_sparsity_on.avg.per_second,0,0,0,0
sm__ops_path_tensor_src_fp8_sparsity_on.max,0,0,0,0
sm__ops_path_tensor_src_fp8_sparsity_on.max.pct_of_peak_sustained_elapsed [%],0,0,0,0
sm__ops_path_tensor_src_fp8_sparsity_on.max.peak_sustained,"4,096","4,096","4,096","4,096"
sm__ops_path_tensor_src_fp8_sparsity_on.max.per_cycle_elapsed,0,0,0,0
sm__ops_path_tensor_src_fp8_sparsity_on.max.per_second,0,0,0,0
sm__ops_path_tensor_src_fp8_sparsity_on.min,0,0,0,0
sm__ops_path_tensor_src_fp8_sparsity_on.min.pct_of_peak_sustained_elapsed [%],0,0,0,0
sm__ops_path_tensor_src_fp8_sparsity_on.min.peak_sustained,"4,096","4,096","4,096","4,096"
sm__ops_path_tensor_src_fp8_sparsity_on.min.per_cycle_elapsed,0,0,0,0
sm__ops_path_tensor_src_fp8_sparsity_on.min.per_second,0,0,0,0
sm__ops_path_tensor_src_fp8_sparsity_on.sum,0,0,0,0
sm__ops_path_tensor_src_fp8_sparsity_on.sum.pct_of_peak_sustained_elapsed [%],0,0,0,0
sm__ops_path_tensor_src_fp8_sparsity_on.sum.peak_sustained,"81,920","81,920","81,920","81,920"
sm__ops_path_tensor_src_fp8_sparsity_on.sum.peak_sustained_elapsed.per_second,"17,32,88,62,10,04,566.19","17,30,79,06,30,63,063.06","17,25,45,16,89,49,771.69","17,21,45,48,45,36,082.47"
sm__ops_path_tensor_src_fp8_sparsity_on.sum.per_cycle_elapsed,0,0,0,0
sm__ops_path_tensor_src_fp8_sparsity_on.sum.per_second,0,0,0,0
sm__ops_path_tensor_src_int1.avg,0,0,0,0
sm__ops_path_tensor_src_int1.avg.pct_of_peak_sustained_elapsed [%],0,0,0,0
sm__ops_path_tensor_src_int1.avg.peak_sustained,"16,384","16,384","16,384","16,384"
sm__ops_path_tensor_src_int1.avg.per_cycle_elapsed,0,0,0,0
sm__ops_path_tensor_src_int1.avg.per_second,0,0,0,0
sm__ops_path_tensor_src_int1.max,0,0,0,0
sm__ops_path_tensor_src_int1.max.pct_of_peak_sustained_elapsed [%],0,0,0,0
sm__ops_path_tensor_src_int1.max.peak_sustained,"16,384","16,384","16,384","16,384"
sm__ops_path_tensor_src_int1.max.per_cycle_elapsed,0,0,0,0
sm__ops_path_tensor_src_int1.max.per_second,0,0,0,0
sm__ops_path_tensor_src_int1.min,0,0,0,0
sm__ops_path_tensor_src_int1.min.pct_of_peak_sustained_elapsed [%],0,0,0,0
sm__ops_path_tensor_src_int1.min.peak_sustained,"16,384","16,384","16,384","16,384"
sm__ops_path_tensor_src_int1.min.per_cycle_elapsed,0,0,0,0
sm__ops_path_tensor_src_int1.min.per_second,0,0,0,0
sm__ops_path_tensor_src_int1.sum,0,0,0,0
sm__ops_path_tensor_src_int1.sum.pct_of_peak_sustained_elapsed [%],0,0,0,0
sm__ops_path_tensor_src_int1.sum.peak_sustained,"3,27,680","3,27,680","3,27,680","3,27,680"
sm__ops_path_tensor_src_int1.sum.peak_sustained_elapsed.per_second,"69,31,54,48,40,18,264.75","69,23,16,25,22,52,252.25","69,01,80,67,57,99,086.75","68,85,81,93,81,44,329.88"
sm__ops_path_tensor_src_int1.sum.per_cycle_elapsed,0,0,0,0
sm__ops_path_tensor_src_int1.sum.per_second,0,0,0,0
sm__ops_path_tensor_src_int4_sparsity_off.avg,0,0,0,0
sm__ops_path_tensor_src_int4_sparsity_off.avg.pct_of_peak_sustained_elapsed [%],0,0,0,0
sm__ops_path_tensor_src_int4_sparsity_off.avg.peak_sustained,"4,096","4,096","4,096","4,096"
sm__ops_path_tensor_src_int4_sparsity_off.avg.per_cycle_elapsed,0,0,0,0
sm__ops_path_tensor_src_int4_sparsity_off.avg.per_second,0,0,0,0
sm__ops_path_tensor_src_int4_sparsity_off.max,0,0,0,0
sm__ops_path_tensor_src_int4_sparsity_off.max.pct_of_peak_sustained_elapsed [%],0,0,0,0
sm__ops_path_tensor_src_int4_sparsity_off.max.peak_sustained,"4,096","4,096","4,096","4,096"
sm__ops_path_tensor_src_int4_sparsity_off.max.per_cycle_elapsed,0,0,0,0
sm__ops_path_tensor_src_int4_sparsity_off.max.per_second,0,0,0,0
sm__ops_path_tensor_src_int4_sparsity_off.min,0,0,0,0
sm__ops_path_tensor_src_int4_sparsity_off.min.pct_of_peak_sustained_elapsed [%],0,0,0,0
sm__ops_path_tensor_src_int4_sparsity_off.min.peak_sustained,"4,096","4,096","4,096","4,096"
sm__ops_path_tensor_src_int4_sparsity_off.min.per_cycle_elapsed,0,0,0,0
sm__ops_path_tensor_src_int4_sparsity_off.min.per_second,0,0,0,0
sm__ops_path_tensor_src_int4_sparsity_off.sum,0,0,0,0
sm__ops_path_tensor_src_int4_sparsity_off.sum.pct_of_peak_sustained_elapsed [%],0,0,0,0
sm__ops_path_tensor_src_int4_sparsity_off.sum.peak_sustained,"81,920","81,920","81,920","81,920"
sm__ops_path_tensor_src_int4_sparsity_off.sum.peak_sustained_elapsed.per_second,"17,32,88,62,10,04,566.19","17,30,79,06,30,63,063.06","17,25,45,16,89,49,771.69","17,21,45,48,45,36,082.47"
sm__ops_path_tensor_src_int4_sparsity_off.sum.per_cycle_elapsed,0,0,0,0
sm__ops_path_tensor_src_int4_sparsity_off.sum.per_second,0,0,0,0
sm__ops_path_tensor_src_int4_sparsity_on.avg,0,0,0,0
sm__ops_path_tensor_src_int4_sparsity_on.avg.pct_of_peak_sustained_elapsed [%],0,0,0,0
sm__ops_path_tensor_src_int4_sparsity_on.avg.peak_sustained,"8,192","8,192","8,192","8,192"
sm__ops_path_tensor_src_int4_sparsity_on.avg.per_cycle_elapsed,0,0,0,0
sm__ops_path_tensor_src_int4_sparsity_on.avg.per_second,0,0,0,0
sm__ops_path_tensor_src_int4_sparsity_on.max,0,0,0,0
sm__ops_path_tensor_src_int4_sparsity_on.max.pct_of_peak_sustained_elapsed [%],0,0,0,0
sm__ops_path_tensor_src_int4_sparsity_on.max.peak_sustained,"8,192","8,192","8,192","8,192"
sm__ops_path_tensor_src_int4_sparsity_on.max.per_cycle_elapsed,0,0,0,0
sm__ops_path_tensor_src_int4_sparsity_on.max.per_second,0,0,0,0
sm__ops_path_tensor_src_int4_sparsity_on.min,0,0,0,0
sm__ops_path_tensor_src_int4_sparsity_on.min.pct_of_peak_sustained_elapsed [%],0,0,0,0
sm__ops_path_tensor_src_int4_sparsity_on.min.peak_sustained,"8,192","8,192","8,192","8,192"
sm__ops_path_tensor_src_int4_sparsity_on.min.per_cycle_elapsed,0,0,0,0
sm__ops_path_tensor_src_int4_sparsity_on.min.per_second,0,0,0,0
sm__ops_path_tensor_src_int4_sparsity_on.sum,0,0,0,0
sm__ops_path_tensor_src_int4_sparsity_on.sum.pct_of_peak_sustained_elapsed [%],0,0,0,0
sm__ops_path_tensor_src_int4_sparsity_on.sum.peak_sustained,"1,63,840","1,63,840","1,63,840","1,63,840"
sm__ops_path_tensor_src_int4_sparsity_on.sum.peak_sustained_elapsed.per_second,"34,65,77,24,20,09,132.38","34,61,58,12,61,26,126.12","34,50,90,33,78,99,543.38","34,42,90,96,90,72,164.94"
sm__ops_path_tensor_src_int4_sparsity_on.sum.per_cycle_elapsed,0,0,0,0
sm__ops_path_tensor_src_int4_sparsity_on.sum.per_second,0,0,0,0
sm__ops_path_tensor_src_int8_sparsity_off.avg,0,0,0,0
sm__ops_path_tensor_src_int8_sparsity_off.avg.pct_of_peak_sustained_elapsed [%],0,0,0,0
sm__ops_path_tensor_src_int8_sparsity_off.avg.peak_sustained,"2,048","2,048","2,048","2,048"
sm__ops_path_tensor_src_int8_sparsity_off.avg.per_cycle_elapsed,0,0,0,0
sm__ops_path_tensor_src_int8_sparsity_off.avg.per_second,0,0,0,0
sm__ops_path_tensor_src_int8_sparsity_off.max,0,0,0,0
sm__ops_path_tensor_src_int8_sparsity_off.max.pct_of_peak_sustained_elapsed [%],0,0,0,0
sm__ops_path_tensor_src_int8_sparsity_off.max.peak_sustained,"2,048","2,048","2,048","2,048"
sm__ops_path_tensor_src_int8_sparsity_off.max.per_cycle_elapsed,0,0,0,0
sm__ops_path_tensor_src_int8_sparsity_off.max.per_second,0,0,0,0
sm__ops_path_tensor_src_int8_sparsity_off.min,0,0,0,0
sm__ops_path_tensor_src_int8_sparsity_off.min.pct_of_peak_sustained_elapsed [%],0,0,0,0
sm__ops_path_tensor_src_int8_sparsity_off.min.peak_sustained,"2,048","2,048","2,048","2,048"
sm__ops_path_tensor_src_int8_sparsity_off.min.per_cycle_elapsed,0,0,0,0
sm__ops_path_tensor_src_int8_sparsity_off.min.per_second,0,0,0,0
sm__ops_path_tensor_src_int8_sparsity_off.sum,0,0,0,0
sm__ops_path_tensor_src_int8_sparsity_off.sum.pct_of_peak_sustained_elapsed [%],0,0,0,0
sm__ops_path_tensor_src_int8_sparsity_off.sum.peak_sustained,"40,960","40,960","40,960","40,960"
sm__ops_path_tensor_src_int8_sparsity_off.sum.peak_sustained_elapsed.per_second,"8,66,44,31,05,02,283.09","8,65,39,53,15,31,531.53","8,62,72,58,44,74,885.84","8,60,72,74,22,68,041.23"
sm__ops_path_tensor_src_int8_sparsity_off.sum.per_cycle_elapsed,0,0,0,0
sm__ops_path_tensor_src_int8_sparsity_off.sum.per_second,0,0,0,0
sm__ops_path_tensor_src_int8_sparsity_on.avg,0,0,0,0
sm__ops_path_tensor_src_int8_sparsity_on.avg.pct_of_peak_sustained_elapsed [%],0,0,0,0
sm__ops_path_tensor_src_int8_sparsity_on.avg.peak_sustained,"4,096","4,096","4,096","4,096"
sm__ops_path_tensor_src_int8_sparsity_on.avg.per_cycle_elapsed,0,0,0,0
sm__ops_path_tensor_src_int8_sparsity_on.avg.per_second,0,0,0,0
sm__ops_path_tensor_src_int8_sparsity_on.max,0,0,0,0
sm__ops_path_tensor_src_int8_sparsity_on.max.pct_of_peak_sustained_elapsed [%],0,0,0,0
sm__ops_path_tensor_src_int8_sparsity_on.max.peak_sustained,"4,096","4,096","4,096","4,096"
sm__ops_path_tensor_src_int8_sparsity_on.max.per_cycle_elapsed,0,0,0,0
sm__ops_path_tensor_src_int8_sparsity_on.max.per_second,0,0,0,0
sm__ops_path_tensor_src_int8_sparsity_on.min,0,0,0,0
sm__ops_path_tensor_src_int8_sparsity_on.min.pct_of_peak_sustained_elapsed [%],0,0,0,0
sm__ops_path_tensor_src_int8_sparsity_on.min.peak_sustained,"4,096","4,096","4,096","4,096"
sm__ops_path_tensor_src_int8_sparsity_on.min.per_cycle_elapsed,0,0,0,0
sm__ops_path_tensor_src_int8_sparsity_on.min.per_second,0,0,0,0
sm__ops_path_tensor_src_int8_sparsity_on.sum,0,0,0,0
sm__ops_path_tensor_src_int8_sparsity_on.sum.pct_of_peak_sustained_elapsed [%],0,0,0,0
sm__ops_path_tensor_src_int8_sparsity_on.sum.peak_sustained,"81,920","81,920","81,920","81,920"
sm__ops_path_tensor_src_int8_sparsity_on.sum.peak_sustained_elapsed.per_second,"17,32,88,62,10,04,566.19","17,30,79,06,30,63,063.06","17,25,45,16,89,49,771.69","17,21,45,48,45,36,082.47"
sm__ops_path_tensor_src_int8_sparsity_on.sum.per_cycle_elapsed,0,0,0,0
sm__ops_path_tensor_src_int8_sparsity_on.sum.per_second,0,0,0,0
sm__ops_path_tensor_src_tf32_dst_fp32_sparsity_off.avg,0,0,0,0
sm__ops_path_tensor_src_tf32_dst_fp32_sparsity_off.avg.pct_of_peak_sustained_elapsed [%],0,0,0,0
sm__ops_path_tensor_src_tf32_dst_fp32_sparsity_off.avg.peak_sustained,256,256,256,256
sm__ops_path_tensor_src_tf32_dst_fp32_sparsity_off.avg.per_cycle_elapsed,0,0,0,0
sm__ops_path_tensor_src_tf32_dst_fp32_sparsity_off.avg.per_second,0,0,0,0
sm__ops_path_tensor_src_tf32_dst_fp32_sparsity_off.max,0,0,0,0
sm__ops_path_tensor_src_tf32_dst_fp32_sparsity_off.max.pct_of_peak_sustained_elapsed [%],0,0,0,0
sm__ops_path_tensor_src_tf32_dst_fp32_sparsity_off.max.peak_sustained,256,256,256,256
sm__ops_path_tensor_src_tf32_dst_fp32_sparsity_off.max.per_cycle_elapsed,0,0,0,0
sm__ops_path_tensor_src_tf32_dst_fp32_sparsity_off.max.per_second,0,0,0,0
sm__ops_path_tensor_src_tf32_dst_fp32_sparsity_off.min,0,0,0,0
sm__ops_path_tensor_src_tf32_dst_fp32_sparsity_off.min.pct_of_peak_sustained_elapsed [%],0,0,0,0
sm__ops_path_tensor_src_tf32_dst_fp32_sparsity_off.min.peak_sustained,256,256,256,256
sm__ops_path_tensor_src_tf32_dst_fp32_sparsity_off.min.per_cycle_elapsed,0,0,0,0
sm__ops_path_tensor_src_tf32_dst_fp32_sparsity_off.min.per_second,0,0,0,0
sm__ops_path_tensor_src_tf32_dst_fp32_sparsity_off.sum,0,0,0,0
sm__ops_path_tensor_src_tf32_dst_fp32_sparsity_off.sum.pct_of_peak_sustained_elapsed [%],0,0,0,0
sm__ops_path_tensor_src_tf32_dst_fp32_sparsity_off.sum.peak_sustained,"5,120","5,120","5,120","5,120"
sm__ops_path_tensor_src_tf32_dst_fp32_sparsity_off.sum.peak_sustained_elapsed.per_second,"1,08,30,53,88,12,785.39","1,08,17,44,14,41,441.44","1,07,84,07,30,59,360.73","1,07,59,09,27,83,505.15"
sm__ops_path_tensor_src_tf32_dst_fp32_sparsity_off.sum.per_cycle_elapsed,0,0,0,0
sm__ops_path_tensor_src_tf32_dst_fp32_sparsity_off.sum.per_second,0,0,0,0
sm__ops_path_tensor_src_tf32_dst_fp32_sparsity_on.avg,0,0,0,0
sm__ops_path_tensor_src_tf32_dst_fp32_sparsity_on.avg.pct_of_peak_sustained_elapsed [%],0,0,0,0
sm__ops_path_tensor_src_tf32_dst_fp32_sparsity_on.avg.peak_sustained,512,512,512,512
sm__ops_path_tensor_src_tf32_dst_fp32_sparsity_on.avg.per_cycle_elapsed,0,0,0,0
sm__ops_path_tensor_src_tf32_dst_fp32_sparsity_on.avg.per_second,0,0,0,0
sm__ops_path_tensor_src_tf32_dst_fp32_sparsity_on.max,0,0,0,0
sm__ops_path_tensor_src_tf32_dst_fp32_sparsity_on.max.pct_of_peak_sustained_elapsed [%],0,0,0,0
sm__ops_path_tensor_src_tf32_dst_fp32_sparsity_on.max.peak_sustained,512,512,512,512
sm__ops_path_tensor_src_tf32_dst_fp32_sparsity_on.max.per_cycle_elapsed,0,0,0,0
sm__ops_path_tensor_src_tf32_dst_fp32_sparsity_on.max.per_second,0,0,0,0
sm__ops_path_tensor_src_tf32_dst_fp32_sparsity_on.min,0,0,0,0
sm__ops_path_tensor_src_tf32_dst_fp32_sparsity_on.min.pct_of_peak_sustained_elapsed [%],0,0,0,0
sm__ops_path_tensor_src_tf32_dst_fp32_sparsity_on.min.peak_sustained,512,512,512,512
sm__ops_path_tensor_src_tf32_dst_fp32_sparsity_on.min.per_cycle_elapsed,0,0,0,0
sm__ops_path_tensor_src_tf32_dst_fp32_sparsity_on.min.per_second,0,0,0,0
sm__ops_path_tensor_src_tf32_dst_fp32_sparsity_on.sum,0,0,0,0
sm__ops_path_tensor_src_tf32_dst_fp32_sparsity_on.sum.pct_of_peak_sustained_elapsed [%],0,0,0,0
sm__ops_path_tensor_src_tf32_dst_fp32_sparsity_on.sum.peak_sustained,"10,240","10,240","10,240","10,240"
sm__ops_path_tensor_src_tf32_dst_fp32_sparsity_on.sum.peak_sustained_elapsed.per_second,"2,16,61,07,76,25,570.77","2,16,34,88,28,82,882.88","2,15,68,14,61,18,721.46","2,15,18,18,55,67,010.31"
sm__ops_path_tensor_src_tf32_dst_fp32_sparsity_on.sum.per_cycle_elapsed,0,0,0,0
sm__ops_path_tensor_src_tf32_dst_fp32_sparsity_on.sum.per_second,0,0,0,0
sm__pipe_alu_cycles_active.avg.pct_of_peak_sustained_active [%],6.70,6.65,6.74,17.35
sm__pipe_alu_cycles_active.avg.pct_of_peak_sustained_elapsed [%],5.61,5.54,5.64,15.28
sm__pipe_alu_cycles_active.max.pct_of_peak_sustained_active [%],7.08,7.04,7.13,18.35
sm__pipe_alu_cycles_active.max.pct_of_peak_sustained_elapsed [%],5.94,5.86,5.96,16.16
sm__pipe_alu_cycles_active.min.pct_of_peak_sustained_active [%],6.12,6.08,6.48,16.68
sm__pipe_alu_cycles_active.min.pct_of_peak_sustained_elapsed [%],5.13,5.06,5.42,14.69
sm__pipe_alu_cycles_active.sum.pct_of_peak_sustained_active [%],6.70,6.65,6.74,17.35
sm__pipe_alu_cycles_active.sum.pct_of_peak_sustained_elapsed [%],5.61,5.54,5.64,15.28
sm__pipe_fma_cycles_active.avg.pct_of_peak_sustained_active [%],3.35,3.33,3.37,12.16
sm__pipe_fma_cycles_active.avg.pct_of_peak_sustained_elapsed [%],2.81,2.77,2.82,10.71
sm__pipe_fma_cycles_active.max.pct_of_peak_sustained_active [%],3.46,3.49,3.55,12.86
sm__pipe_fma_cycles_active.max.pct_of_peak_sustained_elapsed [%],2.90,2.90,2.97,11.33
sm__pipe_fma_cycles_active.min.pct_of_peak_sustained_active [%],3.20,3.06,3.29,11.69
sm__pipe_fma_cycles_active.min.pct_of_peak_sustained_elapsed [%],2.68,2.55,2.75,10.30
sm__pipe_fma_cycles_active.sum.pct_of_peak_sustained_active [%],3.35,3.33,3.37,12.16
sm__pipe_fma_cycles_active.sum.pct_of_peak_sustained_elapsed [%],2.81,2.77,2.82,10.71
sm__pipe_fmaheavy_cycles_active.avg.pct_of_peak_sustained_elapsed [%],5.61,5.54,5.64,19.62
sm__pipe_fmaheavy_cycles_active.max.pct_of_peak_sustained_elapsed [%],5.80,5.81,5.93,20.78
sm__pipe_fmaheavy_cycles_active.min.pct_of_peak_sustained_elapsed [%],5.37,5.09,5.50,18.85
sm__pipe_fmaheavy_cycles_active.sum.pct_of_peak_sustained_elapsed [%],5.61,5.54,5.64,19.62
sm__pipe_fp64_cycles_active.avg.pct_of_peak_sustained_active [%],0,0,0,0
sm__pipe_fp64_cycles_active.avg.pct_of_peak_sustained_elapsed [%],0,0,0,0
sm__pipe_fp64_cycles_active.max.pct_of_peak_sustained_active [%],0,0,0,0
sm__pipe_fp64_cycles_active.max.pct_of_peak_sustained_elapsed [%],0,0,0,0
sm__pipe_fp64_cycles_active.min.pct_of_peak_sustained_active [%],0,0,0,0
sm__pipe_fp64_cycles_active.min.pct_of_peak_sustained_elapsed [%],0,0,0,0
sm__pipe_fp64_cycles_active.sum.pct_of_peak_sustained_active [%],0,0,0,0
sm__pipe_fp64_cycles_active.sum.pct_of_peak_sustained_elapsed [%],0,0,0,0
sm__pipe_tensor_cycles_active.avg.pct_of_peak_sustained_elapsed [%],0,0,0,3.40
sm__pipe_tensor_cycles_active.max.pct_of_peak_sustained_elapsed [%],0,0,0,3.60
sm__pipe_tensor_cycles_active.min.pct_of_peak_sustained_elapsed [%],0,0,0,3.27
sm__pipe_tensor_cycles_active.sum.pct_of_peak_sustained_elapsed [%],0,0,0,3.40
sm__pipe_tensor_cycles_active_v2.avg.pct_of_peak_sustained_active [%],0,0,0,3.86
sm__pipe_tensor_cycles_active_v2.avg.pct_of_peak_sustained_elapsed [%],0,0,0,3.40
sm__pipe_tensor_cycles_active_v2.max.pct_of_peak_sustained_elapsed [%],0,0,0,3.60
sm__pipe_tensor_cycles_active_v2.min.pct_of_peak_sustained_elapsed [%],0,0,0,3.27
sm__pipe_tensor_cycles_active_v2.sum.pct_of_peak_sustained_elapsed [%],0,0,0,3.40
sm__pipe_tensor_op_hmma_cycles_active_v2.avg.pct_of_peak_sustained_active [%],0,0,0,3.86
sm__pipe_tensor_op_hmma_cycles_active_v2.avg.pct_of_peak_sustained_elapsed [%],0,0,0,3.40
sm__pipe_tensor_op_imma_cycles_active_v2.avg.pct_of_peak_sustained_active [%],0,0,0,0
sm__pipe_tensor_op_imma_cycles_active_v2.avg.pct_of_peak_sustained_elapsed [%],0,0,0,0
sm__sass_inst_executed_op_ldgsts_cache_access.sum [inst],0,0,0,0
sm__sass_inst_executed_op_ldgsts_cache_bypass.sum [inst],0,0,0,0
sm__sass_l1tex_m_xbar2l1tex_read_bytes_mem_global_op_ldgsts_cache_bypass.sum [byte],0,0,0,0
sm__sass_l1tex_m_xbar2l1tex_read_bytes_mem_global_op_ldgsts_cache_bypass.sum.pct_of_peak_sustained_elapsed [%],0,0,0,0
sm__sass_l1tex_m_xbar2l1tex_read_bytes_mem_global_op_ldgsts_cache_bypass.sum.per_second [byte/s],0,0,0,0
sm__sass_l1tex_t_requests_pipe_lsu_mem_global_op_ldgsts.sum,0,0,0,0
sm__sass_l1tex_t_requests_pipe_lsu_mem_global_op_ldgsts.sum.pct_of_peak_sustained_elapsed [%],0,0,0,0
sm__sass_l1tex_t_requests_pipe_lsu_mem_global_op_ldgsts_cache_access.sum,0,0,0,0
sm__sass_l1tex_t_requests_pipe_lsu_mem_global_op_ldgsts_cache_bypass.sum,0,0,0,0
sm__sass_l1tex_t_sectors_pipe_lsu_mem_global_op_ldgsts_cache_access.sum [sector],0,0,0,0
sm__sass_l1tex_t_sectors_pipe_lsu_mem_global_op_ldgsts_cache_access.sum.pct_of_peak_sustained_elapsed [%],0,0,0,0
sm__sass_l1tex_t_sectors_pipe_lsu_mem_global_op_ldgsts_cache_access.sum.per_second [sector/s],0,0,0,0
sm__sass_l1tex_t_sectors_pipe_lsu_mem_global_op_ldgsts_cache_bypass.sum [sector],0,0,0,0
sm__sass_l1tex_t_sectors_pipe_lsu_mem_global_op_ldgsts_cache_bypass.sum.pct_of_peak_sustained_elapsed [%],0,0,0,0
sm__sass_thread_inst_executed_op_dfma_pred_on.avg.peak_sustained [inst/cycle],2,2,2,2
sm__sass_thread_inst_executed_op_dfma_pred_on.max.peak_sustained [inst/cycle],2,2,2,2
sm__sass_thread_inst_executed_op_dfma_pred_on.min.peak_sustained [inst/cycle],2,2,2,2
sm__sass_thread_inst_executed_op_dfma_pred_on.sum.peak_sustained [inst/cycle],40,40,40,40
sm__sass_thread_inst_executed_op_ffma_pred_on.avg.peak_sustained [inst/cycle],128,128,128,128
sm__sass_thread_inst_executed_op_ffma_pred_on.max.peak_sustained [inst/cycle],128,128,128,128
sm__sass_thread_inst_executed_op_ffma_pred_on.min.peak_sustained [inst/cycle],128,128,128,128
sm__sass_thread_inst_executed_op_ffma_pred_on.sum.peak_sustained [inst/cycle],"2,560","2,560","2,560","2,560"
sm__sass_thread_inst_executed_op_hfma_pred_on.avg.peak_sustained [inst/cycle],64,64,64,64
sm__sass_thread_inst_executed_op_hfma_pred_on.max.peak_sustained [inst/cycle],64,64,64,64
sm__sass_thread_inst_executed_op_hfma_pred_on.min.peak_sustained [inst/cycle],64,64,64,64
sm__sass_thread_inst_executed_op_hfma_pred_on.sum.peak_sustained [inst/cycle],"1,280","1,280","1,280","1,280"
sm__throughput.max.pct_of_peak_sustained_elapsed [%],14.25,14.07,14.31,26.31
sm__throughput.min.pct_of_peak_sustained_elapsed [%],12.63,12.47,12.68,23.92
sm__throughput.sum.pct_of_peak_sustained_elapsed [%],13.47,13.30,13.53,24.87
sm__warps_active.avg.pct_of_peak_sustained_active [%],82.80,82.27,82.42,81.46
sm__warps_active.avg.per_cycle_active [warp],39.74,39.49,39.56,39.10
sm__warps_active.max.pct_of_peak_sustained_active [%],85.08,85.86,84.55,88.43
sm__warps_active.max.per_cycle_active [warp],40.84,41.21,40.59,42.45
sm__warps_active.min.pct_of_peak_sustained_active [%],80.47,80.17,79.92,75.25
sm__warps_active.min.per_cycle_active [warp],38.62,38.48,38.36,36.12
sm__warps_active.sum.pct_of_peak_sustained_active [%],82.80,82.27,82.42,81.46
sm__warps_active.sum.per_cycle_active [warp],794.86,789.78,791.25,782.01
smsp__average_warp_latency_per_inst_issued.ratio [cycle],92.27,92.11,92.36,34.14
smsp__average_warps_active_per_inst_executed.ratio [cycle],96.04,95.87,96.13,34.62
smsp__average_warps_issue_stalled_barrier_per_issue_active.ratio [inst],0,0,0,8.04
smsp__average_warps_issue_stalled_branch_resolving_per_issue_active.ratio [inst],0.51,0.51,0.51,0.16
smsp__average_warps_issue_stalled_dispatch_stall_per_issue_active.ratio [inst],0.15,0.15,0.15,0.25
smsp__average_warps_issue_stalled_drain_per_issue_active.ratio [inst],1.40,1.40,1.40,0.57
smsp__average_warps_issue_stalled_imc_miss_per_issue_active.ratio [inst],6.63,6.53,6.42,1.68
smsp__average_warps_issue_stalled_lg_throttle_per_issue_active.ratio [inst],0,0,0,0.36
smsp__average_warps_issue_stalled_long_scoreboard_per_issue_active.ratio [inst],75.05,74.28,75.29,14.77
smsp__average_warps_issue_stalled_math_pipe_throttle_per_issue_active.ratio [inst],0.18,0.18,0.17,0.52
smsp__average_warps_issue_stalled_membar_per_issue_active.ratio [inst],0,0,0,0
smsp__average_warps_issue_stalled_mio_throttle_per_issue_active.ratio [inst],0.05,0.05,0.05,2.02
smsp__average_warps_issue_stalled_misc_per_issue_active.ratio [inst],0.00,0.00,0.00,0.00
smsp__average_warps_issue_stalled_no_instruction_per_issue_active.ratio [inst],2.87,1.59,3.40,0.23
smsp__average_warps_issue_stalled_not_selected_per_issue_active.ratio [inst],0.30,0.30,0.28,0.88
smsp__average_warps_issue_stalled_selected_per_issue_active.ratio [inst],1,1,1,1.00
smsp__average_warps_issue_stalled_short_scoreboard_per_issue_active.ratio [inst],1.69,1.71,1.69,1.66
smsp__average_warps_issue_stalled_sleeping_per_issue_active.ratio [inst],0,0,0,0
smsp__average_warps_issue_stalled_tex_throttle_per_issue_active.ratio [inst],0,0,0,0
smsp__average_warps_issue_stalled_wait_per_issue_active.ratio [inst],3.49,3.48,3.49,2.55
smsp__branch_targets_threads_divergent [branches],0,0,0,416 {14}
smsp__cycles_active.avg [cycle],"12,473.39","12,311.26","12,120.26","17,052.92"
smsp__cycles_active.max [cycle],"12,751","12,696","12,345","17,718"
smsp__cycles_active.min [cycle],"11,895","11,798","11,760","16,544"
smsp__cycles_active.sum [cycle],"9,97,871","9,84,901","9,69,621","13,64,234"
smsp__cycles_elapsed.avg [cycle],"14,824.30","15,009.20","14,760.70","19,568.10"
smsp__cycles_elapsed.avg.per_second [Ghz],2.12,2.11,2.11,2.10
smsp__cycles_elapsed.max [cycle],"14,842","15,026","14,776","19,617"
smsp__cycles_elapsed.max.per_second [Ghz],2.12,2.12,2.11,2.11
smsp__cycles_elapsed.min [cycle],"14,809","14,996","14,748","19,522"
smsp__cycles_elapsed.min.per_second [Ghz],2.11,2.11,2.10,2.10
smsp__cycles_elapsed.sum [cycle],"11,85,944","12,00,736","11,80,856","15,65,448"
smsp__cycles_elapsed.sum.per_second [Ghz],169.23,169.02,168.50,168.11
smsp__imc_request_hit_rate.pct [%],92.79,92.79,92.79,95.60
smsp__imc_requests.sum [cycle],"39,936","39,936","39,936","59,280"
smsp__imc_requests.sum.pct_of_peak_sustained_elapsed [%],3.37,3.33,3.38,3.79
smsp__inst_executed.avg [inst],"1,248","1,248","1,248","4,739.80"
smsp__inst_executed.max [inst],"1,290","1,320","1,320","5,075"
smsp__inst_executed.min [inst],"1,170","1,170","1,170","4,434"
smsp__inst_executed.sum [inst],"99,840","99,840","99,840","3,79,184"
smsp__inst_executed_op_branch.avg [inst],166.40,166.40,166.40,228.80
smsp__inst_executed_op_branch.max [inst],176,172,176,244
smsp__inst_executed_op_branch.min [inst],156,156,156,216
smsp__inst_executed_op_branch.sum [inst],"13,312","13,312","13,312","18,304"
smsp__inst_executed_op_generic_atom_dot_alu.sum [inst],0,0,0,0
smsp__inst_executed_op_generic_atom_dot_alu.sum.pct_of_peak_sustained_elapsed [%],0,0,0,0
smsp__inst_executed_op_generic_atom_dot_cas.sum [inst],0,0,0,0
smsp__inst_executed_op_generic_atom_dot_cas.sum.pct_of_peak_sustained_elapsed [%],0,0,0,0
smsp__inst_executed_op_global_red.sum [inst],0,0,0,0
smsp__inst_executed_op_global_red.sum.pct_of_peak_sustained_elapsed [%],0,0,0,0
smsp__inst_executed_op_ldgsts.sum [inst],0,0,0,0
smsp__inst_executed_op_ldgsts.sum.pct_of_peak_sustained_elapsed [%],0,0,0,0
smsp__inst_executed_op_ldsm.sum [inst],0,0,0,"1,664"
smsp__inst_executed_op_ldsm.sum.pct_of_peak_sustained_elapsed [%],0,0,0,0.11
smsp__inst_executed_op_shared_atom.sum [inst],0,0,0,0
smsp__inst_executed_op_shared_atom.sum.pct_of_peak_sustained_elapsed [%],0,0,0,0
smsp__inst_executed_op_surface_atom_dot_alu.sum [inst],0,0,0,0
smsp__inst_executed_op_surface_atom_dot_alu.sum.pct_of_peak_sustained_elapsed [%],0,0,0,0
smsp__inst_executed_op_surface_atom_dot_cas.sum [inst],0,0,0,0
smsp__inst_executed_op_surface_atom_dot_cas.sum.pct_of_peak_sustained_elapsed [%],0,0,0,0
smsp__inst_executed_op_surface_ld.sum [inst],0,0,0,0
smsp__inst_executed_op_surface_ld.sum.pct_of_peak_sustained_elapsed [%],0,0,0,0
smsp__inst_executed_op_surface_red.sum [inst],0,0,0,0
smsp__inst_executed_op_surface_red.sum.pct_of_peak_sustained_elapsed [%],0,0,0,0
smsp__inst_executed_op_surface_st.sum [inst],0,0,0,0
smsp__inst_executed_op_surface_st.sum.pct_of_peak_sustained_elapsed [%],0,0,0,0
smsp__inst_executed_op_texture.sum [inst],0,0,0,0
smsp__inst_executed_op_texture.sum.pct_of_peak_sustained_elapsed [%],0,0,0,0
smsp__inst_issued.avg [inst],"1,299","1,299","1,299","4,805.85"
smsp__inst_issued.max [inst],"1,341","1,371","1,401","5,147"
smsp__inst_issued.min [inst],"1,251","1,221","1,221","4,495"
smsp__inst_issued.sum [inst],"1,03,920","1,03,920","1,03,920","3,84,468"
smsp__issue_active.avg.pct_of_peak_sustained_active [%],10.41,10.55,10.72,28.18
smsp__issue_active.avg.per_cycle_active,0.10,0.11,0.11,0.28
smsp__issue_active.max.pct_of_peak_sustained_active [%],10.75,11.14,11.56,30.18
smsp__issue_active.max.per_cycle_active,0.11,0.11,0.12,0.30
smsp__issue_active.min.pct_of_peak_sustained_active [%],10.03,9.92,10.07,26.36
smsp__issue_active.min.per_cycle_active,0.10,0.10,0.10,0.26
smsp__issue_active.sum.pct_of_peak_sustained_active [%],10.41,10.55,10.72,28.18
smsp__issue_active.sum.per_cycle_active,8.33,8.44,8.57,22.55
smsp__issue_inst0.avg.pct_of_peak_sustained_active [%],89.59,89.45,89.28,71.82
smsp__issue_inst0.max.pct_of_peak_sustained_active [%],91.47,91.99,90.30,73.72
smsp__issue_inst0.min.pct_of_peak_sustained_active [%],85.33,85.91,86.95,70.66
smsp__issue_inst0.sum.pct_of_peak_sustained_active [%],89.59,89.45,89.28,71.82
smsp__maximum_warps_avg_per_active_cycle [warp],12,12,12,12
smsp__pcsamp_aggregated_passes [pass],2,2,2,2
smsp__pcsamp_buffer_overflow,0,0,0,0
smsp__pcsamp_buffer_size_bytes [Mbyte],33.55,33.55,33.55,33.55
smsp__pcsamp_dropped_bytes [byte],0,0,0,0
smsp__pcsamp_interval,5,5,5,5
smsp__pcsamp_interval_cycles [cycle],"1,024","1,024","1,024","1,024"
smsp__pcsamp_sample_count,260 {12},243 {9},247 {12},339 {68}
smsp__pcsamp_warps_issue_stalled_barrier [warp],0 {12},0 {9},0 {12},68 {68}
smsp__pcsamp_warps_issue_stalled_barrier_not_issued [warp],0 {12},0 {9},0 {12},57 {68}
smsp__pcsamp_warps_issue_stalled_branch_resolving [branches],1 {12},1 {9},0 {12},0 {68}
smsp__pcsamp_warps_issue_stalled_branch_resolving_not_issued [branches],1 {12},1 {9},0 {12},0 {68}
smsp__pcsamp_warps_issue_stalled_dispatch_stall [warp],1 {12},0 {9},0 {12},0 {68}
smsp__pcsamp_warps_issue_stalled_dispatch_stall_not_issued [warp],0 {12},0 {9},0 {12},0 {68}
smsp__pcsamp_warps_issue_stalled_drain [warp],2 {12},6 {9},7 {12},27 {68}
smsp__pcsamp_warps_issue_stalled_drain_not_issued [warp],2 {12},5 {9},7 {12},22 {68}
smsp__pcsamp_warps_issue_stalled_imc_miss [warp],22 {12},17 {9},9 {12},19 {68}
smsp__pcsamp_warps_issue_stalled_imc_miss_not_issued [warp],20 {12},17 {9},7 {12},16 {68}
smsp__pcsamp_warps_issue_stalled_lg_throttle [warp],0 {12},0 {9},0 {12},3 {68}
smsp__pcsamp_warps_issue_stalled_lg_throttle_not_issued [warp],0 {12},0 {9},0 {12},2 {68}
smsp__pcsamp_warps_issue_stalled_long_scoreboard [warp],212 {12},199 {9},201 {12},141 {68}
smsp__pcsamp_warps_issue_stalled_long_scoreboard_not_issued [warp],198 {12},180 {9},176 {12},101 {68}
smsp__pcsamp_warps_issue_stalled_math_pipe_throttle [warp],0 {12},0 {9},0 {12},7 {68}
smsp__pcsamp_warps_issue_stalled_math_pipe_throttle_not_issued [warp],0 {12},0 {9},0 {12},3 {68}
smsp__pcsamp_warps_issue_stalled_membar [warp],0 {12},0 {9},0 {12},0 {68}
smsp__pcsamp_warps_issue_stalled_membar_not_issued [warp],0 {12},0 {9},0 {12},0 {68}
smsp__pcsamp_warps_issue_stalled_mio_throttle [warp],0 {12},0 {9},0 {12},7 {68}
smsp__pcsamp_warps_issue_stalled_mio_throttle_not_issued [warp],0 {12},0 {9},0 {12},6 {68}
smsp__pcsamp_warps_issue_stalled_misc [warp],0 {12},0 {9},0 {12},0 {68}
smsp__pcsamp_warps_issue_stalled_misc_not_issued [warp],0 {12},0 {9},0 {12},0 {68}
smsp__pcsamp_warps_issue_stalled_no_instructions [inst],7 {12},2 {9},10 {12},2 {68}
smsp__pcsamp_warps_issue_stalled_no_instructions_not_issued [inst],6 {12},0 {9},8 {12},1 {68}
smsp__pcsamp_warps_issue_stalled_not_selected [warp],1 {12},0 {9},0 {12},12 {68}
smsp__pcsamp_warps_issue_stalled_not_selected_not_issued [warp],0 {12},0 {9},0 {12},0 {68}
smsp__pcsamp_warps_issue_stalled_selected [warp],1 {12},0 {9},2 {12},8 {68}
smsp__pcsamp_warps_issue_stalled_selected_not_issued [warp],0 {12},0 {9},0 {12},0 {68}
smsp__pcsamp_warps_issue_stalled_short_scoreboard [warp],4 {12},4 {9},5 {12},19 {68}
smsp__pcsamp_warps_issue_stalled_short_scoreboard_not_issued [warp],3 {12},2 {9},3 {12},16 {68}
smsp__pcsamp_warps_issue_stalled_sleeping [warp],0 {12},0 {9},0 {12},0 {68}
smsp__pcsamp_warps_issue_stalled_sleeping_not_issued [warp],0 {12},0 {9},0 {12},0 {68}
smsp__pcsamp_warps_issue_stalled_tex_throttle [warp],0 {12},0 {9},0 {12},0 {68}
smsp__pcsamp_warps_issue_stalled_tex_throttle_not_issued [warp],0 {12},0 {9},0 {12},0 {68}
smsp__pcsamp_warps_issue_stalled_wait [warp],9 {12},14 {9},13 {12},26 {68}
smsp__pcsamp_warps_issue_stalled_wait_not_issued [warp],6 {12},10 {9},9 {12},16 {68}
smsp__sass_average_branch_targets_threads_uniform.pct [%],0,0,0,96.67
smsp__sass_average_data_bytes_per_sector_mem_global_op_ld.max_rate [byte/sector],32,32,32,32
smsp__sass_average_data_bytes_per_sector_mem_global_op_ld.ratio [byte/sector],32,32,32,18.48
smsp__sass_average_data_bytes_per_sector_mem_global_op_st.max_rate [byte/sector],32,32,32,32
smsp__sass_average_data_bytes_per_sector_mem_global_op_st.ratio [byte/sector],32,32,32,32
smsp__sass_average_data_bytes_per_sector_mem_local_op_ld.max_rate [byte/sector],32,32,32,32
smsp__sass_average_data_bytes_per_sector_mem_local_op_ld.ratio [byte/sector],0,0,0,0
smsp__sass_average_data_bytes_per_sector_mem_local_op_st.max_rate [byte/sector],32,32,32,32
smsp__sass_average_data_bytes_per_sector_mem_local_op_st.ratio [byte/sector],0,0,0,0
smsp__sass_branch_targets_threads_divergent.avg [branches],0,0,0,5.20
smsp__sass_branch_targets_threads_divergent.max [branches],0,0,0,6
smsp__sass_branch_targets_threads_divergent.min [branches],0,0,0,4
smsp__sass_branch_targets_threads_divergent.sum [branches],0,0,0,416
smsp__sass_inst_executed_memdesc_explicit_evict_type,0 {2},0 {2},0 {2},0 {41}
smsp__sass_inst_executed_memdesc_explicit_hitprop_evict_first [inst],0 {2},0 {2},0 {2},0 {41}
smsp__sass_inst_executed_memdesc_explicit_hitprop_evict_last [inst],0 {2},0 {2},0 {2},0 {41}
smsp__sass_inst_executed_memdesc_explicit_hitprop_evict_normal [inst],0 {2},0 {2},0 {2},0 {41}
smsp__sass_inst_executed_memdesc_explicit_hitprop_evict_normal_demote [inst],0 {2},0 {2},0 {2},0 {41}
smsp__sass_inst_executed_memdesc_explicit_missprop_evict_first [inst],0 {2},0 {2},0 {2},0 {41}
smsp__sass_inst_executed_memdesc_explicit_missprop_evict_normal [inst],0 {2},0 {2},0 {2},0 {41}
smsp__sass_inst_executed_op_global_ld.sum [inst],"6,656","6,656","6,656","16,640"
smsp__sass_inst_executed_op_global_st.sum [inst],"6,656","6,656","6,656","3,328"
smsp__sass_inst_executed_op_local_ld.sum [inst],0,0,0,0
smsp__sass_inst_executed_op_local_st.sum [inst],0,0,0,0
smsp__sass_inst_executed_op_shared_ld.sum [inst],0,0,0,"4,784"
smsp__sass_inst_executed_op_shared_st.sum [inst],0,0,0,"9,568"
smsp__sass_l1tex_data_bank_conflicts_pipe_lsu_mem_shared_op_ldgsts.sum,0,0,0,0
smsp__sass_l1tex_data_bank_conflicts_pipe_lsu_mem_shared_op_st.sum,0,0,0,"4,160"
smsp__sass_l1tex_data_pipe_lsu_wavefronts_mem_shared_op_ldgsts.sum,0,0,0,0
smsp__sass_l1tex_data_pipe_lsu_wavefronts_mem_shared_op_ldgsts.sum.pct_of_peak_sustained_elapsed [%],0,0,0,0
smsp__sass_l1tex_data_pipe_lsu_wavefronts_mem_shared_op_ldgsts_cache_access.sum,0,0,0,0
smsp__sass_l1tex_data_pipe_lsu_wavefronts_mem_shared_op_ldgsts_cache_access.sum.pct_of_peak_sustained_elapsed [%],0,0,0,0
smsp__sass_l1tex_data_pipe_lsu_wavefronts_mem_shared_op_st.sum,0,0,0,"14,560"
smsp__sass_l1tex_data_pipe_lsu_wavefronts_mem_shared_op_st.sum.pct_of_peak_sustained_elapsed [%],0,0,0,0.93
smsp__sass_l1tex_m_xbar2l1tex_read_sectors_mem_global_op_ldgsts_cache_bypass.sum [sector],0,0,0,0
smsp__sass_l1tex_m_xbar2l1tex_read_sectors_mem_global_op_ldgsts_cache_bypass.sum.pct_of_peak_sustained_elapsed [%],0,0,0,0
smsp__sass_thread_inst_executed_op_dadd_pred_on.avg.per_cycle_elapsed [inst/cycle],0,0,0,0
smsp__sass_thread_inst_executed_op_dadd_pred_on.max.per_cycle_elapsed [inst/cycle],0,0,0,0
smsp__sass_thread_inst_executed_op_dadd_pred_on.min.per_cycle_elapsed [inst/cycle],0,0,0,0
smsp__sass_thread_inst_executed_op_dadd_pred_on.sum.per_cycle_elapsed [inst/cycle],0,0,0,0
smsp__sass_thread_inst_executed_op_dfma_pred_on.avg.per_cycle_elapsed [inst/cycle],0,0,0,0
smsp__sass_thread_inst_executed_op_dfma_pred_on.max.per_cycle_elapsed [inst/cycle],0,0,0,0
smsp__sass_thread_inst_executed_op_dfma_pred_on.min.per_cycle_elapsed [inst/cycle],0,0,0,0
smsp__sass_thread_inst_executed_op_dfma_pred_on.sum.per_cycle_elapsed [inst/cycle],0,0,0,0
smsp__sass_thread_inst_executed_op_dmul_pred_on.avg.per_cycle_elapsed [inst/cycle],0,0,0,0
smsp__sass_thread_inst_executed_op_dmul_pred_on.max.per_cycle_elapsed [inst/cycle],0,0,0,0
smsp__sass_thread_inst_executed_op_dmul_pred_on.min.per_cycle_elapsed [inst/cycle],0,0,0,0
smsp__sass_thread_inst_executed_op_dmul_pred_on.sum.per_cycle_elapsed [inst/cycle],0,0,0,0
smsp__sass_thread_inst_executed_op_fadd_pred_on.avg.per_cycle_elapsed [inst/cycle],0,0,0,0.07
smsp__sass_thread_inst_executed_op_fadd_pred_on.max.per_cycle_elapsed [inst/cycle],0,0,0,0.08
smsp__sass_thread_inst_executed_op_fadd_pred_on.min.per_cycle_elapsed [inst/cycle],0,0,0,0.05
smsp__sass_thread_inst_executed_op_fadd_pred_on.sum.per_cycle_elapsed [inst/cycle],0,0,0,5.61
smsp__sass_thread_inst_executed_op_ffma_pred_on.avg.per_cycle_elapsed [inst/cycle],0,0,0,0.00
smsp__sass_thread_inst_executed_op_ffma_pred_on.max.per_cycle_elapsed [inst/cycle],0,0,0,0.00
smsp__sass_thread_inst_executed_op_ffma_pred_on.min.per_cycle_elapsed [inst/cycle],0,0,0,0.00
smsp__sass_thread_inst_executed_op_ffma_pred_on.sum.per_cycle_elapsed [inst/cycle],0,0,0,0.17
smsp__sass_thread_inst_executed_op_fmul_pred_on.avg.per_cycle_elapsed [inst/cycle],0,0,0,0.31
smsp__sass_thread_inst_executed_op_fmul_pred_on.max.per_cycle_elapsed [inst/cycle],0,0,0,0.33
smsp__sass_thread_inst_executed_op_fmul_pred_on.min.per_cycle_elapsed [inst/cycle],0,0,0,0.29
smsp__sass_thread_inst_executed_op_fmul_pred_on.sum.per_cycle_elapsed [inst/cycle],0,0,0,24.66
smsp__sass_thread_inst_executed_op_hadd_pred_on.avg.per_cycle_elapsed [inst/cycle],0,0,0,0
smsp__sass_thread_inst_executed_op_hadd_pred_on.max.per_cycle_elapsed [inst/cycle],0,0,0,0
smsp__sass_thread_inst_executed_op_hadd_pred_on.min.per_cycle_elapsed [inst/cycle],0,0,0,0
smsp__sass_thread_inst_executed_op_hadd_pred_on.sum.per_cycle_elapsed [inst/cycle],0,0,0,0
smsp__sass_thread_inst_executed_op_hfma_pred_on.avg.per_cycle_elapsed [inst/cycle],0,0,0,0
smsp__sass_thread_inst_executed_op_hfma_pred_on.max.per_cycle_elapsed [inst/cycle],0,0,0,0
smsp__sass_thread_inst_executed_op_hfma_pred_on.min.per_cycle_elapsed [inst/cycle],0,0,0,0
smsp__sass_thread_inst_executed_op_hfma_pred_on.sum.per_cycle_elapsed [inst/cycle],0,0,0,0
smsp__sass_thread_inst_executed_op_hmul_pred_on.avg.per_cycle_elapsed [inst/cycle],0,0,0,0
smsp__sass_thread_inst_executed_op_hmul_pred_on.max.per_cycle_elapsed [inst/cycle],0,0,0,0
smsp__sass_thread_inst_executed_op_hmul_pred_on.min.per_cycle_elapsed [inst/cycle],0,0,0,0
smsp__sass_thread_inst_executed_op_hmul_pred_on.sum.per_cycle_elapsed [inst/cycle],0,0,0,0
smsp__thread_inst_executed_per_inst_executed.ratio,32,32,32,30.89
smsp__thread_inst_executed_pred_on_per_inst_executed.ratio,29.87,29.87,29.87,28.10
smsp__warps_active.avg.peak_sustained [warp],12,12,12,12
smsp__warps_active.avg.per_cycle_active [warp],9.61,9.72,9.90,9.62
smsp__warps_active.max.peak_sustained [warp],12,12,12,12
smsp__warps_active.max.per_cycle_active [warp],9.96,10.16,10.25,10.52
smsp__warps_active.min.peak_sustained [warp],12,12,12,12
smsp__warps_active.min.per_cycle_active [warp],9.19,9.19,9.54,9.02
smsp__warps_active.sum.peak_sustained [warp],960,960,960,960
smsp__warps_active.sum.per_cycle_active [warp],768.71,777.49,791.90,769.76
smsp__warps_eligible.avg.per_cycle_active [warp],0.14,0.14,0.14,0.52
smsp__warps_eligible.max.per_cycle_active [warp],0.15,0.15,0.15,0.63
smsp__warps_eligible.min.per_cycle_active [warp],0.13,0.13,0.13,0.45
smsp__warps_eligible.sum.per_cycle_active [warp],10.86,10.89,11.13,41.83
thread_inst_executed [inst],"31,94,880 {15}","31,94,880 {15}","31,94,880 {15}","1,17,11,232 {524}"
thread_inst_executed_true [inst],"29,81,888 {15}","29,81,888 {15}","29,81,888 {15}","1,06,55,840 {524}"
warpsampling:smsp__pcsamp_samples_data_dropped [sample],0 {427},0 {506},0 {620},0 {630}
warpsampling:smsp__pcsamp_warps_issue_stalled_barrier [warp],0 {427},0 {506},0 {620},280 {630}
warpsampling:smsp__pcsamp_warps_issue_stalled_branch_resolving [branches],9 {427},3 {506},6 {620},6 {630}
warpsampling:smsp__pcsamp_warps_issue_stalled_dispatch_stall [warp],0 {427},5 {506},1 {620},8 {630}
warpsampling:smsp__pcsamp_warps_issue_stalled_drain [warp],19 {427},23 {506},20 {620},41 {630}
warpsampling:smsp__pcsamp_warps_issue_stalled_imc_miss [warp],28 {427},12 {506},16 {620},18 {630}
warpsampling:smsp__pcsamp_warps_issue_stalled_lg_throttle [warp],0 {427},0 {506},0 {620},19 {630}
warpsampling:smsp__pcsamp_warps_issue_stalled_long_scoreboard [warp],764 {427},787 {506},780 {620},552 {630}
warpsampling:smsp__pcsamp_warps_issue_stalled_math_pipe_throttle [warp],1 {427},0 {506},0 {620},18 {630}
warpsampling:smsp__pcsamp_warps_issue_stalled_membar [warp],0 {427},0 {506},0 {620},0 {630}
warpsampling:smsp__pcsamp_warps_issue_stalled_mio_throttle [warp],0 {427},0 {506},0 {620},57 {630}
warpsampling:smsp__pcsamp_warps_issue_stalled_misc [warp],0 {427},0 {506},0 {620},0 {630}
warpsampling:smsp__pcsamp_warps_issue_stalled_no_instructions [inst],2 {427},8 {506},6 {620},2 {630}
warpsampling:smsp__pcsamp_warps_issue_stalled_not_selected [warp],0 {427},2 {506},0 {620},26 {630}
warpsampling:smsp__pcsamp_warps_issue_stalled_selected [warp],8 {427},10 {506},8 {620},45 {630}
warpsampling:smsp__pcsamp_warps_issue_stalled_short_scoreboard [warp],15 {427},16 {506},9 {620},68 {630}
warpsampling:smsp__pcsamp_warps_issue_stalled_sleeping [warp],0 {427},0 {506},0 {620},0 {630}
warpsampling:smsp__pcsamp_warps_issue_stalled_tex_throttle [warp],0 {427},0 {506},0 {620},0 {630}
warpsampling:smsp__pcsamp_warps_issue_stalled_wait [warp],42 {427},34 {506},38 {620},102 {630}
